Date,Adj Close,Close,High,Low,Open,Volume
1994-04-04,2.226926565170288,3.5833330154418945,3.625,3.5833330154418945,3.625,4800
1994-04-05,2.2334015369415283,3.59375,3.625,3.59375,3.625,21600
1994-04-06,2.226926565170288,3.5833330154418945,3.5833330154418945,3.5833330154418945,3.5833330154418945,7200
1994-04-07,2.2528228759765625,3.625,3.625,3.5833330154418945,3.5833330154418945,26400
1994-04-08,2.226926565170288,3.5833330154418945,3.5833330154418945,3.5833330154418945,3.5833330154418945,2400
1994-04-11,2.226926565170288,3.5833330154418945,3.625,3.5833330154418945,3.625,12000
1994-04-12,2.2528228759765625,3.625,3.625,3.5833330154418945,3.5833330154418945,24000
1994-04-13,2.2657694816589355,3.6458330154418945,3.6458330154418945,3.6458330154418945,3.6458330154418945,2400
1994-04-14,2.226926565170288,3.5833330154418945,3.5833330154418945,3.5833330154418945,3.5833330154418945,4800
1994-04-15,2.2334015369415283,3.59375,3.625,3.5833330154418945,3.5833330154418945,21600
1994-04-18,2.226926565170288,3.5833330154418945,3.5833330154418945,3.5833330154418945,3.5833330154418945,9600
1994-04-19,2.226926565170288,3.5833330154418945,3.5833330154418945,3.5833330154418945,3.5833330154418945,4800
1994-04-20,2.226926565170288,3.5833330154418945,3.59375,3.5833330154418945,3.5833330154418945,45600
1994-04-21,2.226926565170288,3.5833330154418945,3.5833330154418945,3.5833330154418945,3.5833330154418945,2400
1994-04-22,2.226926565170288,3.5833330154418945,3.5833330154418945,3.5833330154418945,3.5833330154418945,0
1994-04-25,2.226926565170288,3.5833330154418945,3.5833330154418945,3.5833330154418945,3.5833330154418945,0
1994-04-26,2.226926565170288,3.5833330154418945,3.5833330154418945,3.5833330154418945,3.5833330154418945,0
1994-04-28,2.2334015369415283,3.59375,3.59375,3.59375,3.59375,2400
1994-04-29,2.2334015369415283,3.59375,3.59375,3.59375,3.59375,0
1994-05-02,2.2334015369415283,3.59375,3.59375,3.59375,3.59375,0
1994-05-03,2.226926565170288,3.5833330154418945,3.5833330154418945,3.5833330154418945,3.5833330154418945,2400
1994-05-04,2.2463479042053223,3.6145830154418945,3.6145830154418945,3.6145830154418945,3.6145830154418945,7200
1994-05-05,2.2463479042053223,3.6145830154418945,3.6145830154418945,3.6145830154418945,3.6145830154418945,0
1994-05-06,2.2334015369415283,3.59375,3.59375,3.5833330154418945,3.5833330154418945,52800
1994-05-09,2.2250258922576904,3.5416669845581055,3.5416669845581055,3.5416669845581055,3.5416669845581055,2400
1994-05-10,2.2250258922576904,3.5416669845581055,3.5416669845581055,3.5416669845581055,3.5416669845581055,2400
1994-05-11,2.2250258922576904,3.5416669845581055,3.5416669845581055,3.5416669845581055,3.5416669845581055,2400
1994-05-12,2.2250258922576904,3.5416669845581055,3.5416669845581055,3.5416669845581055,3.5416669845581055,0
1994-05-13,2.2250258922576904,3.5416669845581055,3.546875,3.5416669845581055,3.5416669845581055,28800
1994-05-16,2.2250258922576904,3.5416669845581055,3.5625,3.5416669845581055,3.5416669845581055,40800
1994-05-17,2.2381134033203125,3.5625,3.5625,3.5416669845581055,3.5416669845581055,84000
1994-05-18,2.2250258922576904,3.5416669845581055,3.5416669845581055,3.5416669845581055,3.5416669845581055,7200
1994-05-19,2.2250258922576904,3.5416669845581055,3.5416669845581055,3.5416669845581055,3.5416669845581055,0
1994-05-20,2.2250258922576904,3.5416669845581055,3.5416669845581055,3.5416669845581055,3.5416669845581055,0
1994-05-23,2.2250258922576904,3.5416669845581055,3.5416669845581055,3.5416669845581055,3.5416669845581055,2400
1994-05-24,2.2315690517425537,3.5520830154418945,3.5520830154418945,3.5520830154418945,3.5520830154418945,28800
1994-05-25,2.2512013912200928,3.5833330154418945,3.5833330154418945,3.5625,3.5625,57600
1994-05-26,2.2250258922576904,3.5416669845581055,3.5416669845581055,3.5416669845581055,3.5416669845581055,4800
1994-05-27,2.2250258922576904,3.5416669845581055,3.5625,3.5416669845581055,3.5416669845581055,14400
1994-05-31,2.2381134033203125,3.5625,3.5625,3.5416669845581055,3.5520830154418945,74400
1994-06-01,2.2250258922576904,3.5416669845581055,3.5416669845581055,3.5416669845581055,3.5416669845581055,2400
1994-06-02,2.2250258922576904,3.5416669845581055,3.5416669845581055,3.5416669845581055,3.5416669845581055,0
1994-06-03,2.2250258922576904,3.5416669845581055,3.5416669845581055,3.5416669845581055,3.5416669845581055,0
1994-06-06,2.2250258922576904,3.5416669845581055,3.5729169845581055,3.5416669845581055,3.5520830154418945,48000
1994-06-07,2.2315690517425537,3.5520830154418945,3.5520830154418945,3.5520830154418945,3.5520830154418945,4800
1994-06-08,2.2381134033203125,3.5625,3.5625,3.5520830154418945,3.5520830154418945,26400
1994-06-09,2.198847532272339,3.5,3.5625,3.5,3.5416669845581055,105600
1994-06-10,2.2250258922576904,3.5416669845581055,3.5416669845581055,3.5416669845581055,3.5416669845581055,7200
1994-06-13,2.2119364738464355,3.5208330154418945,3.5208330154418945,3.5,3.5,45600
1994-06-14,2.2119364738464355,3.5208330154418945,3.5208330154418945,3.5,3.5,220800
1994-06-15,2.2119364738464355,3.5208330154418945,3.5208330154418945,3.5,3.5208330154418945,57600
1994-06-16,2.2381134033203125,3.5625,3.5625,3.5625,3.5625,2400
1994-06-17,2.198847532272339,3.5,3.5,3.5,3.5,2400
1994-06-20,2.198847532272339,3.5,3.5,3.5,3.5,0
1994-06-21,2.2119364738464355,3.5208330154418945,3.5208330154418945,3.5,3.5,50400
1994-06-22,2.2119364738464355,3.5208330154418945,3.5625,3.5,3.5625,38400
1994-06-23,2.2119364738464355,3.5208330154418945,3.5208330154418945,3.5208330154418945,3.5208330154418945,0
1994-06-24,2.198847532272339,3.5,3.5,3.5,3.5,4800
1994-06-27,2.2250258922576904,3.5416669845581055,3.5416669845581055,3.5416669845581055,3.5416669845581055,2400
1994-06-28,2.198847532272339,3.5,3.5416669845581055,3.5,3.5416669845581055,64800
1994-06-29,2.2053921222686768,3.5104169845581055,3.5104169845581055,3.5104169845581055,3.5104169845581055,9600
1994-06-30,2.2053921222686768,3.5104169845581055,3.5520830154418945,3.5104169845581055,3.5416669845581055,36000
1994-07-01,2.2119364738464355,3.5208330154418945,3.5416669845581055,3.5104169845581055,3.5416669845581055,28800
1994-07-05,2.2119364738464355,3.5208330154418945,3.5208330154418945,3.5208330154418945,3.5208330154418945,4800
1994-07-06,2.2119364738464355,3.5208330154418945,3.5208330154418945,3.5208330154418945,3.5208330154418945,0
1994-07-07,2.2119364738464355,3.5208330154418945,3.5208330154418945,3.5104169845581055,3.5104169845581055,33600
1994-07-08,2.2053921222686768,3.5104169845581055,3.5104169845581055,3.5104169845581055,3.5104169845581055,7200
1994-07-11,2.2021214962005615,3.5052080154418945,3.515625,3.5052080154418945,3.5052080154418945,79200
1994-07-12,2.185760736465454,3.4791669845581055,3.4791669845581055,3.4791669845581055,3.4791669845581055,4800
1994-07-13,2.185760736465454,3.4791669845581055,3.4791669845581055,3.4791669845581055,3.4791669845581055,0
1994-07-14,2.185760736465454,3.4791669845581055,3.5208330154418945,3.4791669845581055,3.4791669845581055,14400
1994-07-15,2.185760736465454,3.4791669845581055,3.4791669845581055,3.4791669845581055,3.4791669845581055,0
1994-07-18,2.185760736465454,3.4791669845581055,3.4791669845581055,3.4791669845581055,3.4791669845581055,0
1994-07-19,2.185760736465454,3.4791669845581055,3.4791669845581055,3.4791669845581055,3.4791669845581055,4800
1994-07-20,2.185760736465454,3.4791669845581055,3.4791669845581055,3.4791669845581055,3.4791669845581055,4800
1994-07-21,2.185760736465454,3.4791669845581055,3.4791669845581055,3.4791669845581055,3.4791669845581055,0
1994-07-22,2.198847532272339,3.5,3.5,3.5,3.5,9600
1994-07-25,2.198847532272339,3.5,3.5,3.5,3.5,0
1994-07-26,2.185760736465454,3.4791669845581055,3.4791669845581055,3.4791669845581055,3.4791669845581055,9600
1994-07-27,2.19230318069458,3.4895830154418945,3.5,3.4791669845581055,3.4791669845581055,120000
1994-07-28,2.185760736465454,3.4791669845581055,3.4791669845581055,3.4791669845581055,3.4791669845581055,7200
1994-07-29,2.19230318069458,3.4895830154418945,3.4895830154418945,3.4895830154418945,3.4895830154418945,9600
1994-08-01,2.19230318069458,3.4895830154418945,3.4895830154418945,3.4895830154418945,3.4895830154418945,0
1994-08-02,2.19230318069458,3.4895830154418945,3.4895830154418945,3.4791669845581055,3.4791669845581055,14400
1994-08-03,2.185760736465454,3.4791669845581055,3.4791669845581055,3.4791669845581055,3.4791669845581055,9600
1994-08-04,2.185760736465454,3.4791669845581055,3.4791669845581055,3.4791669845581055,3.4791669845581055,24000
1994-08-05,2.198847532272339,3.5,3.5,3.4791669845581055,3.4791669845581055,12000
1994-08-08,2.223464012145996,3.5,3.5,3.5,3.5,0
1994-08-09,2.2168467044830322,3.4895830154418945,3.4895830154418945,3.4791669845581055,3.4791669845581055,43200
1994-08-10,2.2168467044830322,3.4895830154418945,3.4895830154418945,3.4791669845581055,3.4791669845581055,14400
1994-08-11,2.2135400772094727,3.484375,3.5,3.4791669845581055,3.5,33600
1994-08-12,2.210231065750122,3.4791669845581055,3.4791669845581055,3.4791669845581055,3.4791669845581055,2400
1994-08-15,2.210231065750122,3.4791669845581055,3.4791669845581055,3.4791669845581055,3.4791669845581055,4800
1994-08-16,2.210231065750122,3.4791669845581055,3.4791669845581055,3.4791669845581055,3.4791669845581055,21600
1994-08-17,2.210231065750122,3.4791669845581055,3.5,3.4791669845581055,3.5,12000
1994-08-18,2.210231065750122,3.4791669845581055,3.4791669845581055,3.4791669845581055,3.4791669845581055,2400
1994-08-19,2.223464012145996,3.5,3.5,3.5,3.5,7200
1994-08-22,2.210231065750122,3.4791669845581055,3.4791669845581055,3.4791669845581055,3.4791669845581055,12000
1994-08-23,2.210231065750122,3.4791669845581055,3.4791669845581055,3.4791669845581055,3.4791669845581055,16800
1994-08-24,2.210231065750122,3.4791669845581055,3.4791669845581055,3.4791669845581055,3.4791669845581055,0
1994-08-25,2.210231065750122,3.4791669845581055,3.4791669845581055,3.4791669845581055,3.4791669845581055,0
1994-08-26,2.210231065750122,3.4791669845581055,3.4791669845581055,3.4791669845581055,3.4791669845581055,0
1994-08-29,2.210231065750122,3.4791669845581055,3.4791669845581055,3.4791669845581055,3.4791669845581055,0
1994-08-30,2.210231065750122,3.4791669845581055,3.4791669845581055,3.4791669845581055,3.4791669845581055,9600
1994-08-31,2.210231065750122,3.4791669845581055,3.4895830154418945,3.4791669845581055,3.4895830154418945,21600
1994-09-01,2.210231065750122,3.4791669845581055,3.4791669845581055,3.4791669845581055,3.4791669845581055,2400
1994-09-02,2.210231065750122,3.4791669845581055,3.4791669845581055,3.4791669845581055,3.4791669845581055,4800
1994-09-06,2.2367000579833984,3.5208330154418945,3.5208330154418945,3.5208330154418945,3.5208330154418945,2400
1994-09-07,2.210231065750122,3.4791669845581055,3.5,3.4791669845581055,3.5,26400
1994-09-08,2.210231065750122,3.4791669845581055,3.5104169845581055,3.4791669845581055,3.5104169845581055,4800
1994-09-09,2.210231065750122,3.4791669845581055,3.4791669845581055,3.4791669845581055,3.4791669845581055,2400
1994-09-12,2.210231065750122,3.4791669845581055,3.484375,3.4791669845581055,3.4791669845581055,21600
1994-09-13,2.210231065750122,3.4791669845581055,3.4791669845581055,3.4791669845581055,3.4791669845581055,14400
1994-09-14,2.210231065750122,3.4791669845581055,3.4791669845581055,3.4791669845581055,3.4791669845581055,0
1994-09-15,2.210231065750122,3.4791669845581055,3.4895830154418945,3.4791669845581055,3.4791669845581055,26400
1994-09-16,2.210231065750122,3.4791669845581055,3.4791669845581055,3.4791669845581055,3.4791669845581055,0
1994-09-19,2.210231065750122,3.4791669845581055,3.4791669845581055,3.4791669845581055,3.4791669845581055,2400
1994-09-20,2.210231065750122,3.4791669845581055,3.4895830154418945,3.4791669845581055,3.4791669845581055,249600
1994-09-21,2.210231065750122,3.4791669845581055,3.4791669845581055,3.4791669845581055,3.4791669845581055,0
1994-09-22,2.210231065750122,3.4791669845581055,3.4791669845581055,3.4791669845581055,3.4791669845581055,14400
1994-09-23,2.2168467044830322,3.4895830154418945,3.4895830154418945,3.4791669845581055,3.4791669845581055,312000
1994-09-26,2.210231065750122,3.4791669845581055,3.4791669845581055,3.4583330154418945,3.4583330154418945,141600
1994-09-27,2.2036118507385254,3.46875,3.46875,3.46875,3.46875,4800
1994-09-28,2.210231065750122,3.4791669845581055,3.4791669845581055,3.4583330154418945,3.4791669845581055,74400
1994-09-29,2.1969943046569824,3.4583330154418945,3.4583330154418945,3.4583330154418945,3.4583330154418945,28800
1994-09-30,2.210231065750122,3.4791669845581055,3.4791669845581055,3.4791669845581055,3.4791669845581055,12000
1994-10-03,2.1969943046569824,3.4583330154418945,3.46875,3.4583330154418945,3.4583330154418945,93600
1994-10-04,2.1969943046569824,3.4583330154418945,3.4583330154418945,3.4583330154418945,3.4583330154418945,0
1994-10-05,2.1837611198425293,3.4375,3.4583330154418945,3.4375,3.4375,43200
1994-10-06,2.1837611198425293,3.4375,3.4375,3.4375,3.4375,0
1994-10-07,2.1837611198425293,3.4375,3.4375,3.4375,3.4375,0
1994-10-10,2.1837611198425293,3.4375,3.4375,3.4375,3.4375,7200
1994-10-11,2.1837611198425293,3.4375,3.4375,3.4375,3.4375,2400
1994-10-12,2.1837611198425293,3.4375,3.4375,3.4375,3.4375,24000
1994-10-13,2.1705245971679688,3.4166669845581055,3.4375,3.4166669845581055,3.4375,26400
1994-10-14,2.1705245971679688,3.4166669845581055,3.4166669845581055,3.4166669845581055,3.4166669845581055,2400
1994-10-17,2.1440560817718506,3.375,3.4166669845581055,3.375,3.4166669845581055,91200
1994-10-18,2.1175849437713623,3.3333330154418945,3.375,3.3333330154418945,3.375,45600
1994-10-19,2.1175849437713623,3.3333330154418945,3.3541669845581055,3.3333330154418945,3.3333330154418945,249600
1994-10-20,2.1175849437713623,3.3333330154418945,3.3333330154418945,3.3333330154418945,3.3333330154418945,19200
1994-10-21,2.1175849437713623,3.3333330154418945,3.3333330154418945,3.3333330154418945,3.3333330154418945,0
1994-10-24,2.1175849437713623,3.3333330154418945,3.3333330154418945,3.3333330154418945,3.3333330154418945,67200
1994-10-25,2.1175849437713623,3.3333330154418945,3.3333330154418945,3.3333330154418945,3.3333330154418945,0
1994-10-26,2.1175849437713623,3.3333330154418945,3.3333330154418945,3.3333330154418945,3.3333330154418945,2400
1994-10-27,2.1175849437713623,3.3333330154418945,3.3333330154418945,3.3333330154418945,3.3333330154418945,26400
1994-10-28,2.1175849437713623,3.3333330154418945,3.3333330154418945,3.3333330154418945,3.3333330154418945,0
1994-10-31,2.1175849437713623,3.3333330154418945,3.3333330154418945,3.3333330154418945,3.3333330154418945,0
1994-11-01,2.1175849437713623,3.3333330154418945,3.34375,3.3333330154418945,3.3333330154418945,19200
1994-11-02,2.091115713119507,3.2916669845581055,3.3333330154418945,3.2916669845581055,3.3333330154418945,122400
1994-11-03,2.091115713119507,3.2916669845581055,3.2916669845581055,3.2916669845581055,3.2916669845581055,84000
1994-11-04,2.091115713119507,3.2916669845581055,3.2916669845581055,3.2916669845581055,3.2916669845581055,0
1994-11-07,2.091115713119507,3.2916669845581055,3.2916669845581055,3.2916669845581055,3.2916669845581055,0
1994-11-08,2.091115713119507,3.2916669845581055,3.2916669845581055,3.2916669845581055,3.2916669845581055,0
1994-11-09,2.091115713119507,3.2916669845581055,3.2916669845581055,3.2916669845581055,3.2916669845581055,12000
1994-11-10,2.0646469593048096,3.25,3.25,3.25,3.25,7200
1994-11-11,2.0646469593048096,3.25,3.25,3.25,3.25,24000
1994-11-14,2.1029551029205322,3.2708330154418945,3.2708330154418945,3.25,3.25,69600
1994-11-15,2.1029551029205322,3.2708330154418945,3.2708330154418945,3.2708330154418945,3.2708330154418945,0
1994-11-16,2.0627710819244385,3.2083330154418945,3.2083330154418945,3.1875,3.1875,67200
1994-11-17,2.1029551029205322,3.2708330154418945,3.2708330154418945,3.1875,3.1875,21600
1994-11-18,2.0493760108947754,3.1875,3.2083330154418945,3.1666669845581055,3.2083330154418945,45600
1994-11-21,2.0493760108947754,3.1875,3.1875,3.1875,3.1875,0
1994-11-22,2.035983085632324,3.1666669845581055,3.1666669845581055,3.1666669845581055,3.1666669845581055,16800
1994-11-23,2.035983085632324,3.1666669845581055,3.1666669845581055,3.1666669845581055,3.1666669845581055,4800
1994-11-25,2.0091922283172607,3.125,3.125,3.125,3.125,2400
1994-11-28,1.982404112815857,3.0833330154418945,3.125,3.0833330154418945,3.125,33600
1994-11-29,1.9857522249221802,3.0885419845581055,3.0885419845581055,3.0833330154418945,3.0833330154418945,60000
1994-11-30,1.982404112815857,3.0833330154418945,3.0833330154418945,3.0,3.0833330154418945,36000
1994-12-01,1.9020360708236694,2.9583330154418945,2.9583330154418945,2.9583330154418945,2.9583330154418945,4800
1994-12-02,1.9020360708236694,2.9583330154418945,2.9583330154418945,2.9583330154418945,2.9583330154418945,26400
1994-12-05,1.9020360708236694,2.9583330154418945,2.9583330154418945,2.9583330154418945,2.9583330154418945,9600
1994-12-06,1.9020360708236694,2.9583330154418945,2.9583330154418945,2.9583330154418945,2.9583330154418945,26400
1994-12-07,1.9020360708236694,2.9583330154418945,2.9583330154418945,2.9583330154418945,2.9583330154418945,93600
1994-12-08,1.9020360708236694,2.9583330154418945,2.9583330154418945,2.9583330154418945,2.9583330154418945,24000
1994-12-09,1.9020360708236694,2.9583330154418945,2.9583330154418945,2.9583330154418945,2.9583330154418945,0
1994-12-12,1.8484573364257812,2.875,3.0,2.875,2.9583330154418945,136800
1994-12-13,1.8484573364257812,2.875,2.875,2.875,2.875,2400
1994-12-14,1.821668028831482,2.8333330154418945,2.8958330154418945,2.8333330154418945,2.875,50400
1994-12-15,1.7413008213043213,2.7083330154418945,2.7083330154418945,2.7083330154418945,2.7083330154418945,12000
1994-12-16,1.6877214908599854,2.625,2.7291669845581055,2.625,2.7291669845581055,64800
1994-12-19,1.6877214908599854,2.625,2.625,2.625,2.625,2400
1994-12-20,1.821668028831482,2.8333330154418945,2.8333330154418945,2.8333330154418945,2.8333330154418945,4800
1994-12-21,1.821668028831482,2.8333330154418945,2.8333330154418945,2.8333330154418945,2.8333330154418945,0
1994-12-22,1.8082735538482666,2.8125,2.8125,2.6666669845581055,2.6666669845581055,254400
1994-12-23,1.79487943649292,2.7916669845581055,2.7916669845581055,2.75,2.75,19200
1994-12-27,1.8082735538482666,2.8125,2.8125,2.75,2.75,12000
1994-12-28,1.7680892944335938,2.75,2.7604169845581055,2.75,2.7604169845581055,16800
1994-12-29,1.781483769416809,2.7708330154418945,2.7708330154418945,2.75,2.75,14400
1994-12-30,1.7680892944335938,2.75,2.875,2.75,2.75,9600
1995-01-03,1.7680892944335938,2.75,2.7708330154418945,2.75,2.7708330154418945,9600
1995-01-04,1.781483769416809,2.7708330154418945,2.8125,2.75,2.8125,26400
1995-01-05,1.8484573364257812,2.875,2.875,2.8541669845581055,2.8541669845581055,7200
1995-01-06,1.8752464056015015,2.9166669845581055,2.9166669845581055,2.8333330154418945,2.8333330154418945,36000
1995-01-09,1.79487943649292,2.7916669845581055,2.7916669845581055,2.7916669845581055,2.7916669845581055,2400
1995-01-10,1.8484573364257812,2.875,2.875,2.7916669845581055,2.7916669845581055,12000
1995-01-11,1.7982280254364014,2.796875,2.875,2.7916669845581055,2.8333330154418945,144000
1995-01-12,1.79487943649292,2.7916669845581055,2.7916669845581055,2.7916669845581055,2.7916669845581055,2400
1995-01-13,1.79487943649292,2.7916669845581055,2.7916669845581055,2.7083330154418945,2.7916669845581055,55200
1995-01-16,1.8082735538482666,2.8125,2.8125,2.7083330154418945,2.7083330154418945,16800
1995-01-17,1.7747873067855835,2.7604169845581055,2.7604169845581055,2.7083330154418945,2.7083330154418945,14400
1995-01-18,1.7747873067855835,2.7604169845581055,2.7604169845581055,2.7604169845581055,2.7604169845581055,0
1995-01-19,1.7747873067855835,2.7604169845581055,2.7604169845581055,2.7604169845581055,2.7604169845581055,0
1995-01-20,1.7747873067855835,2.7604169845581055,2.7604169845581055,2.7604169845581055,2.7604169845581055,0
1995-01-23,1.7413008213043213,2.7083330154418945,2.7083330154418945,2.7083330154418945,2.7083330154418945,4800
1995-01-24,1.7413008213043213,2.7083330154418945,2.7291669845581055,2.7083330154418945,2.7083330154418945,79200
1995-01-25,1.7413008213043213,2.7083330154418945,2.75,2.7083330154418945,2.75,38400
1995-01-26,1.7413008213043213,2.7083330154418945,2.7083330154418945,2.7083330154418945,2.7083330154418945,4800
1995-01-27,1.7413008213043213,2.7083330154418945,2.7083330154418945,2.7083330154418945,2.7083330154418945,9600
1995-01-30,1.739397644996643,2.6666669845581055,2.6666669845581055,2.6666669845581055,2.6666669845581055,2400
1995-01-31,1.739397644996643,2.6666669845581055,2.6666669845581055,2.6666669845581055,2.6666669845581055,4800
1995-02-01,1.739397644996643,2.6666669845581055,2.6666669845581055,2.6666669845581055,2.6666669845581055,0
1995-02-02,1.7733697891235352,2.71875,2.71875,2.6666669845581055,2.6666669845581055,9600
1995-02-03,1.739397644996643,2.6666669845581055,2.7083330154418945,2.6666669845581055,2.6666669845581055,19200
1995-02-06,1.739397644996643,2.6666669845581055,2.6666669845581055,2.6666669845581055,2.6666669845581055,24000
1995-02-07,1.739397644996643,2.6666669845581055,2.6666669845581055,2.6666669845581055,2.6666669845581055,4800
1995-02-08,1.739397644996643,2.6666669845581055,2.6666669845581055,2.6666669845581055,2.6666669845581055,0
1995-02-09,1.766576886177063,2.7083330154418945,2.7916669845581055,2.6666669845581055,2.6666669845581055,31200
1995-02-10,1.766576886177063,2.7083330154418945,2.7083330154418945,2.6666669845581055,2.6666669845581055,81600
1995-02-13,1.766576886177063,2.7083330154418945,2.7083330154418945,2.6875,2.6875,52800
1995-02-14,1.739397644996643,2.6666669845581055,2.6666669845581055,2.6666669845581055,2.6666669845581055,2400
1995-02-15,1.766576886177063,2.7083330154418945,2.7083330154418945,2.7083330154418945,2.7083330154418945,2400
1995-02-16,1.766576886177063,2.7083330154418945,2.7083330154418945,2.7083330154418945,2.7083330154418945,0
1995-02-17,1.7461920976638794,2.6770830154418945,2.7916669845581055,2.6770830154418945,2.7916669845581055,4800
1995-02-21,1.759779930114746,2.6979169845581055,2.6979169845581055,2.6770830154418945,2.6770830154418945,7200
1995-02-22,1.766576886177063,2.7083330154418945,2.7916669845581055,2.6770830154418945,2.7604169845581055,172800
1995-02-23,1.7529871463775635,2.6875,2.7916669845581055,2.6770830154418945,2.7916669845581055,1732800
1995-02-24,1.739397644996643,2.6666669845581055,2.7708330154418945,2.6666669845581055,2.6822919845581055,249600
1995-02-27,1.739397644996643,2.6666669845581055,2.6666669845581055,2.6666669845581055,2.6666669845581055,12000
1995-02-28,1.739397644996643,2.6666669845581055,2.6666669845581055,2.6666669845581055,2.6666669845581055,2400
1995-03-01,1.7258096933364868,2.6458330154418945,2.6875,2.6458330154418945,2.6875,50400
1995-03-02,1.7122195959091187,2.625,2.625,2.625,2.625,14400
1995-03-03,1.7122195959091187,2.625,2.625,2.625,2.625,0
1995-03-06,1.7122195959091187,2.625,2.625,2.625,2.625,62400
1995-03-07,1.698630690574646,2.6041669845581055,2.6041669845581055,2.5833330154418945,2.5833330154418945,12000
1995-03-08,1.685041069984436,2.5833330154418945,2.6666669845581055,2.5833330154418945,2.6666669845581055,40800
1995-03-09,1.6714528799057007,2.5625,2.5729169845581055,2.5625,2.5625,55200
1995-03-10,1.698630690574646,2.6041669845581055,2.6041669845581055,2.5625,2.5625,74400
1995-03-13,1.698630690574646,2.6041669845581055,2.6041669845581055,2.6041669845581055,2.6041669845581055,0
1995-03-14,1.7122195959091187,2.625,2.625,2.625,2.625,2400
1995-03-15,1.6578633785247803,2.5416669845581055,2.5833330154418945,2.5416669845581055,2.578125,396000
1995-03-16,1.6680558919906616,2.5572919845581055,2.625,2.5416669845581055,2.625,19200
1995-03-17,1.6680558919906616,2.5572919845581055,2.5572919845581055,2.5572919845581055,2.5572919845581055,0
1995-03-20,1.6578633785247803,2.5416669845581055,2.5416669845581055,2.5416669845581055,2.5416669845581055,2400
1995-03-21,1.7122195959091187,2.625,2.625,2.625,2.625,2400
1995-03-22,1.6578633785247803,2.5416669845581055,2.625,2.5416669845581055,2.625,36000
1995-03-23,1.6578633785247803,2.5416669845581055,2.5416669845581055,2.5416669845581055,2.5416669845581055,0
1995-03-24,1.739397644996643,2.6666669845581055,2.6666669845581055,2.6041669845581055,2.625,36000
1995-03-27,1.739397644996643,2.6666669845581055,2.6666669845581055,2.6666669845581055,2.6666669845581055,33600
1995-03-28,1.739397644996643,2.6666669845581055,2.6666669845581055,2.6666669845581055,2.6666669845581055,0
1995-03-29,1.766576886177063,2.7083330154418945,2.7083330154418945,2.7083330154418945,2.7083330154418945,2400
1995-03-30,1.766576886177063,2.7083330154418945,2.7083330154418945,2.7083330154418945,2.7083330154418945,0
1995-03-31,1.698630690574646,2.6041669845581055,2.6041669845581055,2.6041669845581055,2.6041669845581055,21600
1995-04-03,1.698630690574646,2.6041669845581055,2.6041669845581055,2.6041669845581055,2.6041669845581055,0
1995-04-04,1.698630690574646,2.6041669845581055,2.6041669845581055,2.6041669845581055,2.6041669845581055,2400
1995-04-05,1.7461920976638794,2.6770830154418945,2.6770830154418945,2.6041669845581055,2.6041669845581055,19200
1995-04-06,1.766576886177063,2.7083330154418945,2.7083330154418945,2.7083330154418945,2.7083330154418945,2400
1995-04-07,1.7122195959091187,2.625,2.7083330154418945,2.625,2.625,14400
1995-04-10,1.759779930114746,2.6979169845581055,2.7083330154418945,2.625,2.7083330154418945,28800
1995-04-11,1.766576886177063,2.7083330154418945,2.7083330154418945,2.6354169845581055,2.6354169845581055,14400
1995-04-12,1.766576886177063,2.7083330154418945,2.7083330154418945,2.7083330154418945,2.7083330154418945,0
1995-04-13,1.7122195959091187,2.625,2.6979169845581055,2.625,2.625,19200
1995-04-17,1.766576886177063,2.7083330154418945,2.7083330154418945,2.6354169845581055,2.6354169845581055,12000
1995-04-18,1.766576886177063,2.7083330154418945,2.7083330154418945,2.7083330154418945,2.7083330154418945,12000
1995-04-19,1.739397644996643,2.6666669845581055,2.7083330154418945,2.6666669845581055,2.7083330154418945,9600
1995-04-20,1.766576886177063,2.7083330154418945,2.7083330154418945,2.6458330154418945,2.6458330154418945,12000
1995-04-21,1.7326033115386963,2.65625,2.7083330154418945,2.6458330154418945,2.6458330154418945,12000
1995-04-24,1.739397644996643,2.6666669845581055,2.7083330154418945,2.6666669845581055,2.7083330154418945,103200
1995-04-25,1.7529871463775635,2.6875,2.703125,2.6458330154418945,2.6458330154418945,57600
1995-04-26,1.766576886177063,2.7083330154418945,2.7083330154418945,2.65625,2.65625,31200
1995-04-27,1.7326033115386963,2.65625,2.65625,2.65625,2.65625,12000
1995-04-28,1.766576886177063,2.7083330154418945,2.7083330154418945,2.7083330154418945,2.7083330154418945,4800
1995-05-01,1.766576886177063,2.7083330154418945,2.7083330154418945,2.7083330154418945,2.7083330154418945,4800
1995-05-02,1.7461920976638794,2.6770830154418945,2.6770830154418945,2.6458330154418945,2.6770830154418945,9600
1995-05-03,1.7258096933364868,2.6458330154418945,2.65625,2.6458330154418945,2.6458330154418945,31200
1995-05-04,1.7258096933364868,2.6458330154418945,2.6458330154418945,2.6458330154418945,2.6458330154418945,4800
1995-05-05,1.739397644996643,2.6666669845581055,2.6666669845581055,2.6666669845581055,2.6666669845581055,2400
1995-05-08,1.751257300376892,2.6458330154418945,2.6458330154418945,2.6458330154418945,2.6458330154418945,4800
1995-05-09,1.751257300376892,2.6458330154418945,2.6458330154418945,2.6458330154418945,2.6458330154418945,12000
1995-05-10,1.751257300376892,2.6458330154418945,2.6458330154418945,2.6458330154418945,2.6458330154418945,4800
1995-05-11,1.7581515312194824,2.65625,2.65625,2.65625,2.65625,24000
1995-05-12,1.7650463581085205,2.6666669845581055,2.6666669845581055,2.6458330154418945,2.6458330154418945,14400
1995-05-15,1.751257300376892,2.6458330154418945,2.6458330154418945,2.6458330154418945,2.6458330154418945,4800
1995-05-16,1.7615985870361328,2.6614580154418945,2.6614580154418945,2.6458330154418945,2.6458330154418945,31200
1995-05-17,1.751257300376892,2.6458330154418945,2.6458330154418945,2.6458330154418945,2.6458330154418945,31200
1995-05-18,1.751257300376892,2.6458330154418945,2.6458330154418945,2.625,2.6458330154418945,26400
1995-05-19,1.751257300376892,2.6458330154418945,2.6510419845581055,2.6458330154418945,2.6458330154418945,21600
1995-05-22,1.7650463581085205,2.6666669845581055,2.6666669845581055,2.6458330154418945,2.6510419845581055,244800
1995-05-23,1.7650463581085205,2.6666669845581055,2.6666669845581055,2.6458330154418945,2.6458330154418945,237600
1995-05-24,1.7460857629776,2.6380209922790527,2.6770830154418945,2.6354169845581055,2.6354169845581055,381600
1995-05-25,1.7374670505523682,2.625,2.625,2.625,2.625,7200
1995-05-26,1.7374670505523682,2.625,2.625,2.625,2.625,2400
1995-05-30,1.7374670505523682,2.625,2.625,2.625,2.625,0
1995-05-31,1.7650463581085205,2.6666669845581055,2.6666669845581055,2.6666669845581055,2.6666669845581055,2400
1995-06-01,1.7443623542785645,2.6354169845581055,2.6770830154418945,2.6354169845581055,2.6770830154418945,19200
1995-06-02,1.7374670505523682,2.625,2.65625,2.625,2.6354169845581055,40800
1995-06-05,1.7478103637695312,2.640625,2.6666669845581055,2.625,2.625,736800
1995-06-06,1.7478103637695312,2.640625,2.640625,2.640625,2.640625,0
1995-06-07,1.7478103637695312,2.640625,2.640625,2.640625,2.640625,0
1995-06-08,1.7478103637695312,2.640625,2.640625,2.640625,2.640625,0
1995-06-09,1.7374670505523682,2.625,2.6666669845581055,2.625,2.6666669845581055,1084800
1995-06-12,1.7443623542785645,2.6354169845581055,2.6354169845581055,2.6354169845581055,2.6354169845581055,86400
1995-06-13,1.7374670505523682,2.625,2.625,2.625,2.625,21600
1995-06-14,1.7443623542785645,2.6354169845581055,2.6354169845581055,2.625,2.625,26400
1995-06-15,1.7443623542785645,2.6354169845581055,2.6354169845581055,2.6354169845581055,2.6354169845581055,0
1995-06-16,1.7374670505523682,2.625,2.625,2.625,2.625,2400
1995-06-19,1.7650463581085205,2.6666669845581055,2.6666669845581055,2.625,2.625,38400
1995-06-20,1.7374670505523682,2.625,2.625,2.625,2.625,2400
1995-06-21,1.7374670505523682,2.625,2.6354169845581055,2.625,2.625,31200
1995-06-22,1.7374670505523682,2.625,2.625,2.625,2.625,19200
1995-06-23,1.7374670505523682,2.625,2.625,2.625,2.625,2400
1995-06-26,1.751257300376892,2.6458330154418945,2.65625,2.6302080154418945,2.65625,21600
1995-06-27,1.7374670505523682,2.625,2.625,2.625,2.625,72000
1995-06-28,1.7409148216247559,2.6302080154418945,2.6302080154418945,2.625,2.6302080154418945,48000
1995-06-29,1.7374670505523682,2.625,2.6354169845581055,2.625,2.6354169845581055,408000
1995-06-30,1.7374670505523682,2.625,2.6354169845581055,2.625,2.625,67200
1995-07-03,1.7374670505523682,2.625,2.625,2.625,2.625,0
1995-07-05,1.7374670505523682,2.625,2.625,2.625,2.625,26400
1995-07-06,1.7374670505523682,2.625,2.6354169845581055,2.625,2.625,28800
1995-07-07,1.7374670505523682,2.625,2.625,2.625,2.625,72000
1995-07-10,1.7374670505523682,2.625,2.625,2.625,2.625,2400
1995-07-11,1.7374670505523682,2.625,2.625,2.625,2.625,4800
1995-07-12,1.7374670505523682,2.625,2.625,2.625,2.625,12000
1995-07-13,1.7650463581085205,2.6666669845581055,2.6666669845581055,2.6666669845581055,2.6666669845581055,4800
1995-07-14,1.7374670505523682,2.625,2.625,2.625,2.625,2400
1995-07-17,1.7409148216247559,2.6302080154418945,2.6302080154418945,2.6302080154418945,2.6302080154418945,2400
1995-07-18,1.7374670505523682,2.625,2.625,2.625,2.625,19200
1995-07-19,1.7374670505523682,2.625,2.625,2.625,2.625,14400
1995-07-20,1.7374670505523682,2.625,2.625,2.625,2.625,21600
1995-07-21,1.7374670505523682,2.625,2.625,2.625,2.625,2400
1995-07-24,1.7650463581085205,2.6666669845581055,2.6666669845581055,2.6666669845581055,2.6666669845581055,60000
1995-07-25,1.751257300376892,2.6458330154418945,2.6458330154418945,2.6354169845581055,2.6354169845581055,9600
1995-07-26,1.7581515312194824,2.65625,2.65625,2.6510419845581055,2.6510419845581055,67200
1995-07-27,1.7615985870361328,2.6614580154418945,2.6614580154418945,2.6614580154418945,2.6614580154418945,2400
1995-07-28,1.751257300376892,2.6458330154418945,2.6458330154418945,2.6458330154418945,2.6458330154418945,7200
1995-07-31,1.7650463581085205,2.6666669845581055,2.6666669845581055,2.6458330154418945,2.6458330154418945,60000
1995-08-01,1.751257300376892,2.6458330154418945,2.6458330154418945,2.6458330154418945,2.6458330154418945,4800
1995-08-02,1.751257300376892,2.6458330154418945,2.6770830154418945,2.6458330154418945,2.6770830154418945,48000
1995-08-03,1.7615985870361328,2.6614580154418945,2.6770830154418945,2.6614580154418945,2.6770830154418945,12000
1995-08-04,1.7788355350494385,2.6875,2.7083330154418945,2.6770830154418945,2.6927080154418945,79200
1995-08-07,1.7650463581085205,2.6666669845581055,2.6770830154418945,2.6666669845581055,2.6770830154418945,19200
1995-08-08,1.7857290506362915,2.6979169845581055,2.7291669845581055,2.6979169845581055,2.7291669845581055,33600
1995-08-09,1.7857290506362915,2.6979169845581055,2.6979169845581055,2.6979169845581055,2.6979169845581055,0
1995-08-10,1.7788355350494385,2.6875,2.75,2.6875,2.75,436800
1995-08-11,1.8048592805862427,2.6875,2.6875,2.6875,2.6875,0
1995-08-14,1.8048592805862427,2.6875,2.6875,2.6875,2.6875,0
1995-08-15,1.8048592805862427,2.6875,2.6875,2.6875,2.6875,4800
1995-08-16,1.8048592805862427,2.6875,2.6875,2.6875,2.6875,0
1995-08-17,1.8048592805862427,2.6875,2.6875,2.6875,2.6875,0
1995-08-18,1.8328403234481812,2.7291669845581055,2.7291669845581055,2.7083330154418945,2.7083330154418945,31200
1995-08-21,1.8118542432785034,2.6979169845581055,2.71875,2.6979169845581055,2.6979169845581055,57600
1995-08-22,1.8188503980636597,2.7083330154418945,2.7083330154418945,2.7083330154418945,2.7083330154418945,4800
1995-08-23,1.8468321561813354,2.75,2.75,2.7083330154418945,2.7083330154418945,124800
1995-08-24,1.815352439880371,2.703125,2.703125,2.703125,2.703125,4800
1995-08-25,1.8258455991744995,2.71875,2.71875,2.6979169845581055,2.6979169845581055,36000
1995-08-28,1.8188503980636597,2.7083330154418945,2.7083330154418945,2.6979169845581055,2.6979169845581055,108000
1995-08-29,1.8118542432785034,2.6979169845581055,2.7083330154418945,2.6979169845581055,2.7083330154418945,16800
1995-08-30,1.8188503980636597,2.7083330154418945,2.7083330154418945,2.6979169845581055,2.6979169845581055,36000
1995-08-31,1.8118542432785034,2.6979169845581055,2.6979169845581055,2.6979169845581055,2.6979169845581055,19200
1995-09-01,1.8118542432785034,2.6979169845581055,2.6979169845581055,2.6979169845581055,2.6979169845581055,36000
1995-09-05,1.8258455991744995,2.71875,2.7395830154418945,2.6979169845581055,2.6979169845581055,103200
1995-09-06,1.8118542432785034,2.6979169845581055,2.6979169845581055,2.6979169845581055,2.6979169845581055,2400
1995-09-07,1.8118542432785034,2.6979169845581055,2.6979169845581055,2.6979169845581055,2.6979169845581055,7200
1995-09-08,1.815352439880371,2.703125,2.7135419845581055,2.6979169845581055,2.6979169845581055,16800
1995-09-11,1.815352439880371,2.703125,2.703125,2.703125,2.703125,0
1995-09-12,1.8398364782333374,2.7395830154418945,2.75,2.7395830154418945,2.75,33600
1995-09-13,1.8118542432785034,2.6979169845581055,2.7395830154418945,2.6979169845581055,2.71875,43200
1995-09-14,1.8118542432785034,2.6979169845581055,2.6979169845581055,2.6979169845581055,2.6979169845581055,0
1995-09-15,1.8678189516067505,2.78125,2.78125,2.7708330154418945,2.7708330154418945,38400
1995-09-18,1.8608237504959106,2.7708330154418945,2.7708330154418945,2.7708330154418945,2.7708330154418945,2400
1995-09-19,1.8608237504959106,2.7708330154418945,2.7708330154418945,2.7708330154418945,2.7708330154418945,14400
1995-09-20,1.8748149871826172,2.7916669845581055,2.7916669845581055,2.7708330154418945,2.7708330154418945,76800
1995-09-21,1.8608237504959106,2.7708330154418945,2.7760419845581055,2.7708330154418945,2.7760419845581055,24000
1995-09-22,1.8608237504959106,2.7708330154418945,2.7708330154418945,2.7708330154418945,2.7708330154418945,0
1995-09-25,1.8608237504959106,2.7708330154418945,2.7708330154418945,2.7708330154418945,2.7708330154418945,0
1995-09-26,1.8678189516067505,2.78125,2.78125,2.78125,2.78125,2400
1995-09-27,1.8678189516067505,2.78125,2.78125,2.78125,2.78125,24000
1995-09-28,1.8608237504959106,2.7708330154418945,2.8125,2.7708330154418945,2.7708330154418945,33600
1995-09-29,1.8608237504959106,2.7708330154418945,2.7708330154418945,2.7708330154418945,2.7708330154418945,0
1995-10-02,1.8608237504959106,2.7708330154418945,2.7708330154418945,2.7708330154418945,2.7708330154418945,0
1995-10-03,1.9097925424575806,2.84375,2.84375,2.84375,2.84375,2400
1995-10-04,1.871316909790039,2.7864580154418945,2.7864580154418945,2.78125,2.78125,38400
1995-10-05,1.8608237504959106,2.7708330154418945,2.78125,2.7708330154418945,2.78125,43200
1995-10-06,1.8643220663070679,2.7760419845581055,2.8020830154418945,2.7760419845581055,2.8020830154418945,4800
1995-10-09,1.8678189516067505,2.78125,2.78125,2.7708330154418945,2.7708330154418945,60000
1995-10-10,1.8608237504959106,2.7708330154418945,2.7708330154418945,2.7708330154418945,2.7708330154418945,14400
1995-10-11,1.8608237504959106,2.7708330154418945,2.7708330154418945,2.7708330154418945,2.7708330154418945,0
1995-10-12,1.8608237504959106,2.7708330154418945,2.7708330154418945,2.7708330154418945,2.7708330154418945,9600
1995-10-13,1.853827714920044,2.7604169845581055,2.7708330154418945,2.7604169845581055,2.7708330154418945,67200
1995-10-16,1.853827714920044,2.7604169845581055,2.7604169845581055,2.7604169845581055,2.7604169845581055,14400
1995-10-17,1.853827714920044,2.7604169845581055,2.7604169845581055,2.7604169845581055,2.7604169845581055,21600
1995-10-18,1.853827714920044,2.7604169845581055,2.7708330154418945,2.7604169845581055,2.7604169845581055,79200
1995-10-19,1.853827714920044,2.7604169845581055,2.7604169845581055,2.7604169845581055,2.7604169845581055,0
1995-10-20,1.853827714920044,2.7604169845581055,2.7604169845581055,2.7604169845581055,2.7604169845581055,55200
1995-10-23,1.8608237504959106,2.7708330154418945,2.7708330154418945,2.7604169845581055,2.7604169845581055,40800
1995-10-24,1.8608237504959106,2.7708330154418945,2.7708330154418945,2.7708330154418945,2.7708330154418945,16800
1995-10-25,1.8608237504959106,2.7708330154418945,2.78125,2.7708330154418945,2.7708330154418945,72000
1995-10-26,1.8643220663070679,2.7760419845581055,2.7760419845581055,2.7760419845581055,2.7760419845581055,120000
1995-10-27,1.8643220663070679,2.7760419845581055,2.7760419845581055,2.7760419845581055,2.7760419845581055,0
1995-10-30,1.8608237504959106,2.7708330154418945,2.7708330154418945,2.7708330154418945,2.7708330154418945,52800
1995-10-31,1.8608237504959106,2.7708330154418945,2.7708330154418945,2.7708330154418945,2.7708330154418945,0
1995-11-01,1.8608237504959106,2.7708330154418945,2.7708330154418945,2.7708330154418945,2.7708330154418945,0
1995-11-02,1.8608237504959106,2.7708330154418945,2.7760419845581055,2.75,2.7708330154418945,100800
1995-11-03,1.8328403234481812,2.7291669845581055,2.7604169845581055,2.71875,2.71875,12000
1995-11-06,1.8328403234481812,2.7291669845581055,2.7916669845581055,2.7291669845581055,2.7916669845581055,7200
1995-11-07,1.8328403234481812,2.7291669845581055,2.7291669845581055,2.7291669845581055,2.7291669845581055,26400
1995-11-08,1.8258455991744995,2.71875,2.71875,2.71875,2.71875,9600
1995-11-09,1.8328403234481812,2.7291669845581055,2.7708330154418945,2.7291669845581055,2.7708330154418945,14400
1995-11-10,1.8328403234481812,2.7291669845581055,2.7291669845581055,2.7291669845581055,2.7291669845581055,31200
1995-11-13,1.8328403234481812,2.7291669845581055,2.7291669845581055,2.7291669845581055,2.7291669845581055,26400
1995-11-14,1.8258455991744995,2.71875,2.7395830154418945,2.71875,2.7395830154418945,24000
1995-11-15,1.8557933568954468,2.7239580154418945,2.7239580154418945,2.7239580154418945,2.7239580154418945,72000
1995-11-16,1.8593413829803467,2.7291669845581055,2.7291669845581055,2.7083330154418945,2.7083330154418945,48000
1995-11-17,1.8877294063568115,2.7708330154418945,2.7708330154418945,2.7395830154418945,2.7395830154418945,12000
1995-11-20,1.8451491594314575,2.7083330154418945,2.7083330154418945,2.7083330154418945,2.7083330154418945,2400
1995-11-21,1.8735355138778687,2.75,2.75,2.7083330154418945,2.7083330154418945,38400
1995-11-22,1.8735355138778687,2.75,2.75,2.75,2.75,24000
1995-11-24,1.9019229412078857,2.7916669845581055,2.7916669845581055,2.7916669845581055,2.7916669845581055,2400
1995-11-27,1.8735355138778687,2.75,2.75,2.71875,2.71875,76800
1995-11-28,1.8522454500198364,2.71875,2.7604169845581055,2.71875,2.7604169845581055,16800
1995-11-29,1.8735355138778687,2.75,2.75,2.75,2.75,12000
1995-11-30,1.8522454500198364,2.71875,2.71875,2.71875,2.71875,12000
1995-12-01,1.8593413829803467,2.7291669845581055,2.7291669845581055,2.71875,2.7291669845581055,12000
1995-12-04,1.8593413829803467,2.7291669845581055,2.7291669845581055,2.7291669845581055,2.7291669845581055,12000
1995-12-05,1.9019229412078857,2.7916669845581055,2.7916669845581055,2.71875,2.75,108000
1995-12-06,1.8735355138778687,2.75,2.7552080154418945,2.75,2.75,52800
1995-12-07,1.8877294063568115,2.7708330154418945,2.7708330154418945,2.75,2.75,67200
1995-12-08,1.9019229412078857,2.7916669845581055,2.7916669845581055,2.7604169845581055,2.7604169845581055,24000
1995-12-11,1.9303096532821655,2.8333330154418945,2.8333330154418945,2.7604169845581055,2.7604169845581055,60000
1995-12-12,1.9586964845657349,2.875,2.875,2.8333330154418945,2.8333330154418945,127200
1995-12-13,1.9232128858566284,2.8229169845581055,2.8854169845581055,2.8125,2.8854169845581055,28800
1995-12-14,1.9799869060516357,2.90625,2.90625,2.8333330154418945,2.875,55200
1995-12-15,2.0154690742492676,2.9583330154418945,2.9583330154418945,2.8854169845581055,2.9166669845581055,50400
1995-12-18,2.0296645164489746,2.9791669845581055,3.0520830154418945,2.96875,3.0208330154418945,52800
1995-12-19,2.1006319522857666,3.0833330154418945,3.0833330154418945,3.0104169845581055,3.0520830154418945,36000
1995-12-20,2.072244882583618,3.0416669845581055,3.09375,3.0208330154418945,3.0208330154418945,213600
1995-12-21,2.072244882583618,3.0416669845581055,3.0520830154418945,3.0416669845581055,3.0416669845581055,144000
1995-12-22,2.086437463760376,3.0625,3.0833330154418945,3.0520830154418945,3.0625,21600
1995-12-26,2.072244882583618,3.0416669845581055,3.0416669845581055,3.0416669845581055,3.0416669845581055,19200
1995-12-27,2.0757932662963867,3.046875,3.0520830154418945,3.0416669845581055,3.0416669845581055,108000
1995-12-28,2.072244882583618,3.0416669845581055,3.0625,3.0416669845581055,3.0625,182400
1995-12-29,2.1183738708496094,3.109375,3.109375,3.0520830154418945,3.0625,235200
1996-01-02,2.086437463760376,3.0625,3.0625,3.0625,3.0625,4800
1996-01-03,2.086437463760376,3.0625,3.0625,3.0625,3.0625,2400
1996-01-04,2.1006319522857666,3.0833330154418945,3.0833330154418945,3.0416669845581055,3.0625,187200
1996-01-05,2.0970821380615234,3.078125,3.09375,3.078125,3.09375,12000
1996-01-08,2.1290175914764404,3.125,3.125,3.125,3.125,24000
1996-01-09,2.093534469604492,3.0729169845581055,3.1458330154418945,3.0729169845581055,3.125,21600
1996-01-10,2.093534469604492,3.0729169845581055,3.0729169845581055,3.0729169845581055,3.0729169845581055,52800
1996-01-11,2.14321231842041,3.1458330154418945,3.1458330154418945,3.1458330154418945,3.1458330154418945,2400
1996-01-12,2.14321231842041,3.1458330154418945,3.1458330154418945,3.1458330154418945,3.1458330154418945,0
1996-01-15,2.14321231842041,3.1458330154418945,3.1458330154418945,3.1458330154418945,3.1458330154418945,0
1996-01-16,2.1574056148529053,3.1666669845581055,3.1666669845581055,3.1666669845581055,3.1666669845581055,2400
1996-01-17,2.1006319522857666,3.0833330154418945,3.0833330154418945,3.0833330154418945,3.0833330154418945,40800
1996-01-18,2.1006319522857666,3.0833330154418945,3.1666669845581055,3.0833330154418945,3.1666669845581055,28800
1996-01-19,2.1006319522857666,3.0833330154418945,3.0833330154418945,3.0833330154418945,3.0833330154418945,4800
1996-01-22,2.1006319522857666,3.0833330154418945,3.0833330154418945,3.0833330154418945,3.0833330154418945,2400
1996-01-23,2.1219208240509033,3.1145830154418945,3.125,3.1041669845581055,3.125,98400
1996-01-24,2.1219208240509033,3.1145830154418945,3.1145830154418945,3.1145830154418945,3.1145830154418945,0
1996-01-25,2.1574056148529053,3.1666669845581055,3.1666669845581055,3.1354169845581055,3.1666669845581055,14400
1996-01-26,2.1503078937530518,3.15625,3.15625,3.125,3.125,19200
1996-01-29,2.1645009517669678,3.1770830154418945,3.1770830154418945,3.125,3.125,14400
1996-01-30,2.1290175914764404,3.125,3.15625,3.125,3.15625,19200
1996-01-31,2.155750036239624,3.125,3.125,3.125,3.125,12000
1996-02-01,2.170121192932129,3.1458330154418945,3.1458330154418945,3.125,3.125,9600
1996-02-02,2.155750036239624,3.125,3.15625,3.125,3.15625,7200
1996-02-05,2.191678524017334,3.1770830154418945,3.1770830154418945,3.1770830154418945,3.1770830154418945,28800
1996-02-06,2.234792709350586,3.2395830154418945,3.2395830154418945,3.1979169845581055,3.2083330154418945,76800
1996-02-07,2.4144396781921387,3.5,3.625,3.2395830154418945,3.2395830154418945,213600
1996-02-08,2.5437843799591064,3.6875,3.8333330154418945,3.5208330154418945,3.625,165600
1996-02-09,2.5868985652923584,3.75,3.8333330154418945,3.6666669845581055,3.6666669845581055,33600
1996-02-12,2.5294127464294434,3.6666669845581055,3.75,3.6666669845581055,3.6666669845581055,24000
1996-02-13,2.4719254970550537,3.5833330154418945,3.6666669845581055,3.5833330154418945,3.6666669845581055,38400
1996-02-14,2.4144396781921387,3.5,3.625,3.5,3.5416669845581055,12000
1996-02-15,2.4144396781921387,3.5,3.5,3.5,3.5,4800
1996-02-16,2.4144396781921387,3.5,3.5,3.5,3.5,12000
1996-02-20,2.4144396781921387,3.5,3.5,3.5,3.5,40800
1996-02-21,2.3569529056549072,3.4166669845581055,3.5,3.4166669845581055,3.4583330154418945,57600
1996-02-22,2.3856961727142334,3.4583330154418945,3.4583330154418945,3.4583330154418945,3.4583330154418945,36000
1996-02-23,2.4288108348846436,3.5208330154418945,3.6041669845581055,3.5,3.5,141600
1996-02-26,2.486297369003296,3.6041669845581055,3.6041669845581055,3.5416669845581055,3.5416669845581055,7200
1996-02-27,2.4359958171844482,3.53125,3.53125,3.53125,3.53125,2400
1996-02-28,2.4359958171844482,3.53125,3.5416669845581055,3.5,3.53125,36000
1996-02-29,2.4431827068328857,3.5416669845581055,3.5416669845581055,3.5,3.5,103200
1996-03-01,2.418031692504883,3.5052080154418945,3.5416669845581055,3.5052080154418945,3.5416669845581055,50400
1996-03-04,2.432403802871704,3.5260419845581055,3.5260419845581055,3.5,3.5,74400
1996-03-05,2.4719254970550537,3.5833330154418945,3.5833330154418945,3.5833330154418945,3.5833330154418945,12000
1996-03-06,2.4431827068328857,3.5416669845581055,3.5416669845581055,3.5416669845581055,3.5416669845581055,7200
1996-03-07,2.448573112487793,3.5494790077209473,3.5572919845581055,3.5416669845581055,3.5416669845581055,264000
1996-03-08,2.448573112487793,3.5494790077209473,3.5494790077209473,3.5494790077209473,3.5494790077209473,0
1996-03-11,2.479112148284912,3.59375,3.59375,3.59375,3.59375,2400
1996-03-12,2.4431827068328857,3.5416669845581055,3.5416669845581055,3.5416669845581055,3.5416669845581055,16800
1996-03-13,2.479112148284912,3.59375,3.59375,3.5416669845581055,3.5416669845581055,26400
1996-03-14,2.4719254970550537,3.5833330154418945,3.59375,3.5416669845581055,3.59375,105600
1996-03-15,2.4647409915924072,3.5729169845581055,3.5833330154418945,3.5520830154418945,3.5520830154418945,52800
1996-03-18,2.4431827068328857,3.5416669845581055,3.5833330154418945,3.5416669845581055,3.5833330154418945,7200
1996-03-19,2.4431827068328857,3.5416669845581055,3.5833330154418945,3.5416669845581055,3.5833330154418945,7200
1996-03-20,2.4719254970550537,3.5833330154418945,3.5833330154418945,3.5833330154418945,3.5833330154418945,24000
1996-03-21,2.4431827068328857,3.5416669845581055,3.5416669845581055,3.5416669845581055,3.5416669845581055,14400
1996-03-22,2.4431827068328857,3.5416669845581055,3.5416669845581055,3.5416669845581055,3.5416669845581055,2400
1996-03-25,2.4359958171844482,3.53125,3.53125,3.53125,3.53125,45600
1996-03-26,2.4359958171844482,3.53125,3.5729169845581055,3.53125,3.5729169845581055,16800
1996-03-27,2.4359958171844482,3.53125,3.53125,3.53125,3.53125,2400
1996-03-28,2.4359958171844482,3.53125,3.53125,3.53125,3.53125,0
1996-03-29,2.450368881225586,3.5520830154418945,3.5625,3.5520830154418945,3.5625,19200
1996-04-01,2.4431827068328857,3.5416669845581055,3.5416669845581055,3.53125,3.53125,79200
1996-04-02,2.4431827068328857,3.5416669845581055,3.5416669845581055,3.53125,3.53125,124800
1996-04-03,2.4288108348846436,3.5208330154418945,3.5625,3.5208330154418945,3.5625,912000
1996-04-04,2.4359958171844482,3.53125,3.53125,3.53125,3.53125,2400
1996-04-08,2.4647409915924072,3.5729169845581055,3.5729169845581055,3.53125,3.53125,115200
1996-04-09,2.4719254970550537,3.5833330154418945,3.7083330154418945,3.5416669845581055,3.5416669845581055,38400
1996-04-10,2.4719254970550537,3.5833330154418945,3.5833330154418945,3.5833330154418945,3.5833330154418945,7200
1996-04-11,2.6156420707702637,3.7916669845581055,3.9270830154418945,3.6666669845581055,3.75,146400
1996-04-12,2.673128843307495,3.875,3.9895830154418945,3.875,3.9895830154418945,14400
1996-04-15,2.7593581676483154,4.0,4.0,3.8333330154418945,3.8333330154418945,12000
1996-04-16,2.5868985652923584,3.75,3.75,3.7083330154418945,3.7083330154418945,988800
1996-04-17,2.5581552982330322,3.7083330154418945,3.7083330154418945,3.7083330154418945,3.7083330154418945,12000
1996-04-18,2.5581552982330322,3.7083330154418945,3.7083330154418945,3.7083330154418945,3.7083330154418945,0
1996-04-19,2.5581552982330322,3.7083330154418945,3.7083330154418945,3.7083330154418945,3.7083330154418945,2400
1996-04-22,2.6156420707702637,3.7916669845581055,3.7916669845581055,3.7083330154418945,3.7083330154418945,7200
1996-04-23,2.7018723487854004,3.9166669845581055,3.9166669845581055,3.75,3.75,62400
1996-04-24,2.7018723487854004,3.9166669845581055,3.9166669845581055,3.9166669845581055,3.9166669845581055,0
1996-04-25,2.4431827068328857,3.5416669845581055,3.7083330154418945,3.5416669845581055,3.7083330154418945,108000
1996-04-26,2.421624183654785,3.5104169845581055,3.5104169845581055,3.4895830154418945,3.4895830154418945,237600
1996-04-29,2.421624183654785,3.5104169845581055,3.5104169845581055,3.5104169845581055,3.5104169845581055,0
1996-04-30,2.4431827068328857,3.5416669845581055,3.5416669845581055,3.5416669845581055,3.5416669845581055,86400
1996-05-01,2.4575538635253906,3.5625,3.5625,3.5416669845581055,3.5416669845581055,240000
1996-05-02,2.4575538635253906,3.5625,3.5625,3.5625,3.5625,0
1996-05-03,2.4575538635253906,3.5625,3.5625,3.5625,3.5625,21600
1996-05-06,2.6156420707702637,3.7916669845581055,3.7916669845581055,3.75,3.75,124800
1996-05-07,2.5150413513183594,3.6458330154418945,3.6458330154418945,3.6458330154418945,3.6458330154418945,4800
1996-05-08,2.534796953201294,3.6354169845581055,3.6354169845581055,3.6354169845581055,3.6354169845581055,7200
1996-05-09,2.585636615753174,3.7083330154418945,3.7916669845581055,3.7083330154418945,3.7916669845581055,33600
1996-05-10,2.585636615753174,3.7083330154418945,3.7083330154418945,3.7083330154418945,3.7083330154418945,0
1996-05-13,2.585636615753174,3.7083330154418945,3.7083330154418945,3.7083330154418945,3.7083330154418945,0
1996-05-14,2.534796953201294,3.6354169845581055,3.6354169845581055,3.625,3.625,4800
1996-05-15,2.534796953201294,3.6354169845581055,3.6354169845581055,3.6354169845581055,3.6354169845581055,0
1996-05-16,2.5420594215393066,3.6458330154418945,3.6458330154418945,3.6458330154418945,3.6458330154418945,4800
1996-05-17,2.5565857887268066,3.6666669845581055,3.6666669845581055,3.6666669845581055,3.6666669845581055,21600
1996-05-20,2.5565857887268066,3.6666669845581055,3.6666669845581055,3.6666669845581055,3.6666669845581055,0
1996-05-21,2.5420594215393066,3.6458330154418945,3.6666669845581055,3.6458330154418945,3.6458330154418945,33600
1996-05-22,2.5420594215393066,3.6458330154418945,3.6458330154418945,3.6458330154418945,3.6458330154418945,4800
1996-05-23,2.534796953201294,3.6354169845581055,3.6458330154418945,3.6354169845581055,3.6354169845581055,52800
1996-05-24,2.5420594215393066,3.6458330154418945,3.6458330154418945,3.6354169845581055,3.6458330154418945,57600
1996-05-28,2.5420594215393066,3.6458330154418945,3.6458330154418945,3.6458330154418945,3.6458330154418945,2400
1996-05-29,2.5420594215393066,3.6458330154418945,3.6770830154418945,3.6458330154418945,3.6770830154418945,19200
1996-05-30,2.5420594215393066,3.6458330154418945,3.6458330154418945,3.6458330154418945,3.6458330154418945,0
1996-05-31,2.585636615753174,3.7083330154418945,3.7083330154418945,3.6458330154418945,3.7083330154418945,21600
1996-06-03,2.585636615753174,3.7083330154418945,3.7083330154418945,3.7083330154418945,3.7083330154418945,0
1996-06-04,2.5420594215393066,3.6458330154418945,3.6458330154418945,3.6458330154418945,3.6458330154418945,2400
1996-06-05,2.5493218898773193,3.65625,3.7083330154418945,3.65625,3.65625,16800
1996-06-06,2.5420594215393066,3.6458330154418945,3.6458330154418945,3.6458330154418945,3.6458330154418945,14400
1996-06-07,2.5420594215393066,3.6458330154418945,3.6458330154418945,3.6458330154418945,3.6458330154418945,0
1996-06-10,2.5493218898773193,3.65625,3.7083330154418945,3.6458330154418945,3.65625,108000
1996-06-11,2.5529532432556152,3.6614580154418945,3.6614580154418945,3.6458330154418945,3.6614580154418945,28800
1996-06-12,2.563847780227661,3.6770830154418945,3.6770830154418945,3.6458330154418945,3.6770830154418945,50400
1996-06-13,2.5565857887268066,3.6666669845581055,3.796875,3.6666669845581055,3.6666669845581055,100800
1996-06-14,2.5565857887268066,3.6666669845581055,3.6666669845581055,3.6666669845581055,3.6666669845581055,0
1996-06-17,2.585636615753174,3.7083330154418945,3.7083330154418945,3.6666669845581055,3.7083330154418945,69600
1996-06-18,2.585636615753174,3.7083330154418945,3.7083330154418945,3.7083330154418945,3.7083330154418945,0
1996-06-19,2.585636615753174,3.7083330154418945,3.7083330154418945,3.7083330154418945,3.7083330154418945,0
1996-06-20,2.585636615753174,3.7083330154418945,3.7083330154418945,3.7083330154418945,3.7083330154418945,0
1996-06-21,2.643742799758911,3.7916669845581055,3.7916669845581055,3.7916669845581055,3.7916669845581055,36000
1996-06-24,2.585636615753174,3.7083330154418945,3.7083330154418945,3.6875,3.7083330154418945,76800
1996-06-25,2.701845645904541,3.875,3.9166669845581055,3.875,3.875,9600
1996-06-26,2.600162982940674,3.7291669845581055,3.9166669845581055,3.6875,3.7291669845581055,9600
1996-06-27,2.600162982940674,3.7291669845581055,3.7291669845581055,3.7291669845581055,3.7291669845581055,0
1996-06-28,2.600162982940674,3.7291669845581055,3.7291669845581055,3.7291669845581055,3.7291669845581055,0
1996-07-01,2.600162982940674,3.7291669845581055,3.7291669845581055,3.7291669845581055,3.7291669845581055,0
1996-07-02,2.600162982940674,3.7291669845581055,3.7291669845581055,3.7291669845581055,3.7291669845581055,0
1996-07-03,2.600162982940674,3.7291669845581055,3.7291669845581055,3.7291669845581055,3.7291669845581055,0
1996-07-05,2.600162982940674,3.7291669845581055,3.7291669845581055,3.7291669845581055,3.7291669845581055,0
1996-07-08,2.672792911529541,3.8333330154418945,3.8333330154418945,3.8333330154418945,3.8333330154418945,12000
1996-07-09,2.672792911529541,3.8333330154418945,3.8333330154418945,3.8333330154418945,3.8333330154418945,0
1996-07-10,2.5711121559143066,3.6875,3.6875,3.6875,3.6875,2400
1996-07-11,2.585636615753174,3.7083330154418945,3.7083330154418945,3.6875,3.7083330154418945,43200
1996-07-12,2.5711121559143066,3.6875,3.7083330154418945,3.6875,3.6875,31200
1996-07-15,2.5711121559143066,3.6875,3.7083330154418945,3.6875,3.6875,134400
1996-07-16,2.5565857887268066,3.6666669845581055,3.6875,3.6666669845581055,3.6666669845581055,14400
1996-07-17,2.5565857887268066,3.6666669845581055,3.6666669845581055,3.6666669845581055,3.6666669845581055,0
1996-07-18,2.5565857887268066,3.6666669845581055,3.6666669845581055,3.6666669845581055,3.6666669845581055,0
1996-07-19,2.5565857887268066,3.6666669845581055,3.6666669845581055,3.6666669845581055,3.6666669845581055,0
1996-07-22,2.5565857887268066,3.6666669845581055,3.6666669845581055,3.6666669845581055,3.6666669845581055,0
1996-07-23,2.5711121559143066,3.6875,3.6979169845581055,3.6875,3.6875,208800
1996-07-24,2.5275330543518066,3.625,3.6666669845581055,3.625,3.6666669845581055,76800
1996-07-25,2.5420594215393066,3.6458330154418945,3.6458330154418945,3.6354169845581055,3.6458330154418945,81600
1996-07-26,2.5420594215393066,3.6458330154418945,3.6458330154418945,3.6458330154418945,3.6458330154418945,0
1996-07-29,2.534796953201294,3.6354169845581055,3.6354169845581055,3.6354169845581055,3.6354169845581055,4800
1996-07-30,2.534796953201294,3.6354169845581055,3.6354169845581055,3.6354169845581055,3.6354169845581055,0
1996-07-31,2.534796953201294,3.6354169845581055,3.6354169845581055,3.6354169845581055,3.6354169845581055,0
1996-08-01,2.5275330543518066,3.625,3.625,3.625,3.625,21600
1996-08-02,2.5711121559143066,3.6875,3.6875,3.625,3.6875,60000
1996-08-05,2.6146891117095947,3.75,3.75,3.6458330154418945,3.6458330154418945,62400
1996-08-06,2.6146891117095947,3.75,3.75,3.75,3.75,4800
1996-08-07,2.6146891117095947,3.75,3.75,3.75,3.75,4800
1996-08-08,2.5711121559143066,3.6875,3.6875,3.6875,3.6875,2400
1996-08-09,2.5711121559143066,3.6875,3.6875,3.6875,3.6875,9600
1996-08-12,2.5711121559143066,3.6875,3.6875,3.6875,3.6875,0
1996-08-13,2.5711121559143066,3.6875,3.6875,3.6875,3.6875,4800
1996-08-14,2.5783746242523193,3.6979169845581055,3.7291669845581055,3.6979169845581055,3.7083330154418945,244800
1996-08-15,2.600162982940674,3.7291669845581055,3.7291669845581055,3.6979169845581055,3.7291669845581055,136800
1996-08-16,2.5960776805877686,3.723306894302368,3.723306894302368,3.7083330154418945,3.7083330154418945,31200
1996-08-19,2.6292152404785156,3.7708330154418945,3.7708330154418945,3.7708330154418945,3.7708330154418945,2400
1996-08-20,2.6146891117095947,3.75,3.7916669845581055,3.7395830154418945,3.7916669845581055,24000
1996-08-21,2.6146891117095947,3.75,3.75,3.75,3.75,0
1996-08-22,2.643742799758911,3.7916669845581055,3.7916669845581055,3.71875,3.71875,74400
1996-08-23,2.5960776805877686,3.723306894302368,3.723306894302368,3.723306894302368,3.723306894302368,2400
1996-08-26,2.643742799758911,3.7916669845581055,3.7916669845581055,3.7916669845581055,3.7916669845581055,2400
1996-08-27,2.643742799758911,3.7916669845581055,3.7916669845581055,3.7916669845581055,3.7916669845581055,0
1996-08-28,2.643742799758911,3.7916669845581055,3.7916669845581055,3.7916669845581055,3.7916669845581055,0
1996-08-29,2.5928995609283447,3.71875,3.71875,3.71875,3.71875,26400
1996-08-30,2.6146891117095947,3.75,3.75,3.71875,3.71875,40800
1996-09-03,2.5928995609283447,3.71875,3.71875,3.71875,3.71875,7200
1996-09-04,2.600162982940674,3.7291669845581055,3.7291669845581055,3.7291669845581055,3.7291669845581055,2400
1996-09-05,2.600162982940674,3.7291669845581055,3.7708330154418945,3.7291669845581055,3.7708330154418945,7200
1996-09-06,2.6219520568847656,3.7604169845581055,3.7604169845581055,3.75,3.75,348000
1996-09-09,2.6292152404785156,3.7708330154418945,3.7916669845581055,3.7395830154418945,3.7395830154418945,115200
1996-09-10,2.643742799758911,3.7916669845581055,3.7916669845581055,3.75,3.75,276000
1996-09-11,2.6800568103790283,3.84375,3.84375,3.7708330154418945,3.7708330154418945,4800
1996-09-12,2.672792911529541,3.8333330154418945,3.8958330154418945,3.7708330154418945,3.7708330154418945,26400
1996-09-13,2.643742799758911,3.7916669845581055,3.7916669845581055,3.78125,3.7916669845581055,50400
1996-09-16,2.643742799758911,3.7916669845581055,3.7916669845581055,3.7916669845581055,3.7916669845581055,0
1996-09-17,2.643742799758911,3.7916669845581055,3.7916669845581055,3.7916669845581055,3.7916669845581055,12000
1996-09-18,2.71637225151062,3.8958330154418945,3.8958330154418945,3.8958330154418945,3.8958330154418945,2400
1996-09-19,2.672792911529541,3.8333330154418945,3.8333330154418945,3.7916669845581055,3.8333330154418945,60000
1996-09-20,2.71637225151062,3.8958330154418945,3.8958330154418945,3.8958330154418945,3.8958330154418945,2400
1996-09-23,2.71637225151062,3.8958330154418945,3.8958330154418945,3.8958330154418945,3.8958330154418945,0
1996-09-24,2.6582674980163574,3.8125,3.8958330154418945,3.8125,3.8125,12000
1996-09-25,2.6582674980163574,3.8125,3.8125,3.8125,3.8125,0
1996-09-26,2.6582674980163574,3.8125,3.8125,3.8125,3.8125,0
1996-09-27,2.723634958267212,3.90625,3.90625,3.8333330154418945,3.8541669845581055,26400
1996-09-30,2.7308990955352783,3.9166669845581055,3.9166669845581055,3.9166669845581055,3.9166669845581055,14400
1996-10-01,2.672792911529541,3.8333330154418945,3.875,3.8333330154418945,3.875,4800
1996-10-02,2.672792911529541,3.8333330154418945,3.8333330154418945,3.8333330154418945,3.8333330154418945,9600
1996-10-03,2.672792911529541,3.8333330154418945,3.8333330154418945,3.8333330154418945,3.8333330154418945,0
1996-10-04,2.672792911529541,3.8333330154418945,3.8333330154418945,3.8333330154418945,3.8333330154418945,0
1996-10-07,2.701845645904541,3.875,3.875,3.875,3.875,7200
1996-10-08,2.734529972076416,3.921875,3.921875,3.9166669845581055,3.9166669845581055,285600
1996-10-09,2.7308990955352783,3.9166669845581055,3.9166669845581055,3.875,3.9114580154418945,103200
1996-10-10,2.701845645904541,3.875,3.8854169845581055,3.875,3.8854169845581055,148800
1996-10-11,2.7454240322113037,3.9375,3.9479169845581055,3.8958330154418945,3.9479169845581055,12000
1996-10-14,2.701845645904541,3.875,3.875,3.875,3.875,4800
1996-10-15,2.701845645904541,3.875,3.875,3.875,3.875,9600
1996-10-16,2.71637225151062,3.8958330154418945,3.8958330154418945,3.875,3.875,28800
1996-10-17,2.7526872158050537,3.9479169845581055,3.9479169845581055,3.9479169845581055,3.9479169845581055,2400
1996-10-18,2.701845645904541,3.875,3.8958330154418945,3.875,3.875,50400
1996-10-21,2.7308990955352783,3.9166669845581055,3.9166669845581055,3.875,3.9166669845581055,50400
1996-10-22,2.701845645904541,3.875,3.875,3.875,3.875,14400
1996-10-23,2.709108829498291,3.8854169845581055,3.8854169845581055,3.875,3.875,72000
1996-10-24,2.709108829498291,3.8854169845581055,3.8854169845581055,3.875,3.875,26400
1996-10-25,2.71637225151062,3.8958330154418945,3.9375,3.8958330154418945,3.9375,26400
1996-10-28,2.71637225151062,3.8958330154418945,3.8958330154418945,3.8958330154418945,3.8958330154418945,0
1996-10-29,2.7454240322113037,3.9375,3.9375,3.9166669845581055,3.9166669845581055,40800
1996-10-30,2.7599494457244873,3.9583330154418945,3.9895830154418945,3.9375,3.9895830154418945,24000
1996-10-31,2.7599494457244873,3.9583330154418945,3.9583330154418945,3.9583330154418945,3.9583330154418945,0
1996-11-01,2.7672135829925537,3.96875,3.96875,3.9375,3.9375,24000
1996-11-04,2.7454240322113037,3.9375,3.96875,3.9375,3.9375,36000
1996-11-05,2.7672135829925537,3.96875,3.96875,3.9375,3.9375,12000
1996-11-06,2.7454240322113037,3.9375,3.9375,3.9375,3.9375,26400
1996-11-07,2.7744765281677246,3.9791669845581055,4.0833330154418945,3.9791669845581055,4.0833330154418945,4800
1996-11-08,2.7744765281677246,3.9791669845581055,3.9947919845581055,3.9791669845581055,3.9947919845581055,295200
1996-11-11,2.7744765281677246,3.9791669845581055,3.9791669845581055,3.9791669845581055,3.9791669845581055,0
1996-11-12,2.7744765281677246,3.9791669845581055,4.0729169845581055,3.9791669845581055,3.9791669845581055,7200
1996-11-13,2.7744765281677246,3.9791669845581055,3.9791669845581055,3.9791669845581055,3.9791669845581055,0
1996-11-14,2.7744765281677246,3.9791669845581055,4.0833330154418945,3.9791669845581055,3.9791669845581055,9600
1996-11-15,2.7744765281677246,3.9791669845581055,3.9791669845581055,3.9791669845581055,3.9791669845581055,16800
1996-11-18,2.7744765281677246,3.9791669845581055,3.9791669845581055,3.9791669845581055,3.9791669845581055,0
1996-11-19,2.7962660789489746,4.0104169845581055,4.0104169845581055,3.9583330154418945,3.9791669845581055,28800
1996-11-20,2.8471059799194336,4.0833330154418945,4.1666669845581055,4.0625,4.0833330154418945,55200
1996-11-21,3.3409934043884277,4.7916669845581055,4.875,4.1041669845581055,4.2708330154418945,136800
1996-11-22,3.384570360183716,4.8541669845581055,5.125,4.7083330154418945,4.8541669845581055,84000
1996-11-25,3.399096965789795,4.875,5.125,4.875,5.125,16800
1996-11-26,3.370044231414795,4.8333330154418945,5.0416669845581055,4.8333330154418945,4.8333330154418945,36000
1996-11-27,3.370044231414795,4.8333330154418945,4.8333330154418945,4.8333330154418945,4.8333330154418945,0
1996-11-29,3.370044231414795,4.8333330154418945,4.8333330154418945,4.8333330154418945,4.8333330154418945,0
1996-12-02,3.253835439682007,4.6666669845581055,4.9166669845581055,4.6666669845581055,4.6666669845581055,38400
1996-12-03,3.2247838973999023,4.625,4.625,4.625,4.625,24000
1996-12-04,3.399096965789795,4.875,4.875,4.625,4.625,4800
1996-12-05,3.253835439682007,4.6666669845581055,4.7916669845581055,4.6666669845581055,4.75,26400
1996-12-06,3.5588841438293457,5.1041669845581055,5.1041669845581055,4.7916669845581055,4.7916669845581055,60000
1996-12-09,3.6605663299560547,5.25,5.25,4.9583330154418945,5.25,19200
1996-12-10,3.515305995941162,5.0416669845581055,5.3333330154418945,5.0416669845581055,5.2083330154418945,50400
1996-12-11,3.4281485080718994,4.9166669845581055,4.9375,4.9166669845581055,4.9375,19200
1996-12-12,3.486253023147583,5.0,5.125,4.9166669845581055,5.0,7200
1996-12-13,3.5734095573425293,5.125,5.125,5.125,5.125,2400
1996-12-16,3.5734095573425293,5.125,5.125,5.125,5.125,2400
1996-12-17,3.5734095573425293,5.125,5.125,5.125,5.125,0
1996-12-18,3.5734095573425293,5.125,5.125,5.125,5.125,4800
1996-12-19,3.515305995941162,5.0416669845581055,5.0416669845581055,4.9583330154418945,5.0416669845581055,7200
1996-12-20,3.515305995941162,5.0416669845581055,5.125,5.0416669845581055,5.125,12000
1996-12-23,3.5734095573425293,5.125,5.125,5.1041669845581055,5.125,21600
1996-12-24,3.5734095573425293,5.125,5.125,5.125,5.125,0
1996-12-26,3.5661461353302,5.1145830154418945,5.2916669845581055,5.1145830154418945,5.2083330154418945,16800
1996-12-27,3.7186689376831055,5.3333330154418945,5.3333330154418945,5.2083330154418945,5.2916669845581055,74400
1996-12-30,3.805826187133789,5.4583330154418945,5.4583330154418945,5.3333330154418945,5.3333330154418945,36000
1996-12-31,3.834876775741577,5.5,5.7083330154418945,5.4583330154418945,5.4583330154418945,52800
1997-01-02,3.892983913421631,5.5833330154418945,5.7083330154418945,5.4583330154418945,5.4583330154418945,26400
1997-01-03,3.9510860443115234,5.6666669845581055,5.6666669845581055,5.6666669845581055,5.6666669845581055,14400
1997-01-06,3.922032356262207,5.625,5.6666669845581055,5.5,5.625,16800
1997-01-07,3.9038772583007812,5.5989580154418945,5.6666669845581055,5.5416669845581055,5.6666669845581055,14400
1997-01-08,3.922032356262207,5.625,5.7083330154418945,5.5416669845581055,5.5416669845581055,52800
1997-01-09,3.922032356262207,5.625,5.75,5.625,5.75,76800
1997-01-10,4.009188652038574,5.75,5.75,5.6666669845581055,5.75,40800
1997-01-13,4.009188652038574,5.75,5.75,5.6666669845581055,5.75,141600
1997-01-14,4.1835036277771,6.0,6.0,5.9583330154418945,5.9583330154418945,7200
1997-01-15,4.096348285675049,5.875,6.0416669845581055,5.7083330154418945,5.7083330154418945,43200
1997-01-16,4.241608619689941,6.0833330154418945,6.0833330154418945,5.7395830154418945,6.0833330154418945,24000
1997-01-17,4.125399112701416,5.9166669845581055,6.125,5.9166669845581055,6.0833330154418945,91200
1997-01-20,4.299713611602783,6.1666669845581055,6.2083330154418945,6.0416669845581055,6.0833330154418945,64800
1997-01-21,4.328760147094727,6.2083330154418945,6.2083330154418945,6.0416669845581055,6.2083330154418945,38400
1997-01-22,4.270658493041992,6.125,6.1666669845581055,6.0520830154418945,6.0625,132000
1997-01-23,4.1835036277771,6.0,6.0416669845581055,5.9479169845581055,6.0416669845581055,50400
1997-01-24,4.125399112701416,5.9166669845581055,5.96875,5.9166669845581055,5.96875,16800
1997-01-27,4.139925003051758,5.9375,5.9375,5.9375,5.9375,9600
1997-01-28,4.110872745513916,5.8958330154418945,5.9166669845581055,5.8958330154418945,5.9166669845581055,48000
1997-01-29,4.154450416564941,5.9583330154418945,5.9583330154418945,5.9166669845581055,5.9583330154418945,19200
1997-01-30,4.154450416564941,5.9583330154418945,5.9583330154418945,5.875,5.8958330154418945,187200
1997-01-31,4.154450416564941,5.9583330154418945,5.9583330154418945,5.9583330154418945,5.9583330154418945,4800
1997-02-03,4.096348285675049,5.875,5.9583330154418945,5.875,5.9583330154418945,19200
1997-02-04,4.038244724273682,5.7916669845581055,5.8802080154418945,5.7916669845581055,5.875,110400
1997-02-05,3.7477214336395264,5.375,5.75,5.2083330154418945,5.5416669845581055,139200
1997-02-06,3.892983913421631,5.5833330154418945,5.6666669845581055,5.4166669845581055,5.5833330154418945,74400
1997-02-07,3.776775360107422,5.4166669845581055,5.5416669845581055,5.3333330154418945,5.5416669845581055,69600
1997-02-10,3.892983913421631,5.5833330154418945,5.9166669845581055,5.5625,5.6666669845581055,208200
1997-02-11,3.922032356262207,5.625,5.75,5.5416669845581055,5.75,73200
1997-02-12,3.905693769454956,5.601562976837158,5.75,5.5833330154418945,5.75,64800
1997-02-13,3.9510860443115234,5.6666669845581055,5.75,5.5833330154418945,5.75,754200
1997-02-14,3.9510860443115234,5.6666669845581055,5.7083330154418945,5.5833330154418945,5.7083330154418945,48600
1997-02-18,3.9510860443115234,5.6666669845581055,5.7083330154418945,5.5833330154418945,5.7083330154418945,44400
1997-02-19,3.8639302253723145,5.5416669845581055,5.6666669845581055,5.5,5.5833330154418945,151200
1997-02-20,3.876640796661377,5.559895992279053,5.6666669845581055,5.5416669845581055,5.6666669845581055,18000
1997-02-21,3.9510860443115234,5.6666669845581055,5.6666669845581055,5.5416669845581055,5.6666669845581055,3000
1997-02-24,3.9510860443115234,5.6666669845581055,5.6666669845581055,5.5416669845581055,5.5416669845581055,24000
1997-02-25,3.9510860443115234,5.6666669845581055,5.6666669845581055,5.5416669845581055,5.5416669845581055,12000
1997-02-26,3.8839030265808105,5.570312976837158,5.6666669845581055,5.5416669845581055,5.6666669845581055,37200
1997-02-27,3.7477214336395264,5.375,5.5833330154418945,5.1666669845581055,5.5833330154418945,175800
1997-02-28,3.776775360107422,5.4166669845581055,5.4166669845581055,5.2916669845581055,5.2916669845581055,15000
1997-03-03,3.7186689376831055,5.3333330154418945,5.351562976837158,5.2916669845581055,5.2916669845581055,126000
1997-03-04,3.68962025642395,5.2916669845581055,5.393229007720947,5.2916669845581055,5.393229007720947,7200
1997-03-05,3.6315131187438965,5.2083330154418945,5.3333330154418945,5.2083330154418945,5.2916669845581055,9600
1997-03-06,3.4281485080718994,4.9166669845581055,5.3333330154418945,4.9166669845581055,5.2083330154418945,44400
1997-03-07,3.515305995941162,5.0416669845581055,5.0416669845581055,4.9583330154418945,5.0416669845581055,13800
1997-03-10,3.40272855758667,4.8802080154418945,5.0416669845581055,4.875,5.0416669845581055,93600
1997-03-11,3.399096965789795,4.875,4.9583330154418945,4.875,4.9583330154418945,46200
1997-03-12,3.411806106567383,4.893229007720947,4.9583330154418945,4.7083330154418945,4.875,60600
1997-03-13,3.253835439682007,4.6666669845581055,4.8333330154418945,4.25,4.6666669845581055,219600
1997-03-14,3.1957321166992188,4.5833330154418945,4.7083330154418945,4.5,4.7083330154418945,31800
1997-03-17,3.1666791439056396,4.5416669845581055,4.5833330154418945,4.4166669845581055,4.518229007720947,294000
1997-03-18,3.0795233249664307,4.4166669845581055,4.5416669845581055,4.4166669845581055,4.4583330154418945,143400
1997-03-19,3.0795233249664307,4.4166669845581055,4.5416669845581055,4.4166669845581055,4.434895992279053,70800
1997-03-20,3.1376280784606934,4.5,4.5,4.375,4.4166669845581055,103200
1997-03-21,3.108574867248535,4.4583330154418945,4.5416669845581055,4.434895992279053,4.434895992279053,85200
1997-03-24,3.1957321166992188,4.5833330154418945,4.5833330154418945,4.5833330154418945,4.5833330154418945,7200
1997-03-25,3.1666791439056396,4.5416669845581055,4.5833330154418945,4.4583330154418945,4.4583330154418945,122400
1997-03-26,3.1503372192382812,4.518229007720947,4.6666669845581055,4.518229007720947,4.559895992279053,34200
1997-03-27,3.108574867248535,4.4583330154418945,4.5833330154418945,4.4583330154418945,4.5,112200
1997-03-31,3.1666791439056396,4.5416669845581055,4.5416669845581055,4.4583330154418945,4.4583330154418945,25200
1997-04-01,3.1666791439056396,4.5416669845581055,4.5416669845581055,4.5416669845581055,4.5416669845581055,6600
1997-04-02,3.1376280784606934,4.5,4.5416669845581055,4.5,4.5,13800
1997-04-03,3.1376280784606934,4.5,4.5416669845581055,4.5,4.5416669845581055,47400
1997-04-04,3.1666791439056396,4.5416669845581055,4.5416669845581055,4.5,4.5416669845581055,3600
1997-04-07,3.1666791439056396,4.5416669845581055,4.5416669845581055,4.5416669845581055,4.5416669845581055,22200
1997-04-08,3.1666791439056396,4.5416669845581055,4.5416669845581055,4.4166669845581055,4.4166669845581055,6000
1997-04-09,3.1376280784606934,4.5,4.5833330154418945,4.5,4.5833330154418945,16800
1997-04-10,3.1957321166992188,4.5833330154418945,4.5833330154418945,4.4583330154418945,4.4583330154418945,6000
1997-04-11,3.108574867248535,4.4583330154418945,4.559895992279053,4.4583330154418945,4.559895992279053,12600
1997-04-14,3.108574867248535,4.4583330154418945,4.5833330154418945,4.4583330154418945,4.5833330154418945,3000
1997-04-15,3.1957321166992188,4.5833330154418945,4.5833330154418945,4.4583330154418945,4.5833330154418945,45600
1997-04-16,3.1376280784606934,4.5,4.5,4.4583330154418945,4.4583330154418945,1800
1997-04-17,3.1376280784606934,4.5,4.5,4.5,4.5,3000
1997-04-18,3.1957321166992188,4.5833330154418945,4.5833330154418945,4.5,4.5,1800
1997-04-21,3.1376280784606934,4.5,4.5833330154418945,4.4583330154418945,4.5833330154418945,98400
1997-04-22,3.0795233249664307,4.4166669845581055,4.625,4.375,4.625,62400
1997-04-23,3.1957321166992188,4.5833330154418945,4.5833330154418945,4.4166669845581055,4.5833330154418945,9600
1997-04-24,3.1957321166992188,4.5833330154418945,4.5833330154418945,4.5833330154418945,4.5833330154418945,3600
1997-04-25,3.1957321166992188,4.5833330154418945,4.5833330154418945,4.4166669845581055,4.4166669845581055,4800
1997-04-28,3.1793901920318604,4.559895992279053,4.559895992279053,4.4166669845581055,4.5,27600
1997-04-29,3.092233896255493,4.434895992279053,4.5833330154418945,4.4166669845581055,4.4166669845581055,27000
1997-04-30,3.1376280784606934,4.5,4.5833330154418945,4.4166669845581055,4.5833330154418945,18600
1997-05-01,3.0795233249664307,4.4166669845581055,4.5833330154418945,4.4166669845581055,4.4166669845581055,49800
1997-05-02,3.0795233249664307,4.4166669845581055,4.5833330154418945,4.4166669845581055,4.4166669845581055,198600
1997-05-05,3.1957321166992188,4.5833330154418945,4.5833330154418945,4.5833330154418945,4.5833330154418945,6600
1997-05-06,3.1957321166992188,4.5833330154418945,4.5833330154418945,4.4166669845581055,4.4166669845581055,245400
1997-05-07,3.2815210819244385,4.6666669845581055,4.75,4.5,4.5416669845581055,54000
1997-05-08,3.2815210819244385,4.6666669845581055,4.75,4.5833330154418945,4.6666669845581055,24600
1997-05-09,3.2815210819244385,4.6666669845581055,4.8333330154418945,4.6666669845581055,4.8333330154418945,20400
1997-05-12,3.398716926574707,4.8333330154418945,4.8333330154418945,4.6666669845581055,4.6666669845581055,51000
1997-05-13,3.22292160987854,4.5833330154418945,4.75,4.5833330154418945,4.6666669845581055,48600
1997-05-14,3.3694207668304443,4.7916669845581055,4.7916669845581055,4.5833330154418945,4.7916669845581055,37200
1997-05-15,3.3694207668304443,4.7916669845581055,4.8333330154418945,4.625,4.7916669845581055,50400
1997-05-16,3.252220869064331,4.625,4.625,4.625,4.625,6000
1997-05-19,3.4280176162719727,4.875,4.875,4.7083330154418945,4.8333330154418945,67200
1997-05-20,3.3108208179473877,4.7083330154418945,4.875,4.7083330154418945,4.875,9600
1997-05-21,3.4573168754577637,4.9166669845581055,4.9166669845581055,4.7083330154418945,4.75,72600
1997-05-22,3.4573168754577637,4.9166669845581055,4.9166669845581055,4.9166669845581055,4.9166669845581055,27600
1997-05-23,3.4573168754577637,4.9166669845581055,5.0416669845581055,4.9166669845581055,4.9583330154418945,36600
1997-05-27,3.4280176162719727,4.875,5.0416669845581055,4.8333330154418945,5.0416669845581055,154800
1997-05-28,3.5452141761779785,5.0416669845581055,5.0416669845581055,4.893229007720947,4.9166669845581055,43200
1997-05-29,3.4573168754577637,4.9166669845581055,5.0416669845581055,4.9166669845581055,5.0,22800
1997-05-30,3.4280176162719727,4.875,5.0416669845581055,4.875,5.0416669845581055,13800
1997-06-02,3.5452141761779785,5.0416669845581055,5.0416669845581055,4.875,4.875,23400
1997-06-03,3.5745129585266113,5.0833330154418945,5.0833330154418945,4.875,4.9583330154418945,61200
1997-06-04,3.9554026126861572,5.625,6.125,5.1666669845581055,5.25,469800
1997-06-05,3.9261069297790527,5.5833330154418945,5.8333330154418945,5.5416669845581055,5.8333330154418945,55800
1997-06-06,3.8382058143615723,5.4583330154418945,5.6666669845581055,5.4583330154418945,5.625,48600
1997-06-09,3.779607057571411,5.375,5.5833330154418945,5.3333330154418945,5.5833330154418945,64800
1997-06-10,3.984701633453369,5.6666669845581055,5.6666669845581055,5.4166669845581055,5.4166669845581055,106200
1997-06-11,3.984701633453369,5.6666669845581055,5.6666669845581055,5.5,5.6666669845581055,48600
1997-06-12,3.8675036430358887,5.5,5.6666669845581055,5.4583330154418945,5.5,57000
1997-06-13,3.984701633453369,5.6666669845581055,5.6666669845581055,5.4583330154418945,5.4583330154418945,14400
1997-06-16,3.8382058143615723,5.4583330154418945,5.6666669845581055,5.4583330154418945,5.5,5400
1997-06-17,3.8968071937561035,5.5416669845581055,5.6666669845581055,5.4166669845581055,5.4583330154418945,227400
1997-06-18,3.779607057571411,5.375,5.5,5.2916669845581055,5.375,42600
1997-06-19,3.8803253173828125,5.518229007720947,5.5833330154418945,5.4583330154418945,5.4583330154418945,52200
1997-06-20,3.9261069297790527,5.5833330154418945,5.625,5.4583330154418945,5.5833330154418945,89400
1997-06-23,3.984701633453369,5.6666669845581055,5.6666669845581055,5.5,5.625,114000
1997-06-24,3.9554026126861572,5.625,5.684895992279053,5.559895992279053,5.5833330154418945,65400
1997-06-25,3.9554026126861572,5.625,5.7916669845581055,5.625,5.6666669845581055,423600
1997-06-26,4.014001846313477,5.7083330154418945,5.7083330154418945,5.5833330154418945,5.5833330154418945,85200
1997-06-27,4.043300628662109,5.75,5.75,5.6666669845581055,5.7083330154418945,90600
1997-06-30,4.219098091125488,6.0,6.0833330154418945,5.7083330154418945,5.7083330154418945,331200
1997-07-01,4.189798831939697,5.9583330154418945,6.0833330154418945,5.8333330154418945,6.0833330154418945,110400
1997-07-02,4.173316478729248,5.934895992279053,5.976562976837158,5.8333330154418945,5.8333330154418945,73800
1997-07-03,4.173316478729248,5.934895992279053,6.0,5.9166669845581055,5.9583330154418945,76200
1997-07-07,4.114717483520508,5.851562976837158,5.976562976837158,5.851562976837158,5.9166669845581055,19800
1997-07-08,4.219098091125488,6.0,6.0,5.8333330154418945,5.8333330154418945,58800
1997-07-09,4.20261812210083,5.976562976837158,6.0,5.9166669845581055,6.0,34200
1997-07-10,4.20261812210083,5.976562976837158,6.0,5.9166669845581055,6.0,28800
1997-07-11,4.160499572753906,5.9166669845581055,6.0,5.9166669845581055,5.9166669845581055,18000
1997-07-14,4.336294651031494,6.1666669845581055,6.25,5.9166669845581055,5.9166669845581055,144600
1997-07-15,4.336294651031494,6.1666669845581055,6.2083330154418945,6.0416669845581055,6.2083330154418945,15600
1997-07-16,4.248396396636963,6.0416669845581055,6.2083330154418945,6.0416669845581055,6.1666669845581055,42000
1997-07-17,4.3655924797058105,6.2083330154418945,6.2083330154418945,6.0416669845581055,6.0416669845581055,9600
1997-07-18,4.248396396636963,6.0416669845581055,6.125,6.0416669845581055,6.0416669845581055,67200
1997-07-21,4.2776970863342285,6.0833330154418945,6.153645992279053,6.0416669845581055,6.0416669845581055,40200
1997-07-22,4.306994915008545,6.125,6.125,6.0,6.0416669845581055,40800
1997-07-23,4.219098091125488,6.0,6.101562976837158,6.0,6.0,34800
1997-07-24,4.20261812210083,5.976562976837158,6.0833330154418945,5.9583330154418945,6.0,30000
1997-07-25,4.189798831939697,5.9583330154418945,6.0833330154418945,5.9583330154418945,5.9583330154418945,23400
1997-07-28,4.160499572753906,5.9166669845581055,6.0833330154418945,5.9166669845581055,6.0833330154418945,51000
1997-07-29,4.219098091125488,6.0,6.0416669845581055,5.875,5.9166669845581055,90600
1997-07-30,4.101900577545166,5.8333330154418945,5.875,5.7083330154418945,5.875,53400
1997-07-31,4.101900577545166,5.8333330154418945,5.8333330154418945,5.8333330154418945,5.8333330154418945,1200
1997-08-01,4.043300628662109,5.75,5.7916669845581055,5.6666669845581055,5.75,47400
1997-08-04,4.085419654846191,5.809895992279053,5.8333330154418945,5.7083330154418945,5.7083330154418945,42600
1997-08-05,4.085419654846191,5.809895992279053,5.875,5.768229007720947,5.768229007720947,6600
1997-08-06,4.101900577545166,5.8333330154418945,5.875,5.768229007720947,5.875,7200
1997-08-07,4.101900577545166,5.8333330154418945,5.9583330154418945,5.768229007720947,5.768229007720947,4800
1997-08-08,4.122044086456299,5.861979007720947,5.9583330154418945,5.768229007720947,5.768229007720947,5400
1997-08-11,4.072603225708008,5.7916669845581055,5.861979007720947,5.768229007720947,5.768229007720947,21600
1997-08-12,4.072603225708008,5.7916669845581055,5.9166669845581055,5.7916669845581055,5.7916669845581055,13800
1997-08-13,4.083382606506348,5.768229007720947,5.768229007720947,5.768229007720947,5.768229007720947,7800
1997-08-14,4.188462734222412,5.9166669845581055,5.9166669845581055,5.9166669845581055,5.9166669845581055,8400
1997-08-15,4.070477485656738,5.75,5.768229007720947,5.75,5.768229007720947,7800
1997-08-18,4.040979862213135,5.7083330154418945,5.7083330154418945,5.7083330154418945,5.7083330154418945,6000
1997-08-19,4.129469871520996,5.8333330154418945,5.8333330154418945,5.7083330154418945,5.7083330154418945,1200
1997-08-20,4.083382606506348,5.768229007720947,5.768229007720947,5.7083330154418945,5.7083330154418945,41400
1997-08-21,4.024390697479248,5.684895992279053,5.684895992279053,5.684895992279053,5.684895992279053,10800
1997-08-22,4.070477485656738,5.75,5.7916669845581055,5.6666669845581055,5.7916669845581055,30600
1997-08-25,3.9524946212768555,5.5833330154418945,5.6666669845581055,5.5833330154418945,5.6666669845581055,1200
1997-08-26,3.9229984283447266,5.5416669845581055,5.625,5.5416669845581055,5.625,11400
1997-08-27,3.965398073196411,5.601562976837158,5.601562976837158,5.5416669845581055,5.5416669845581055,21600
1997-08-28,3.981987476348877,5.625,5.6666669845581055,5.5416669845581055,5.5416669845581055,13800
1997-08-29,4.099976539611816,5.7916669845581055,5.7916669845581055,5.5833330154418945,5.643229007720947,20400
1997-09-02,4.1589674949646,5.875,5.893229007720947,5.6666669845581055,5.6666669845581055,160800
1997-09-03,4.129469871520996,5.8333330154418945,5.851562976837158,5.8333330154418945,5.8333330154418945,42000
1997-09-04,4.112876892089844,5.809895992279053,5.9166669845581055,5.809895992279053,5.9166669845581055,2400
1997-09-05,3.8934988975524902,5.5,5.8333330154418945,5.4583330154418945,5.809895992279053,271200
1997-09-08,3.8769097328186035,5.476562976837158,5.5833330154418945,5.375,5.4583330154418945,84000
1997-09-09,4.040979862213135,5.7083330154418945,5.75,5.434895992279053,5.4583330154418945,99000
1997-09-10,4.247455596923828,6.0,6.101562976837158,5.6666669845581055,5.6666669845581055,138000
1997-09-11,4.247455596923828,6.0,6.125,6.0,6.0,14400
1997-09-12,4.26035737991333,6.018229007720947,6.018229007720947,6.0,6.0,3600
1997-09-15,4.306448459625244,6.0833330154418945,6.0833330154418945,6.0,6.0833330154418945,11400
1997-09-16,4.247455596923828,6.0,6.125,5.9166669845581055,6.125,94200
1997-09-17,4.217959403991699,5.9583330154418945,6.0416669845581055,5.9583330154418945,6.0416669845581055,30600
1997-09-18,4.217959403991699,5.9583330154418945,6.0416669845581055,5.9583330154418945,6.0416669845581055,10200
1997-09-19,4.247455596923828,6.0,6.0833330154418945,5.9583330154418945,5.9583330154418945,12000
1997-09-22,4.230865478515625,5.976562976837158,6.0833330154418945,5.9166669845581055,6.0833330154418945,24000
1997-09-23,4.276951789855957,6.0416669845581055,6.0416669845581055,5.9166669845581055,5.9166669845581055,10200
1997-09-24,4.276951789855957,6.0416669845581055,6.0833330154418945,5.9583330154418945,6.0416669845581055,35400
1997-09-25,4.217959403991699,5.9583330154418945,5.9583330154418945,5.9583330154418945,5.9583330154418945,2400
1997-09-26,4.306448459625244,6.0833330154418945,6.125,5.934895992279053,6.0833330154418945,43800
1997-09-29,4.188462734222412,5.9166669845581055,6.125,5.9166669845581055,6.0833330154418945,71400
1997-09-30,4.129469871520996,5.8333330154418945,6.0,5.8333330154418945,6.0,36000
1997-10-01,4.112876892089844,5.809895992279053,5.875,5.809895992279053,5.875,52200
1997-10-02,4.129469871520996,5.8333330154418945,5.9583330154418945,5.809895992279053,5.9583330154418945,8400
1997-10-03,4.112876892089844,5.809895992279053,5.809895992279053,5.809895992279053,5.809895992279053,4800
1997-10-06,4.112876892089844,5.809895992279053,5.875,5.809895992279053,5.8333330154418945,33000
1997-10-07,4.188462734222412,5.9166669845581055,5.9166669845581055,5.809895992279053,5.809895992279053,78000
1997-10-08,4.1589674949646,5.875,5.875,5.809895992279053,5.809895992279053,1200
1997-10-09,4.112876892089844,5.809895992279053,5.809895992279053,5.809895992279053,5.809895992279053,1800
1997-10-10,4.188462734222412,5.9166669845581055,5.9166669845581055,5.809895992279053,5.809895992279053,12600
1997-10-13,4.129469871520996,5.8333330154418945,5.9166669845581055,5.8333330154418945,5.9166669845581055,9000
1997-10-14,4.129469871520996,5.8333330154418945,5.9166669845581055,5.8333330154418945,5.8333330154418945,37800
1997-10-15,4.1589674949646,5.875,5.875,5.875,5.875,600
1997-10-16,4.129469871520996,5.8333330154418945,5.9166669845581055,5.8333330154418945,5.9166669845581055,5400
1997-10-17,4.188462734222412,5.9166669845581055,5.9166669845581055,5.809895992279053,5.8333330154418945,12600
1997-10-20,4.070477485656738,5.75,5.875,5.75,5.809895992279053,31200
1997-10-21,4.070477485656738,5.75,5.75,5.684895992279053,5.684895992279053,39600
1997-10-22,4.040979862213135,5.7083330154418945,5.809895992279053,5.684895992279053,5.684895992279053,94800
1997-10-23,3.981987476348877,5.625,5.7916669845581055,5.625,5.7916669845581055,19800
1997-10-24,4.011483669281006,5.6666669845581055,5.7083330154418945,5.625,5.7083330154418945,52200
1997-10-27,3.9359030723571777,5.559895992279053,5.7083330154418945,5.559895992279053,5.7083330154418945,85800
1997-10-28,3.965398073196411,5.601562976837158,5.684895992279053,5.4166669845581055,5.4166669845581055,50400
1997-10-29,3.987518548965454,5.632812976837158,5.6666669845581055,5.5416669845581055,5.6666669845581055,43200
1997-10-30,4.011483669281006,5.6666669845581055,5.6666669845581055,5.5416669845581055,5.5833330154418945,96000
1997-10-31,4.040979862213135,5.7083330154418945,5.7083330154418945,5.601562976837158,5.601562976837158,6000
1997-11-03,4.011483669281006,5.6666669845581055,5.75,5.5416669845581055,5.5416669845581055,39600
1997-11-04,4.011483669281006,5.6666669845581055,5.75,5.6666669845581055,5.75,31200
1997-11-05,4.017014980316162,5.674479007720947,5.7916669845581055,5.6666669845581055,5.75,39600
1997-11-06,3.8934988975524902,5.5,5.625,5.5,5.625,23400
1997-11-07,3.7755157947540283,5.3333330154418945,5.4583330154418945,5.3333330154418945,5.375,120000
1997-11-10,3.9229984283447266,5.5416669845581055,5.5416669845581055,5.3333330154418945,5.3333330154418945,60000
1997-11-11,3.8050100803375244,5.375,5.5416669845581055,5.25,5.3333330154418945,42600
1997-11-12,3.832583427429199,5.375,5.375,5.3333330154418945,5.3333330154418945,82800
1997-11-13,3.8028736114501953,5.3333330154418945,5.5833330154418945,5.3333330154418945,5.3333330154418945,10800
1997-11-14,3.9811348915100098,5.5833330154418945,5.5833330154418945,5.5833330154418945,5.5833330154418945,1800
1997-11-17,3.832583427429199,5.375,5.5833330154418945,5.3333330154418945,5.476562976837158,66600
1997-11-18,3.8028736114501953,5.3333330154418945,5.3333330154418945,5.3333330154418945,5.3333330154418945,6000
1997-11-19,3.921713352203369,5.5,5.5,5.3333330154418945,5.3333330154418945,4200
1997-11-20,3.84557843208313,5.393229007720947,5.5833330154418945,5.3333330154418945,5.4583330154418945,24000
1997-11-21,3.8028736114501953,5.3333330154418945,5.403645992279053,5.3333330154418945,5.3333330154418945,13200
1997-11-24,3.8028736114501953,5.3333330154418945,5.3333330154418945,5.3333330154418945,5.3333330154418945,4800
1997-11-25,3.7564492225646973,5.268229007720947,5.3333330154418945,5.268229007720947,5.3333330154418945,15600
1997-11-26,3.84557843208313,5.393229007720947,5.4166669845581055,5.143229007720947,5.375,85800
1997-11-28,3.8920013904571533,5.4583330154418945,5.4583330154418945,5.375,5.393229007720947,31800
1997-12-01,3.9532783031463623,5.544270992279053,5.5833330154418945,5.3333330154418945,5.3333330154418945,58200
1997-12-02,3.9514245986938477,5.5416669845581055,5.5416669845581055,5.5,5.5,23400
1997-12-03,3.9514245986938477,5.5416669845581055,5.5833330154418945,5.5,5.5,29400
1997-12-04,3.9811348915100098,5.5833330154418945,5.5833330154418945,5.5833330154418945,5.5833330154418945,3600
1997-12-05,3.921713352203369,5.5,5.625,5.5,5.625,17400
1997-12-08,3.921713352203369,5.5,5.5833330154418945,5.5,5.5833330154418945,49200
1997-12-09,3.921713352203369,5.5,5.5,5.466145992279053,5.5,9600
1997-12-10,3.8920013904571533,5.4583330154418945,5.5,5.3333330154418945,5.5,39600
1997-12-11,3.8028736114501953,5.3333330154418945,5.5833330154418945,5.3333330154418945,5.5833330154418945,24600
1997-12-12,3.8622934818267822,5.4166669845581055,5.5,5.3333330154418945,5.5,38400
1997-12-15,3.8622934818267822,5.4166669845581055,5.5,5.3333330154418945,5.3333330154418945,20400
1997-12-16,3.8028736114501953,5.3333330154418945,5.5,5.3333330154418945,5.5,28800
1997-12-17,3.8028736114501953,5.3333330154418945,5.4166669845581055,5.3333330154418945,5.3333330154418945,56400
1997-12-18,3.8028736114501953,5.3333330154418945,5.5,5.3333330154418945,5.5,7800
1997-12-19,3.921713352203369,5.5,5.5,5.25,5.25,9600
1997-12-22,3.832583427429199,5.375,5.434895992279053,5.3333330154418945,5.434895992279053,4800
1997-12-23,3.7861595153808594,5.309895992279053,5.5,5.2916669845581055,5.2916669845581055,31800
1997-12-24,3.9050002098083496,5.476562976837158,5.476562976837158,5.309895992279053,5.309895992279053,6000
1997-12-26,3.921713352203369,5.5,5.5,5.5,5.5,1200
1997-12-29,3.7861595153808594,5.309895992279053,5.5,5.25,5.5,7200
1997-12-30,3.84557843208313,5.393229007720947,5.5,5.2916669845581055,5.375,13800
1997-12-31,3.84557843208313,5.393229007720947,5.434895992279053,5.375,5.375,39600
1998-01-02,3.84557843208313,5.393229007720947,5.5,5.393229007720947,5.393229007720947,38400
1998-01-05,3.84557843208313,5.393229007720947,5.4583330154418945,5.393229007720947,5.393229007720947,28200
1998-01-06,3.8622934818267822,5.4166669845581055,5.5,5.393229007720947,5.5,41400
1998-01-07,3.84557843208313,5.393229007720947,5.4166669845581055,5.393229007720947,5.393229007720947,121200
1998-01-08,3.84557843208313,5.393229007720947,5.4166669845581055,5.393229007720947,5.393229007720947,58800
1998-01-09,3.84557843208313,5.393229007720947,5.4166669845581055,5.210937976837158,5.4166669845581055,97800
1998-01-12,3.8028736114501953,5.3333330154418945,5.424479007720947,5.25,5.25,76200
1998-01-13,3.743452787399292,5.25,5.5,5.25,5.5,106200
1998-01-14,3.8028736114501953,5.3333330154418945,5.393229007720947,5.25,5.25,8400
1998-01-15,3.8028736114501953,5.3333330154418945,5.4166669845581055,5.3333330154418945,5.4166669845581055,25800
1998-01-16,3.8622934818267822,5.4166669845581055,5.5,5.2916669845581055,5.5,148800
1998-01-20,3.867861747741699,5.424479007720947,5.5,5.424479007720947,5.5,13800
1998-01-21,3.867861747741699,5.424479007720947,5.5,5.4166669845581055,5.4166669845581055,8400
1998-01-22,3.8622934818267822,5.4166669845581055,5.5,5.4166669845581055,5.4166669845581055,9000
1998-01-23,3.8622934818267822,5.4166669845581055,5.434895992279053,5.4166669845581055,5.4166669845581055,55800
1998-01-26,3.882716655731201,5.445312976837158,5.5,5.4166669845581055,5.4166669845581055,31800
1998-01-27,3.921713352203369,5.5,5.5,5.4166669845581055,5.4166669845581055,10800
1998-01-28,3.726741075515747,5.226562976837158,5.4583330154418945,5.184895992279053,5.4583330154418945,358800
1998-01-29,3.8611483573913574,5.375,5.375,5.1666669845581055,5.1666669845581055,27600
1998-01-30,3.8012888431549072,5.2916669845581055,5.375,5.2916669845581055,5.2916669845581055,85200
1998-02-02,3.8611483573913574,5.375,5.375,5.2083330154418945,5.2083330154418945,33600
1998-02-03,3.7414214611053467,5.2083330154418945,5.3333330154418945,5.2083330154418945,5.2083330154418945,5400
1998-02-04,3.7414214611053467,5.2083330154418945,5.2916669845581055,5.2083330154418945,5.2083330154418945,60000
1998-02-05,3.7245852947235107,5.184895992279053,5.3333330154418945,5.1666669845581055,5.1666669845581055,61800
1998-02-06,3.7245852947235107,5.184895992279053,5.273437976837158,5.1666669845581055,5.1666669845581055,31800
1998-02-09,3.7114906311035156,5.1666669845581055,5.25,5.1666669845581055,5.1666669845581055,24600
1998-02-10,3.7245852947235107,5.184895992279053,5.3333330154418945,5.184895992279053,5.3333330154418945,19800
1998-02-11,3.8312160968780518,5.3333330154418945,5.3333330154418945,5.3333330154418945,5.3333330154418945,1200
1998-02-12,3.8143789768218994,5.309895992279053,5.3333330154418945,5.309895992279053,5.3333330154418945,4200
1998-02-13,3.7713534832000732,5.25,5.3333330154418945,5.1666669845581055,5.1666669845581055,7800
1998-02-17,3.754516839981079,5.226562976837158,5.4166669845581055,5.2083330154418945,5.4166669845581055,52800
1998-02-18,3.7414214611053467,5.2083330154418945,5.25,5.2083330154418945,5.25,87000
1998-02-19,3.651627540588379,5.0833330154418945,5.25,4.9166669845581055,5.25,76800
1998-02-20,3.53190279006958,4.9166669845581055,5.125,4.9166669845581055,5.0,126600
1998-02-23,3.53190279006958,4.9166669845581055,4.976562976837158,4.875,4.9166669845581055,97200
1998-02-24,3.4421098232269287,4.7916669845581055,4.875,4.75,4.875,59400
1998-02-25,3.38224720954895,4.7083330154418945,4.7916669845581055,4.6666669845581055,4.7916669845581055,113400
1998-02-26,3.232591390609741,4.5,4.8333330154418945,4.5,4.8333330154418945,121200
1998-02-27,3.3523154258728027,4.6666669845581055,4.6666669845581055,4.2083330154418945,4.4166669845581055,114000
1998-03-02,3.292451858520508,4.5833330154418945,4.7083330154418945,4.5,4.7083330154418945,73800
1998-03-03,3.2830991744995117,4.570312976837158,4.6666669845581055,4.5416669845581055,4.6666669845581055,55200
1998-03-04,3.322382926940918,4.625,4.625,4.5416669845581055,4.625,7800
1998-03-05,3.275615930557251,4.559895992279053,4.625,4.5416669845581055,4.625,41400
1998-03-06,3.335477352142334,4.643229007720947,4.75,4.601562976837158,4.601562976837158,57000
1998-03-09,3.4552032947540283,4.809895992279053,4.809895992279053,4.5833330154418945,4.809895992279053,9600
1998-03-10,3.292451858520508,4.5833330154418945,4.809895992279053,4.5833330154418945,4.809895992279053,51000
1998-03-11,3.3523154258728027,4.6666669845581055,4.8333330154418945,4.625,4.625,20400
1998-03-12,3.395341396331787,4.726562976837158,4.726562976837158,4.5416669845581055,4.726562976837158,220800
1998-03-13,3.3523154258728027,4.6666669845581055,4.7083330154418945,4.5416669845581055,4.7083330154418945,12000
1998-03-16,3.3429622650146484,4.653645992279053,4.684895992279053,4.5833330154418945,4.6666669845581055,82800
1998-03-17,3.395341396331787,4.726562976837158,4.75,4.5833330154418945,4.653645992279053,76800
1998-03-18,3.412175178527832,4.75,4.75,4.643229007720947,4.75,10800
1998-03-19,3.3728930950164795,4.695312976837158,4.75,4.5833330154418945,4.75,10200
1998-03-20,3.3523154258728027,4.6666669845581055,4.768229007720947,4.6666669845581055,4.75,150000
1998-03-23,3.402824878692627,4.736979007720947,4.75,4.5833330154418945,4.75,43200
1998-03-24,3.38224720954895,4.7083330154418945,4.75,4.684895992279053,4.75,124200
1998-03-25,3.412175178527832,4.75,4.75,4.6666669845581055,4.6666669845581055,6000
1998-03-26,3.412175178527832,4.75,4.75,4.6666669845581055,4.6666669845581055,10200
1998-03-27,3.412175178527832,4.75,4.75,4.6666669845581055,4.75,32400
1998-03-30,3.412175178527832,4.75,4.75,4.601562976837158,4.75,136200
1998-03-31,3.335477352142334,4.643229007720947,4.75,4.5833330154418945,4.5833330154418945,27600
1998-04-01,3.402824878692627,4.736979007720947,4.75,4.5833330154418945,4.6666669845581055,78000
1998-04-02,3.3279976844787598,4.632812976837158,4.75,4.625,4.625,91800
1998-04-03,3.369150161743164,4.690104007720947,4.75,4.632812976837158,4.632812976837158,43800
1998-04-06,3.3055453300476074,4.601562976837158,4.75,4.601562976837158,4.643229007720947,29400
1998-04-07,3.3523154258728027,4.6666669845581055,4.726562976837158,4.6666669845581055,4.726562976837158,31800
1998-04-08,3.3055453300476074,4.601562976837158,4.75,4.601562976837158,4.75,29400
1998-04-09,3.3579275608062744,4.674479007720947,4.75,4.601562976837158,4.601562976837158,12600
1998-04-13,3.412175178527832,4.75,4.75,4.625,4.625,237600
1998-04-14,3.4421098232269287,4.7916669845581055,4.7916669845581055,4.726562976837158,4.757812976837158,15600
1998-04-15,3.38224720954895,4.7083330154418945,4.7916669845581055,4.7083330154418945,4.7916669845581055,39600
1998-04-16,3.501971483230591,4.875,4.875,4.6666669845581055,4.7916669845581055,48000
1998-04-17,3.4552032947540283,4.809895992279053,4.9166669845581055,4.75,4.9166669845581055,25200
1998-04-20,3.4720401763916016,4.8333330154418945,4.851562976837158,4.75,4.75,82200
1998-04-21,3.485135793685913,4.851562976837158,4.9166669845581055,4.75,4.9166669845581055,39600
1998-04-22,3.487006187438965,4.8541669845581055,4.8541669845581055,4.75,4.8541669845581055,72600
1998-04-23,3.53190279006958,4.9166669845581055,4.9166669845581055,4.8333330154418945,4.8541669845581055,41400
1998-04-24,3.53190279006958,4.9166669845581055,4.9166669845581055,4.7916669845581055,4.7916669845581055,19800
1998-04-27,3.412175178527832,4.75,4.9166669845581055,4.75,4.9166669845581055,23400
1998-04-28,3.457073926925659,4.8125,4.9166669845581055,4.7083330154418945,4.9166669845581055,22800
1998-04-29,3.591764211654663,5.0,5.0,4.8333330154418945,4.9166669845581055,57600
1998-04-30,3.5468692779541016,4.9375,5.0,4.75,5.0,51600
1998-05-01,3.457073926925659,4.8125,5.0,4.7916669845581055,4.9375,47400
1998-05-04,3.591764211654663,5.0,5.0,4.984375,5.0,12600
1998-05-05,3.5768001079559326,4.9791669845581055,5.0833330154418945,4.875,5.0,147000
1998-05-06,3.6651253700256348,5.0625,5.0833330154418945,5.0,5.0833330154418945,61800
1998-05-07,3.65004301071167,5.0416669845581055,5.0729169845581055,5.0,5.03125,67800
1998-05-08,3.544464111328125,4.8958330154418945,5.0625,4.8333330154418945,4.8333330154418945,19200
1998-05-11,3.529381275177002,4.875,5.0625,4.875,5.0625,30600
1998-05-12,3.65004301071167,5.0416669845581055,5.0833330154418945,4.9583330154418945,5.0833330154418945,31200
1998-05-13,3.619875192642212,5.0,5.0833330154418945,4.9166669845581055,4.9166669845581055,32400
1998-05-14,3.680206537246704,5.0833330154418945,5.0833330154418945,4.9166669845581055,5.0833330154418945,54600
1998-05-15,3.680206537246704,5.0833330154418945,5.0833330154418945,4.9375,4.9375,6600
1998-05-18,3.544464111328125,4.8958330154418945,5.0833330154418945,4.8958330154418945,5.0833330154418945,25800
1998-05-19,3.619875192642212,5.0,5.0,4.9583330154418945,4.9791669845581055,7200
1998-05-20,3.574629545211792,4.9375,5.0,4.9375,4.9583330154418945,31800
1998-05-21,3.544464111328125,4.8958330154418945,5.0,4.875,4.875,49800
1998-05-22,3.529381275177002,4.875,4.8958330154418945,4.875,4.8958330154418945,4800
1998-05-26,3.6047937870025635,4.9791669845581055,5.0,4.9166669845581055,4.96875,55800
1998-05-27,3.529381275177002,4.875,5.0,4.8333330154418945,4.9583330154418945,130200
1998-05-28,3.499213218688965,4.8333330154418945,5.0,4.8333330154418945,5.0,19800
1998-05-29,3.499213218688965,4.8333330154418945,4.859375,4.8333330154418945,4.8333330154418945,8400
1998-06-01,3.4388840198516846,4.75,4.875,4.75,4.875,31800
1998-06-02,3.4238009452819824,4.7291669845581055,4.75,4.6666669845581055,4.75,42000
1998-06-03,3.529381275177002,4.875,4.875,4.75,4.8333330154418945,121200
1998-06-04,3.559544563293457,4.9166669845581055,4.9583330154418945,4.8333330154418945,4.9583330154418945,76200
1998-06-05,3.574629545211792,4.9375,4.9375,4.90625,4.9375,4200
1998-06-08,3.529381275177002,4.875,4.9375,4.875,4.9375,10200
1998-06-09,3.552004337310791,4.90625,4.9375,4.8958330154418945,4.9375,102600
1998-06-10,3.567086935043335,4.9270830154418945,4.9791669845581055,4.875,4.875,49200
1998-06-11,3.619875192642212,5.0,5.0,4.875,4.875,30600
1998-06-12,3.5633163452148438,4.921875,5.0,4.875,5.0,10200
1998-06-15,3.559544563293457,4.9166669845581055,5.0,4.8333330154418945,4.8333330154418945,58800
1998-06-16,3.559544563293457,4.9166669845581055,5.0,4.8333330154418945,5.0,21600
1998-06-17,3.65004301071167,5.0416669845581055,5.0416669845581055,4.9791669845581055,4.9895830154418945,51000
1998-06-18,3.65004301071167,5.0416669845581055,5.0833330154418945,4.8333330154418945,5.0416669845581055,135600
1998-06-19,3.65004301071167,5.0416669845581055,5.0833330154418945,4.9375,4.9375,30600
1998-06-22,3.6349573135375977,5.0208330154418945,5.0208330154418945,4.8333330154418945,4.9583330154418945,54000
1998-06-23,3.65004301071167,5.0416669845581055,5.0833330154418945,5.0416669845581055,5.0416669845581055,35400
1998-06-24,3.6952929496765137,5.1041669845581055,5.125,5.0520830154418945,5.0833330154418945,79200
1998-06-25,3.691519260406494,5.0989580154418945,5.125,5.09375,5.125,9000
1998-06-26,3.6349573135375977,5.0208330154418945,5.125,5.0208330154418945,5.125,8400
1998-06-29,3.710374593734741,5.125,5.125,5.0208330154418945,5.0208330154418945,20400
1998-06-30,3.725456953048706,5.1458330154418945,5.1666669845581055,5.0208330154418945,5.125,73800
1998-07-01,3.710374593734741,5.125,5.1666669845581055,5.0416669845581055,5.1041669845581055,33000
1998-07-02,3.7707040309906006,5.2083330154418945,5.2083330154418945,5.0416669845581055,5.0416669845581055,43200
1998-07-06,3.7857885360717773,5.2291669845581055,5.25,5.1666669845581055,5.1666669845581055,20400
1998-07-07,3.7707040309906006,5.2083330154418945,5.3333330154418945,5.2083330154418945,5.3333330154418945,10200
1998-07-08,3.680206537246704,5.0833330154418945,5.25,5.0833330154418945,5.0833330154418945,12600
1998-07-09,3.6952929496765137,5.1041669845581055,5.1041669845581055,5.0,5.0,16800
1998-07-10,3.680206537246704,5.0833330154418945,5.0833330154418945,5.0833330154418945,5.0833330154418945,1200
1998-07-13,3.6349573135375977,5.0208330154418945,5.125,5.0208330154418945,5.1041669845581055,27600
1998-07-14,3.6349573135375977,5.0208330154418945,5.0208330154418945,5.0208330154418945,5.0208330154418945,16800
1998-07-15,3.619875192642212,5.0,5.0833330154418945,5.0,5.0208330154418945,22800
1998-07-16,3.619875192642212,5.0,5.0416669845581055,4.9583330154418945,5.0416669845581055,15600
1998-07-17,3.65004301071167,5.0416669845581055,5.0416669845581055,5.0416669845581055,5.0416669845581055,1800
1998-07-20,3.65004301071167,5.0416669845581055,5.0416669845581055,4.9583330154418945,4.9583330154418945,19800
1998-07-21,3.680206537246704,5.0833330154418945,5.1666669845581055,5.0,5.1666669845581055,15000
1998-07-22,3.6047937870025635,4.9791669845581055,5.0,4.9791669845581055,4.9791669845581055,27600
1998-07-23,3.4087166786193848,4.7083330154418945,5.0,4.7083330154418945,4.9583330154418945,58200
1998-07-24,3.3483848571777344,4.625,4.6666669845581055,4.5416669845581055,4.5833330154418945,42000
1998-07-27,3.3182220458984375,4.5833330154418945,4.75,4.5833330154418945,4.75,23400
1998-07-28,3.2729713916778564,4.5208330154418945,4.75,4.5208330154418945,4.75,80400
1998-07-29,3.4087166786193848,4.7083330154418945,4.7083330154418945,4.5416669845581055,4.6666669845581055,6600
1998-07-30,3.303135633468628,4.5625,4.5625,4.5625,4.5625,9600
1998-07-31,3.257890462875366,4.5,4.75,4.5,4.5625,62400
1998-08-03,3.257890462875366,4.5,4.5416669845581055,4.5,4.5,82200
1998-08-04,3.3182220458984375,4.5833330154418945,4.6666669845581055,4.5,4.6666669845581055,73800
1998-08-05,3.257890462875366,4.5,4.5833330154418945,4.5,4.5104169845581055,76200
1998-08-06,3.2654316425323486,4.5104169845581055,4.5833330154418945,4.5,4.5,72600
1998-08-07,3.2654316425323486,4.5104169845581055,4.59375,4.5104169845581055,4.59375,3000
1998-08-10,3.4388840198516846,4.75,4.75,4.5104169845581055,4.59375,45600
1998-08-11,3.3257601261138916,4.59375,4.8125,4.5208330154418945,4.6666669845581055,71400
1998-08-12,3.3844149112701416,4.6354169845581055,4.6458330154418945,4.5520830154418945,4.59375,124800
1998-08-13,3.3920211791992188,4.6458330154418945,4.6666669845581055,4.5833330154418945,4.5833330154418945,13200
1998-08-14,3.3844149112701416,4.6354169845581055,4.7083330154418945,4.5833330154418945,4.7083330154418945,222000
1998-08-17,3.3768091201782227,4.625,4.6666669845581055,4.5833330154418945,4.65625,166800
1998-08-18,3.3920211791992188,4.6458330154418945,4.7083330154418945,4.5833330154418945,4.5833330154418945,16800
1998-08-19,3.285545587539673,4.5,4.6041669845581055,4.5,4.5208330154418945,57000
1998-08-20,3.2247016429901123,4.4166669845581055,4.4166669845581055,4.4166669845581055,4.4166669845581055,2400
1998-08-21,3.194279909133911,4.375,4.5833330154418945,4.375,4.5833330154418945,5400
1998-08-24,3.194279909133911,4.375,4.375,4.375,4.375,1200
1998-08-25,3.087803602218628,4.2291669845581055,4.5,4.2291669845581055,4.5,21600
1998-08-26,3.087803602218628,4.2291669845581055,4.2291669845581055,4.2291669845581055,4.2291669845581055,0
1998-08-27,2.9813265800476074,4.0833330154418945,4.4583330154418945,4.0833330154418945,4.4583330154418945,27600
1998-08-28,2.8596415519714355,3.9166669845581055,4.2916669845581055,3.8333330154418945,4.2916669845581055,66000
1998-08-31,2.8140077590942383,3.8541669845581055,4.0,3.4583330154418945,4.0,175200
1998-09-01,2.791191816329956,3.8229169845581055,3.9166669845581055,3.4166669845581055,3.8958330154418945,159600
1998-09-02,2.8140077590942383,3.8541669845581055,3.9166669845581055,3.8541669845581055,3.9166669845581055,48000
1998-09-03,2.6771113872528076,3.6666669845581055,3.8333330154418945,3.4166669845581055,3.8333330154418945,37800
1998-09-04,2.6771113872528076,3.6666669845581055,3.7916669845581055,3.5416669845581055,3.7083330154418945,43800
1998-09-08,2.7987968921661377,3.8333330154418945,3.9166669845581055,3.6666669845581055,3.9166669845581055,118200
1998-09-09,2.768376588821411,3.7916669845581055,3.875,3.7916669845581055,3.828125,88200
1998-09-10,2.7531650066375732,3.7708330154418945,3.7708330154418945,3.5833330154418945,3.6666669845581055,18600
1998-09-11,2.844430446624756,3.8958330154418945,3.8958330154418945,3.7708330154418945,3.7708330154418945,23400
1998-09-14,2.6771113872528076,3.6666669845581055,3.8958330154418945,3.6666669845581055,3.8333330154418945,22800
1998-09-15,2.6771113872528076,3.6666669845581055,3.8333330154418945,3.5833330154418945,3.5833330154418945,24600
1998-09-16,2.768376588821411,3.7916669845581055,3.7916669845581055,3.6666669845581055,3.75,32400
1998-09-17,2.7075324058532715,3.7083330154418945,3.7916669845581055,3.6458330154418945,3.6666669845581055,22800
1998-09-18,2.8064017295837402,3.84375,3.8958330154418945,3.6666669845581055,3.8958330154418945,67800
1998-09-21,2.7987968921661377,3.8333330154418945,3.8541669845581055,3.625,3.65625,5400
1998-09-22,2.7987968921661377,3.8333330154418945,3.8541669845581055,3.7395830154418945,3.8333330154418945,22200
1998-09-23,2.8216137886047363,3.8645830154418945,3.875,3.8333330154418945,3.875,12000
1998-09-24,2.7987968921661377,3.8333330154418945,3.8958330154418945,3.7083330154418945,3.8645830154418945,35400
1998-09-25,2.7075324058532715,3.7083330154418945,3.8958330154418945,3.7083330154418945,3.8333330154418945,69000
1998-09-28,2.7075324058532715,3.7083330154418945,3.8958330154418945,3.7083330154418945,3.7083330154418945,31800
1998-09-29,2.692321300506592,3.6875,3.8333330154418945,3.6666669845581055,3.6666669845581055,27600
1998-09-30,2.7987968921661377,3.8333330154418945,3.8333330154418945,3.7083330154418945,3.75,75000
1998-10-01,2.7379539012908936,3.75,3.8333330154418945,3.6666669845581055,3.6666669845581055,28200
1998-10-02,2.7379539012908936,3.75,3.7916669845581055,3.6666669845581055,3.6666669845581055,28800
1998-10-05,2.7987968921661377,3.8333330154418945,3.8333330154418945,3.7083330154418945,3.71875,64800
1998-10-06,2.7987968921661377,3.8333330154418945,3.8333330154418945,3.7083330154418945,3.7708330154418945,21000
1998-10-07,2.6466877460479736,3.625,3.7708330154418945,3.625,3.75,72600
1998-10-08,2.532606840133667,3.46875,3.5208330154418945,3.4583330154418945,3.4583330154418945,103200
1998-10-09,2.494581460952759,3.4166669845581055,3.4791669845581055,3.4166669845581055,3.4166669845581055,18600
1998-10-12,2.585845470428467,3.5416669845581055,3.5416669845581055,3.3333330154418945,3.3333330154418945,11400
1998-10-13,2.464158535003662,3.375,3.5,3.375,3.375,10800
1998-10-14,2.494581460952759,3.4166669845581055,3.4583330154418945,3.375,3.4166669845581055,29400
1998-10-15,2.509791135787964,3.4375,3.4375,3.3333330154418945,3.375,31800
1998-10-16,2.509791135787964,3.4375,3.4375,3.3333330154418945,3.3333330154418945,37200
1998-10-19,2.4793689250946045,3.3958330154418945,3.4479169845581055,3.375,3.4375,73200
1998-10-20,2.5630295276641846,3.5104169845581055,3.5625,3.3333330154418945,3.3333330154418945,249600
1998-10-21,2.6771113872528076,3.6666669845581055,3.7916669845581055,3.5,3.5625,192600
1998-10-22,2.768376588821411,3.7916669845581055,3.7916669845581055,3.5833330154418945,3.7083330154418945,210000
1998-10-23,2.6162662506103516,3.5833330154418945,3.7916669845581055,3.5625,3.7916669845581055,102000
1998-10-26,2.6771113872528076,3.6666669845581055,3.6666669845581055,3.5833330154418945,3.5833330154418945,14400
1998-10-27,2.6771113872528076,3.6666669845581055,3.6666669845581055,3.625,3.6666669845581055,86400
1998-10-28,2.6618990898132324,3.6458330154418945,3.6666669845581055,3.59375,3.6666669845581055,81000
1998-10-29,2.623872995376587,3.59375,3.6666669845581055,3.59375,3.59375,30600
1998-10-30,2.6771113872528076,3.6666669845581055,3.6666669845581055,3.5833330154418945,3.6666669845581055,66000
1998-11-02,2.6618990898132324,3.6458330154418945,3.6666669845581055,3.59375,3.6666669845581055,45000
1998-11-03,2.6466877460479736,3.625,3.6666669845581055,3.5625,3.6458330154418945,110400
1998-11-04,2.6618990898132324,3.6458330154418945,3.6770830154418945,3.6041669845581055,3.6666669845581055,129600
1998-11-05,2.6771113872528076,3.6666669845581055,3.6770830154418945,3.6458330154418945,3.6458330154418945,73200
1998-11-06,2.6847164630889893,3.6770830154418945,3.6770830154418945,3.6666669845581055,3.6770830154418945,106200
1998-11-09,2.6771113872528076,3.6666669845581055,3.6770830154418945,3.6666669845581055,3.6770830154418945,6600
1998-11-10,2.705643892288208,3.6666669845581055,3.6666669845581055,3.5833330154418945,3.6666669845581055,7800
1998-11-11,2.6595239639282227,3.6041669845581055,3.6666669845581055,3.5833330154418945,3.6666669845581055,12600
1998-11-12,2.705643892288208,3.6666669845581055,3.6666669845581055,3.625,3.625,14400
1998-11-13,2.6287777423858643,3.5625,3.65625,3.5208330154418945,3.625,65400
1998-11-16,2.705643892288208,3.6666669845581055,3.6666669845581055,3.5208330154418945,3.6666669845581055,27000
1998-11-17,2.6134042739868164,3.5416669845581055,3.6666669845581055,3.5208330154418945,3.6666669845581055,79800
1998-11-18,2.6748971939086914,3.625,3.625,3.5,3.5416669845581055,23400
1998-11-19,2.721015214920044,3.6875,3.6875,3.6041669845581055,3.625,322200
1998-11-20,2.7825076580047607,3.7708330154418945,3.8125,3.6666669845581055,3.6875,467400
1998-11-23,2.7825076580047607,3.7708330154418945,3.875,3.7708330154418945,3.7916669845581055,708600
1998-11-24,2.8901188373565674,3.9166669845581055,3.9166669845581055,3.8125,3.8541669845581055,103200
1998-11-25,2.997729539871216,4.0625,4.0625,3.8958330154418945,3.9375,58800
1998-11-27,2.9516100883483887,4.0,4.0729169845581055,3.9583330154418945,4.0729169845581055,51000
1998-11-30,3.074594259262085,4.1666669845581055,4.25,4.0,4.0,66000
1998-12-01,3.089967727661133,4.1875,4.2604169845581055,4.125,4.2083330154418945,113400
1998-12-02,3.059221029281616,4.1458330154418945,4.2135419845581055,4.1458330154418945,4.1875,661200
1998-12-03,3.0131025314331055,4.0833330154418945,4.2083330154418945,4.0833330154418945,4.2083330154418945,69000
1998-12-04,3.059221029281616,4.1458330154418945,4.1666669845581055,4.0208330154418945,4.0416669845581055,99000
1998-12-07,2.920863389968872,3.9583330154418945,4.1458330154418945,3.9375,4.1458330154418945,219000
1998-12-08,2.9362380504608154,3.9791669845581055,4.0,3.9375,3.9375,40200
1998-12-09,2.920863389968872,3.9583330154418945,4.0,3.9375,4.0,26400
1998-12-10,2.8901188373565674,3.9166669845581055,3.9791669845581055,3.8333330154418945,3.9375,24600
1998-12-11,2.7978811264038086,3.7916669845581055,3.9166669845581055,3.7916669845581055,3.7916669845581055,30600
1998-12-14,2.8901188373565674,3.9166669845581055,3.9166669845581055,3.7916669845581055,3.7916669845581055,35400
1998-12-15,2.8901188373565674,3.9166669845581055,3.9166669845581055,3.7916669845581055,3.7916669845581055,45000
1998-12-16,2.8286259174346924,3.8333330154418945,3.8333330154418945,3.7708330154418945,3.8020830154418945,66600
1998-12-17,2.6748971939086914,3.625,3.8125,3.625,3.7708330154418945,81600
1998-12-18,2.7671351432800293,3.75,3.75,3.6041669845581055,3.6354169845581055,95400
1998-12-21,2.705643892288208,3.6666669845581055,3.75,3.6666669845581055,3.6666669845581055,44400
1998-12-22,2.690270185470581,3.6458330154418945,3.7083330154418945,3.5208330154418945,3.7083330154418945,97800
1998-12-23,2.6134042739868164,3.5416669845581055,3.6666669845581055,3.4166669845581055,3.6666669845581055,102600
1998-12-24,2.551913022994995,3.4583330154418945,3.5416669845581055,3.4375,3.4479169845581055,10200
1998-12-28,2.551913022994995,3.4583330154418945,3.5,3.3541669845581055,3.4166669845581055,231000
1998-12-29,2.5211687088012695,3.4166669845581055,3.4583330154418945,3.375,3.4583330154418945,91200
1998-12-30,2.598032236099243,3.5208330154418945,3.5416669845581055,3.375,3.4583330154418945,199800
1998-12-31,2.721015214920044,3.6875,3.75,3.5416669845581055,3.6041669845581055,63600
1999-01-04,2.6748971939086914,3.625,3.7916669845581055,3.5833330154418945,3.7916669845581055,38400
1999-01-05,2.644151210784912,3.5833330154418945,3.6666669845581055,3.5833330154418945,3.6666669845581055,30600
1999-01-06,2.598032236099243,3.5208330154418945,3.625,3.5208330154418945,3.5833330154418945,42600
1999-01-07,2.644151210784912,3.5833330154418945,3.5833330154418945,3.4583330154418945,3.5,46200
1999-01-08,2.567286729812622,3.4791669845581055,3.5,3.4166669845581055,3.4166669845581055,112800
1999-01-11,2.6134042739868164,3.5416669845581055,3.5833330154418945,3.4375,3.4375,53400
1999-01-12,2.5365402698516846,3.4375,3.46875,3.4375,3.4375,7200
1999-01-13,2.5365402698516846,3.4375,3.6041669845581055,3.4375,3.4375,126600
1999-01-14,2.5365402698516846,3.4375,3.5416669845581055,3.4375,3.5,52200
1999-01-15,2.5826587677001953,3.5,3.5416669845581055,3.4166669845581055,3.4375,43200
1999-01-19,2.8439998626708984,3.8541669845581055,3.9583330154418945,3.4583330154418945,3.5833330154418945,118800
1999-01-20,2.8593738079071045,3.875,3.9583330154418945,3.84375,3.8958330154418945,250200
1999-01-21,2.8286259174346924,3.8333330154418945,3.9166669845581055,3.75,3.875,113400
1999-01-22,2.7671351432800293,3.75,3.875,3.7083330154418945,3.8333330154418945,106800
1999-01-25,2.7825076580047607,3.7708330154418945,3.8333330154418945,3.7083330154418945,3.7083330154418945,55800
1999-01-26,2.9516100883483887,4.0,4.0625,3.8333330154418945,3.8333330154418945,145800
1999-01-27,2.9592976570129395,4.0104169845581055,4.0625,3.9791669845581055,4.0416669845581055,120000
1999-01-28,3.0131025314331055,4.0833330154418945,4.1041669845581055,4.0833330154418945,4.0833330154418945,24600
1999-01-29,3.028475284576416,4.1041669845581055,4.1041669845581055,4.0625,4.0833330154418945,63600
1999-02-01,3.028475284576416,4.1041669845581055,4.25,4.09375,4.1666669845581055,94200
1999-02-02,3.074594259262085,4.1666669845581055,4.2291669845581055,4.0833330154418945,4.2291669845581055,16200
1999-02-03,3.0102927684783936,4.0416669845581055,4.1666669845581055,4.0104169845581055,4.1666669845581055,43800
1999-02-04,2.98701810836792,4.0104169845581055,4.0416669845581055,3.9583330154418945,4.0,50400
1999-02-05,2.8706398010253906,3.8541669845581055,3.9791669845581055,3.8541669845581055,3.9791669845581055,54000
1999-02-08,2.8240890502929688,3.7916669845581055,3.9166669845581055,3.7083330154418945,3.8333330154418945,18000
1999-02-09,2.699953079223633,3.625,3.7916669845581055,3.625,3.7291669845581055,31200
1999-02-10,2.622368574142456,3.5208330154418945,3.6041669845581055,3.5,3.6041669845581055,38400
1999-02-11,2.622368574142456,3.5208330154418945,3.5416669845581055,3.4166669845581055,3.5416669845581055,88200
1999-02-12,2.668919086456299,3.5833330154418945,3.6666669845581055,3.5104169845581055,3.5208330154418945,110400
1999-02-16,2.762019395828247,3.7083330154418945,3.7083330154418945,3.5416669845581055,3.5416669845581055,30600
1999-02-17,2.630127191543579,3.53125,3.6041669845581055,3.5208330154418945,3.5416669845581055,48000
1999-02-18,2.7542614936828613,3.6979169845581055,3.75,3.53125,3.53125,134400
1999-02-19,2.7542614936828613,3.6979169845581055,3.75,3.625,3.625,39000
1999-02-22,2.7154693603515625,3.6458330154418945,3.75,3.625,3.6666669845581055,119400
1999-02-23,2.7930545806884766,3.75,3.8958330154418945,3.6458330154418945,3.6666669845581055,51600
1999-02-24,2.738743782043457,3.6770830154418945,3.9166669845581055,3.6458330154418945,3.8229169845581055,252000
1999-02-25,2.622368574142456,3.5208330154418945,3.6666669845581055,3.5,3.6666669845581055,104400
1999-02-26,2.6844356060028076,3.6041669845581055,3.6458330154418945,3.5208330154418945,3.5625,67800
1999-03-01,2.6844356060028076,3.6041669845581055,3.625,3.5,3.625,74400
1999-03-02,2.699953079223633,3.625,3.75,3.625,3.6458330154418945,183600
1999-03-03,2.645643472671509,3.5520830154418945,3.6770830154418945,3.5520830154418945,3.625,66600
1999-03-04,2.730987310409546,3.6666669845581055,3.6666669845581055,3.5416669845581055,3.5416669845581055,70800
1999-03-05,2.762019395828247,3.7083330154418945,3.7083330154418945,3.5833330154418945,3.625,51600
1999-03-08,2.730987310409546,3.6666669845581055,3.7083330154418945,3.5833330154418945,3.5833330154418945,68400
1999-03-09,2.661160707473755,3.5729169845581055,3.5833330154418945,3.5416669845581055,3.5833330154418945,29400
1999-03-10,2.6534018516540527,3.5625,3.6666669845581055,3.5416669845581055,3.5416669845581055,43200
1999-03-11,2.7154693603515625,3.6458330154418945,3.6458330154418945,3.5625,3.6458330154418945,29400
1999-03-12,2.730987310409546,3.6666669845581055,3.6666669845581055,3.5833330154418945,3.5833330154418945,9000
1999-03-15,2.668919086456299,3.5833330154418945,3.6666669845581055,3.5833330154418945,3.6666669845581055,30600
1999-03-16,2.6844356060028076,3.6041669845581055,3.6458330154418945,3.5833330154418945,3.6458330154418945,24000
1999-03-17,2.730987310409546,3.6666669845581055,3.7395830154418945,3.6041669845581055,3.6041669845581055,42000
1999-03-18,2.8396060466766357,3.8125,3.9583330154418945,3.625,3.6666669845581055,316800
1999-03-19,2.932706356048584,3.9375,4.1041669845581055,3.7916669845581055,3.7916669845581055,126000
1999-03-22,2.917191505432129,3.9166669845581055,4.0208330154418945,3.9166669845581055,3.9583330154418945,35400
1999-03-23,2.8240890502929688,3.7916669845581055,3.90625,3.7708330154418945,3.90625,95400
1999-03-24,2.9482223987579346,3.9583330154418945,3.9791669845581055,3.7916669845581055,3.7916669845581055,136200
1999-03-25,2.8861570358276367,3.875,3.9791669845581055,3.8333330154418945,3.9791669845581055,130200
1999-03-26,2.917191505432129,3.9166669845581055,3.9791669845581055,3.8333330154418945,3.9375,44400
1999-03-29,2.9404661655426025,3.9479169845581055,3.9791669845581055,3.8541669845581055,3.8541669845581055,29400
1999-03-30,2.8861570358276367,3.875,3.9583330154418945,3.875,3.9479169845581055,69600
1999-03-31,3.1033947467803955,4.1666669845581055,4.1666669845581055,3.75,3.8958330154418945,334200
1999-04-01,2.9482223987579346,3.9583330154418945,4.25,3.9583330154418945,4.1875,145800
1999-04-05,3.0490849018096924,4.09375,4.1666669845581055,3.9166669845581055,3.9166669845581055,60600
1999-04-06,3.0723602771759033,4.125,4.1666669845581055,4.0833330154418945,4.0833330154418945,88200
1999-04-07,3.0258095264434814,4.0625,4.1666669845581055,4.0,4.1666669845581055,123000
1999-04-08,2.8628807067871094,3.84375,4.0625,3.8333330154418945,4.0,78000
1999-04-09,2.9404661655426025,3.9479169845581055,4.0833330154418945,3.9166669845581055,4.0833330154418945,20400
1999-04-12,2.9559824466705322,3.96875,3.9791669845581055,3.84375,3.9635419845581055,73800
1999-04-13,2.893916130065918,3.8854169845581055,3.9479169845581055,3.8333330154418945,3.8333330154418945,25200
1999-04-14,3.018050193786621,4.0520830154418945,4.0520830154418945,3.8333330154418945,3.8333330154418945,144000
1999-04-15,3.320632219314575,4.4583330154418945,4.5,4.0833330154418945,4.0833330154418945,466200
1999-04-16,3.1809794902801514,4.2708330154418945,4.5416669845581055,4.2708330154418945,4.5,298200
1999-04-19,2.9792580604553223,4.0,4.375,4.0,4.375,132600
1999-04-20,2.9792580604553223,4.0,4.1458330154418945,3.9375,4.0833330154418945,73200
1999-04-21,3.0801191329956055,4.1354169845581055,4.1666669845581055,3.9583330154418945,4.1458330154418945,123600
1999-04-22,2.9792580604553223,4.0,4.1041669845581055,4.0,4.0,140400
1999-04-23,3.041325807571411,4.0833330154418945,4.0833330154418945,3.9166669845581055,3.9166669845581055,162000
1999-04-26,2.855121612548828,3.8333330154418945,4.0208330154418945,3.8333330154418945,3.9583330154418945,27600
1999-04-27,3.018050193786621,4.0520830154418945,4.1666669845581055,3.8333330154418945,3.8333330154418945,125400
1999-04-28,3.0258095264434814,4.0625,4.0625,3.875,3.9375,68400
1999-04-29,3.0102927684783936,4.0416669845581055,4.0416669845581055,3.9583330154418945,4.0,93600
1999-04-30,3.0723602771759033,4.125,4.125,4.0,4.0,174000
1999-05-03,3.0025336742401123,4.03125,4.0833330154418945,3.9583330154418945,4.0104169845581055,35400
1999-05-04,3.0258095264434814,4.0625,4.1458330154418945,4.0208330154418945,4.0208330154418945,78000
1999-05-05,2.9947755336761475,4.0208330154418945,4.03125,3.9479169845581055,4.0,108600
1999-05-06,2.9482223987579346,3.9583330154418945,4.1041669845581055,3.9375,3.9375,243600
1999-05-07,2.9792580604553223,4.0,4.0833330154418945,3.9166669845581055,3.9479169845581055,133200
1999-05-10,2.9792580604553223,4.0,4.0,3.9166669845581055,3.9166669845581055,24600
1999-05-11,2.9792580604553223,4.0,4.0208330154418945,3.8958330154418945,3.8958330154418945,9000
1999-05-12,3.064601421356201,4.1145830154418945,4.1145830154418945,3.9166669845581055,4.0416669845581055,175800
1999-05-13,3.089759349822998,4.109375,4.1458330154418945,3.9375,3.9375,60600
1999-05-14,3.1641616821289062,4.2083330154418945,4.2083330154418945,4.0416669845581055,4.0416669845581055,320400
1999-05-17,3.117171049118042,4.1458330154418945,4.1458330154418945,4.0833330154418945,4.1302080154418945,94800
1999-05-18,3.1484994888305664,4.1875,4.1875,4.0416669845581055,4.0416669845581055,207000
1999-05-19,3.1054227352142334,4.1302080154418945,4.1302080154418945,4.0833330154418945,4.0833330154418945,31800
1999-05-20,3.1328353881835938,4.1666669845581055,4.1666669845581055,4.1041669845581055,4.1458330154418945,40800
1999-05-21,3.101506471633911,4.125,4.125,4.0833330154418945,4.0833330154418945,11400
1999-05-24,3.070178508758545,4.0833330154418945,4.21875,4.0833330154418945,4.1666669845581055,145200
1999-05-25,3.101506471633911,4.125,4.1666669845581055,4.0833330154418945,4.0833330154418945,43800
1999-05-26,3.1328353881835938,4.1666669845581055,4.1666669845581055,4.0833330154418945,4.1666669845581055,64800
1999-05-27,3.121086597442627,4.1510419845581055,4.1666669845581055,4.0833330154418945,4.125,95400
1999-05-28,3.1328353881835938,4.1666669845581055,4.1666669845581055,4.1666669845581055,4.1666669845581055,15600
1999-06-01,3.101506471633911,4.125,4.1666669845581055,4.0833330154418945,4.1614580154418945,69000
1999-06-02,3.1328353881835938,4.1666669845581055,4.1666669845581055,4.1041669845581055,4.1666669845581055,96000
1999-06-03,3.117171049118042,4.1458330154418945,4.1666669845581055,4.1145830154418945,4.1666669845581055,4200
1999-06-04,3.2268199920654297,4.2916669845581055,4.2916669845581055,4.125,4.125,97800
1999-06-07,3.1641616821289062,4.2083330154418945,4.25,4.1354169845581055,4.1354169845581055,94800
1999-06-08,3.195491075515747,4.25,4.2916669845581055,4.1875,4.2083330154418945,37800
1999-06-09,3.1641616821289062,4.2083330154418945,4.2916669845581055,4.2083330154418945,4.2083330154418945,63000
1999-06-10,3.258147716522217,4.3333330154418945,4.375,4.2083330154418945,4.2083330154418945,141000
1999-06-11,3.258147716522217,4.3333330154418945,4.4375,4.3333330154418945,4.3645830154418945,133800
1999-06-14,3.2503159046173096,4.3229169845581055,4.3854169845581055,4.304687976837158,4.3645830154418945,28200
1999-06-15,3.258147716522217,4.3333330154418945,4.3645830154418945,4.3229169845581055,4.3229169845581055,31200
1999-06-16,3.3129727840423584,4.40625,4.40625,4.3333330154418945,4.3541669845581055,45000
1999-06-17,3.3208060264587402,4.4166669845581055,4.4166669845581055,4.3333330154418945,4.4166669845581055,31200
1999-06-18,3.3051400184631348,4.3958330154418945,4.4166669845581055,4.3333330154418945,4.4114580154418945,52800
1999-06-21,3.3208060264587402,4.4166669845581055,4.4166669845581055,4.3333330154418945,4.3958330154418945,80400
1999-06-22,3.3208060264587402,4.4166669845581055,4.4166669845581055,4.40625,4.4166669845581055,15000
1999-06-23,3.3051400184631348,4.3958330154418945,4.4166669845581055,4.375,4.375,36600
1999-06-24,3.3129727840423584,4.40625,4.4166669845581055,4.375,4.3958330154418945,53400
1999-06-25,3.3208060264587402,4.4166669845581055,4.4166669845581055,4.4166669845581055,4.4166669845581055,9000
1999-06-28,3.3208060264587402,4.4166669845581055,4.4166669845581055,4.375,4.40625,94800
1999-06-29,3.299266815185547,4.388020992279053,4.4166669845581055,4.375,4.40625,70800
1999-06-30,3.258147716522217,4.3333330154418945,4.4166669845581055,4.3333330154418945,4.3854169845581055,60600
1999-07-01,3.273812770843506,4.3541669845581055,4.40625,4.25,4.3958330154418945,36000
1999-07-02,3.3051400184631348,4.3958330154418945,4.3958330154418945,4.3333330154418945,4.3541669845581055,16800
1999-07-06,3.3208060264587402,4.4166669845581055,4.4166669845581055,4.3333330154418945,4.3333330154418945,99000
1999-07-07,3.3051400184631348,4.3958330154418945,4.3958330154418945,4.2916669845581055,4.3333330154418945,26400
1999-07-08,3.336470127105713,4.4375,4.4375,4.3125,4.3645830154418945,12600
1999-07-09,3.289477825164795,4.375,4.4375,4.375,4.4375,10800
1999-07-12,3.2111563682556152,4.2708330154418945,4.4166669845581055,4.2708330154418945,4.3333330154418945,81000
1999-07-13,3.2189877033233643,4.28125,4.2916669845581055,4.25,4.25,66000
1999-07-14,3.1641616821289062,4.2083330154418945,4.28125,4.1666669845581055,4.2604169845581055,90600
1999-07-15,3.1641616821289062,4.2083330154418945,4.2395830154418945,4.125,4.2395830154418945,241800
1999-07-16,3.1563313007354736,4.1979169845581055,4.2395830154418945,4.125,4.1666669845581055,54600
1999-07-19,3.1328353881835938,4.1666669845581055,4.1666669845581055,4.125,4.1666669845581055,39600
1999-07-20,3.1328353881835938,4.1666669845581055,4.1770830154418945,4.0833330154418945,4.1666669845581055,40800
1999-07-21,3.0858423709869385,4.1041669845581055,4.1041669845581055,4.0833330154418945,4.0833330154418945,45000
1999-07-22,3.117171049118042,4.1458330154418945,4.25,4.0833330154418945,4.21875,351000
1999-07-23,3.117171049118042,4.1458330154418945,4.1458330154418945,4.1354169845581055,4.140625,75000
1999-07-26,3.0545146465301514,4.0625,4.125,4.0416669845581055,4.0416669845581055,56400
1999-07-27,3.0466818809509277,4.0520830154418945,4.0833330154418945,4.0520830154418945,4.0520830154418945,72000
1999-07-28,3.0545146465301514,4.0625,4.1041669845581055,4.0520830154418945,4.0520830154418945,79200
1999-07-29,3.0466818809509277,4.0520830154418945,4.1145830154418945,4.0,4.1145830154418945,24600
1999-07-30,3.0388503074645996,4.0416669845581055,4.0416669845581055,4.0,4.03125,44400
1999-08-02,3.0936741828918457,4.1145830154418945,4.1145830154418945,4.0208330154418945,4.0833330154418945,36600
1999-08-03,3.101506471633911,4.125,4.125,4.0,4.0677080154418945,58200
1999-08-04,3.101506471633911,4.125,4.125,4.0416669845581055,4.125,210600
1999-08-05,3.1328353881835938,4.1666669845581055,4.1666669845581055,4.0416669845581055,4.0416669845581055,63000
1999-08-06,3.0466818809509277,4.0520830154418945,4.0625,4.0416669845581055,4.054687976837158,50400
1999-08-09,3.1328353881835938,4.1666669845581055,4.1666669845581055,4.0833330154418945,4.0833330154418945,18000
1999-08-10,3.125002145767212,4.15625,4.1666669845581055,4.0416669845581055,4.0416669845581055,13800
1999-08-11,3.1093392372131348,4.1354169845581055,4.1354169845581055,4.0416669845581055,4.0416669845581055,20400
1999-08-12,3.1230015754699707,4.1145830154418945,4.15625,4.0520830154418945,4.1354169845581055,66600
1999-08-13,3.146719217300415,4.1458330154418945,4.1666669845581055,4.0833330154418945,4.125,33600
1999-08-16,3.2257823944091797,4.25,4.25,4.1458330154418945,4.1458330154418945,45600
1999-08-17,3.1625330448150635,4.1666669845581055,4.1979169845581055,4.1041669845581055,4.1979169845581055,56400
1999-08-18,3.0992822647094727,4.0833330154418945,4.1041669845581055,4.0833330154418945,4.1041669845581055,21000
1999-08-19,3.1625330448150635,4.1666669845581055,4.1666669845581055,4.1666669845581055,4.1666669845581055,1200
1999-08-20,3.146719217300415,4.1458330154418945,4.1458330154418945,4.1041669845581055,4.1041669845581055,42000
1999-08-23,3.0992822647094727,4.0833330154418945,4.125,4.0833330154418945,4.125,24600
1999-08-24,3.1230015754699707,4.1145830154418945,4.1145830154418945,4.0416669845581055,4.0833330154418945,85200
1999-08-25,3.1150941848754883,4.1041669845581055,4.1614580154418945,4.0833330154418945,4.1614580154418945,37800
1999-08-26,3.146719217300415,4.1458330154418945,4.1458330154418945,4.1041669845581055,4.1041669845581055,34800
1999-08-27,3.154625654220581,4.15625,4.15625,4.1041669845581055,4.1041669845581055,43200
1999-08-30,3.146719217300415,4.1458330154418945,4.1666669845581055,4.1041669845581055,4.1666669845581055,122400
1999-08-31,3.146719217300415,4.1458330154418945,4.1666669845581055,4.0833330154418945,4.125,203400
1999-09-01,3.1625330448150635,4.1666669845581055,4.2083330154418945,4.125,4.1666669845581055,187800
1999-09-02,3.166486978530884,4.171875,4.2083330154418945,4.1666669845581055,4.2083330154418945,194400
1999-09-03,3.1625330448150635,4.1666669845581055,4.25,4.1666669845581055,4.25,43800
1999-09-07,3.1625330448150635,4.1666669845581055,4.1666669845581055,4.1458330154418945,4.1666669845581055,58800
1999-09-08,3.1941561698913574,4.2083330154418945,4.2708330154418945,4.1458330154418945,4.1666669845581055,70800
1999-09-09,3.146719217300415,4.1458330154418945,4.2916669845581055,4.125,4.2916669845581055,299400
1999-09-10,3.146719217300415,4.1458330154418945,4.1875,4.125,4.125,94200
1999-09-13,3.146719217300415,4.1458330154418945,4.1666669845581055,4.1458330154418945,4.15625,258600
1999-09-14,3.1230015754699707,4.1145830154418945,4.1458330154418945,4.1041669845581055,4.1458330154418945,490200
1999-09-15,3.1230015754699707,4.1145830154418945,4.1302080154418945,4.1145830154418945,4.125,21000
1999-09-16,3.0518438816070557,4.0208330154418945,4.125,4.0208330154418945,4.1145830154418945,51000
1999-09-17,3.0834693908691406,4.0625,4.1354169845581055,4.0625,4.1354169845581055,160800
1999-09-20,3.0834693908691406,4.0625,4.0833330154418945,4.0625,4.0625,171600
1999-09-21,3.0676567554473877,4.0416669845581055,4.0833330154418945,4.0416669845581055,4.0625,147600
1999-09-22,3.0676567554473877,4.0416669845581055,4.0833330154418945,4.0416669845581055,4.0677080154418945,79800
1999-09-23,3.0834693908691406,4.0625,4.0625,4.0416669845581055,4.0416669845581055,95400
1999-09-24,3.0676567554473877,4.0416669845581055,4.0833330154418945,4.0416669845581055,4.0833330154418945,1800
1999-09-27,3.0992822647094727,4.0833330154418945,4.0833330154418945,4.0,4.0833330154418945,127800
1999-09-28,3.1230015754699707,4.1145830154418945,4.140625,4.0520830154418945,4.140625,88200
1999-09-29,3.154625654220581,4.15625,4.1666669845581055,4.0104169845581055,4.0520830154418945,109800
1999-09-30,3.154625654220581,4.15625,4.1666669845581055,4.1041669845581055,4.1041669845581055,165000
1999-10-01,3.154625654220581,4.15625,4.1614580154418945,4.125,4.1614580154418945,101400
1999-10-04,3.257408618927002,4.2916669845581055,4.3333330154418945,4.1458330154418945,4.1458330154418945,121200
1999-10-05,3.170438289642334,4.1770830154418945,4.2291669845581055,4.0833330154418945,4.2291669845581055,27600
1999-10-06,3.2890336513519287,4.3333330154418945,4.3333330154418945,4.2135419845581055,4.2135419845581055,61200
1999-10-07,3.257408618927002,4.2916669845581055,4.40625,4.2916669845581055,4.328125,179400
1999-10-08,3.2969396114349365,4.34375,4.34375,4.2916669845581055,4.2916669845581055,21000
1999-10-11,3.2415952682495117,4.2708330154418945,4.3385419845581055,4.2708330154418945,4.2708330154418945,54000
1999-10-12,3.2653160095214844,4.3020830154418945,4.34375,4.2708330154418945,4.34375,47400
1999-10-13,3.2415952682495117,4.2708330154418945,4.3333330154418945,4.25,4.25,72600
1999-10-14,3.1941561698913574,4.2083330154418945,4.234375,4.2083330154418945,4.2083330154418945,4800
1999-10-15,3.2732207775115967,4.3125,4.3125,4.2083330154418945,4.2083330154418945,48600
1999-10-18,3.257408618927002,4.2916669845581055,4.2916669845581055,4.25,4.2708330154418945,9600
1999-10-19,3.202064037322998,4.21875,4.2916669845581055,4.21875,4.2916669845581055,26400
1999-10-20,3.2415952682495117,4.2708330154418945,4.3125,4.21875,4.21875,88200
1999-10-21,3.2653160095214844,4.3020830154418945,4.3125,4.2604169845581055,4.265625,22200
1999-10-22,3.2732207775115967,4.3125,4.3229169845581055,4.3125,4.3125,20400
1999-10-25,3.3443777561187744,4.40625,4.40625,4.25,4.2708330154418945,168600
1999-10-26,3.4155354499816895,4.5,4.5,4.40625,4.40625,439200
1999-10-27,3.3680975437164307,4.4375,4.5,4.4375,4.4583330154418945,85200
1999-10-28,3.3839097023010254,4.4583330154418945,4.4583330154418945,4.375,4.4583330154418945,48000
1999-10-29,3.3522839546203613,4.4166669845581055,4.5208330154418945,4.4166669845581055,4.46875,85200
1999-11-01,3.376004934310913,4.4479169845581055,4.5,4.4166669845581055,4.4791669845581055,18000
1999-11-02,3.3839097023010254,4.4583330154418945,4.5,4.4166669845581055,4.4479169845581055,18000
1999-11-03,3.3839097023010254,4.4583330154418945,4.5,4.3333330154418945,4.5,43800
1999-11-04,3.32066011428833,4.375,4.4583330154418945,4.3541669845581055,4.3541669845581055,45600
1999-11-05,3.3839097023010254,4.4583330154418945,4.4583330154418945,4.3333330154418945,4.4166669845581055,39600
1999-11-08,3.1862518787384033,4.1979169845581055,4.4583330154418945,4.1979169845581055,4.4583330154418945,103800
1999-11-09,3.257408618927002,4.2916669845581055,4.4166669845581055,4.2708330154418945,4.2708330154418945,55200
1999-11-10,3.223322629928589,4.2083330154418945,4.3333330154418945,4.2083330154418945,4.2604169845581055,115200
1999-11-11,3.23928165435791,4.2291669845581055,4.2916669845581055,4.2291669845581055,4.2916669845581055,22200
1999-11-12,3.1914098262786865,4.1666669845581055,4.2604169845581055,4.1666669845581055,4.2291669845581055,74400
1999-11-15,3.1594955921173096,4.125,4.2708330154418945,4.125,4.2083330154418945,96600
1999-11-16,3.1275815963745117,4.0833330154418945,4.2916669845581055,4.0833330154418945,4.1666669845581055,40800
1999-11-17,3.23928165435791,4.2291669845581055,4.2916669845581055,4.1666669845581055,4.28125,190800
1999-11-18,3.2871525287628174,4.2916669845581055,4.3333330154418945,4.1979169845581055,4.2239580154418945,147000
1999-11-19,3.3430001735687256,4.3645830154418945,4.3958330154418945,4.3645830154418945,4.375,22200
1999-11-22,3.23928165435791,4.2291669845581055,4.3958330154418945,4.2291669845581055,4.3958330154418945,19200
1999-11-23,3.2552380561828613,4.25,4.2916669845581055,4.2291669845581055,4.2916669845581055,14400
1999-11-24,3.3190650939941406,4.3333330154418945,4.3333330154418945,4.25,4.25,18000
1999-11-26,3.3509809970855713,4.375,4.375,4.2916669845581055,4.3333330154418945,70200
1999-11-29,3.38289475440979,4.4166669845581055,4.4583330154418945,4.2708330154418945,4.2916669845581055,67800
1999-11-30,3.4467227458953857,4.5,4.5,4.3333330154418945,4.3541669845581055,120000
1999-12-01,3.390873670578003,4.4270830154418945,4.4479169845581055,4.3333330154418945,4.375,56400
1999-12-02,3.38289475440979,4.4166669845581055,4.4791669845581055,4.4166669845581055,4.4166669845581055,10800
1999-12-03,3.398850917816162,4.4375,4.4583330154418945,4.3333330154418945,4.4166669845581055,163800
1999-12-06,3.462679624557495,4.5208330154418945,4.5416669845581055,4.4479169845581055,4.4479169845581055,449400
1999-12-07,3.4706578254699707,4.53125,4.5416669845581055,4.4895830154418945,4.5104169845581055,280200
1999-12-08,3.4547019004821777,4.5104169845581055,4.5520830154418945,4.5104169845581055,4.53125,68400
1999-12-09,3.486614227294922,4.5520830154418945,4.5729169845581055,4.5,4.5,205800
1999-12-10,3.478637218475342,4.5416669845581055,4.5833330154418945,4.53125,4.5416669845581055,133200
1999-12-13,3.478637218475342,4.5416669845581055,4.5729169845581055,4.5416669845581055,4.546875,99000
1999-12-14,3.486614227294922,4.5520830154418945,4.5625,4.5520830154418945,4.5520830154418945,69000
1999-12-15,3.478637218475342,4.5416669845581055,4.5833330154418945,4.5416669845581055,4.5729169845581055,112200
1999-12-16,3.5584216117858887,4.6458330154418945,4.75,4.5,4.5208330154418945,309000
1999-12-17,3.5344858169555664,4.6145830154418945,4.6458330154418945,4.6145830154418945,4.640625,83400
1999-12-20,3.494591474533081,4.5625,4.6458330154418945,4.5260419845581055,4.6145830154418945,50400
1999-12-21,3.494591474533081,4.5625,4.5625,4.5208330154418945,4.5625,59400
1999-12-22,3.4586899280548096,4.515625,4.6041669845581055,4.515625,4.5729169845581055,173400
1999-12-23,3.4467227458953857,4.5,4.5260419845581055,4.4375,4.5,139800
1999-12-27,3.502572536468506,4.5729169845581055,4.6041669845581055,4.5104169845581055,4.5104169845581055,419400
1999-12-28,3.4148077964782715,4.4583330154418945,4.5833330154418945,4.4583330154418945,4.5833330154418945,55200
1999-12-29,3.478637218475342,4.5416669845581055,4.5833330154418945,4.5,4.5,84600
1999-12-30,3.526508092880249,4.6041669845581055,4.6041669845581055,4.5416669845581055,4.5729169845581055,32400
1999-12-31,3.5105504989624023,4.5833330154418945,4.59375,4.5,4.59375,36000
2000-01-03,3.366936445236206,4.3958330154418945,4.5625,4.125,4.5625,153600
2000-01-04,3.38289475440979,4.4166669845581055,4.5,4.3333330154418945,4.40625,133800
2000-01-05,3.2871525287628174,4.2916669845581055,4.5208330154418945,4.0833330154418945,4.5208330154418945,209400
2000-01-06,3.2472586631774902,4.2395830154418945,4.28125,4.0833330154418945,4.28125,112200
2000-01-07,3.2552380561828613,4.25,4.3020830154418945,4.1458330154418945,4.25,83400
2000-01-10,3.0557751655578613,3.9895830154418945,4.3020830154418945,3.9895830154418945,4.3020830154418945,282000
2000-01-11,3.1355600357055664,4.09375,4.1666669845581055,4.0,4.125,78600
2000-01-12,3.1754531860351562,4.1458330154418945,4.2083330154418945,4.09375,4.09375,66000
2000-01-13,3.23928165435791,4.2291669845581055,4.2916669845581055,4.125,4.125,29400
2000-01-14,3.3031089305877686,4.3125,4.4166669845581055,4.2291669845581055,4.2291669845581055,175200
2000-01-18,3.1355600357055664,4.09375,4.3020830154418945,4.09375,4.2916669845581055,289800
2000-01-19,3.0637524127960205,4.0,4.1666669845581055,4.0,4.0833330154418945,160200
2000-01-20,3.0477962493896484,3.9791669845581055,4.0833330154418945,3.9375,4.0104169845581055,94800
2000-01-21,2.9979300498962402,3.914062976837158,3.984375,3.8229169845581055,3.9791669845581055,225600
2000-01-24,2.952054977416992,3.8541669845581055,4.0416669845581055,3.8541669845581055,3.9114580154418945,162600
2000-01-25,2.9360954761505127,3.8333330154418945,3.9583330154418945,3.8333330154418945,3.9583330154418945,115200
2000-01-26,2.9999260902404785,3.9166669845581055,3.9166669845581055,3.8333330154418945,3.8333330154418945,20400
2000-01-27,2.9999260902404785,3.9166669845581055,4.0,3.8333330154418945,3.8333330154418945,68400
2000-01-28,2.9999260902404785,3.9166669845581055,3.9166669845581055,3.9166669845581055,3.9166669845581055,2400
2000-01-31,2.944075345993042,3.84375,3.9166669845581055,3.84375,3.9166669845581055,189000
2000-02-01,2.904183864593506,3.7916669845581055,3.9166669845581055,3.7708330154418945,3.8333330154418945,29400
2000-02-02,2.9360954761505127,3.8333330154418945,3.9270830154418945,3.7916669845581055,3.84375,43200
2000-02-03,2.9919469356536865,3.90625,3.9375,3.8125,3.8125,168600
2000-02-04,2.952054977416992,3.8541669845581055,3.8958330154418945,3.8541669845581055,3.8541669845581055,135000
2000-02-07,2.9839680194854736,3.8958330154418945,3.8958330154418945,3.8125,3.8541669845581055,66000
2000-02-08,2.9839680194854736,3.8958330154418945,3.9583330154418945,3.8541669845581055,3.9583330154418945,270000
2000-02-09,2.952054977416992,3.8541669845581055,3.9583330154418945,3.8541669845581055,3.9479169845581055,301800
2000-02-10,2.998220682144165,3.875,3.8958330154418945,3.875,3.8854169845581055,142200
2000-02-11,2.9821014404296875,3.8541669845581055,3.9166669845581055,3.8333330154418945,3.8333330154418945,69600
2000-02-14,2.925682783126831,3.78125,3.8541669845581055,3.7708330154418945,3.8541669845581055,54600
2000-02-15,2.9659793376922607,3.8333330154418945,3.84375,3.7083330154418945,3.75,236400
2000-02-16,2.925682783126831,3.78125,3.8333330154418945,3.7708330154418945,3.8333330154418945,38400
2000-02-17,2.8853840827941895,3.7291669845581055,3.8333330154418945,3.6458330154418945,3.7708330154418945,297000
2000-02-18,2.901503324508667,3.75,3.7916669845581055,3.7291669845581055,3.7708330154418945,98400
2000-02-22,2.957921028137207,3.8229169845581055,3.8229169845581055,3.7291669845581055,3.7291669845581055,88800
2000-02-23,2.917621612548828,3.7708330154418945,3.8229169845581055,3.7708330154418945,3.7916669845581055,34800
2000-02-24,2.957921028137207,3.8229169845581055,3.8333330154418945,3.7916669845581055,3.7916669845581055,78000
2000-02-25,2.8853840827941895,3.7291669845581055,3.875,3.7291669845581055,3.875,32400
2000-02-28,2.8873984813690186,3.7317709922790527,3.7395830154418945,3.7291669845581055,3.7291669845581055,10200
2000-02-29,2.9659793376922607,3.8333330154418945,3.8333330154418945,3.7291669845581055,3.7291669845581055,59400
2000-03-01,3.0304598808288574,3.9166669845581055,3.9166669845581055,3.7291669845581055,3.8333330154418945,155400
2000-03-02,3.022399425506592,3.90625,3.9583330154418945,3.8541669845581055,3.9166669845581055,210600
2000-03-03,3.094935655593872,4.0,4.0,3.8333330154418945,3.8802080154418945,321000
2000-03-06,3.078817129135132,3.9791669845581055,4.0,3.8333330154418945,4.0,74400
2000-03-07,3.022399425506592,3.90625,3.9166669845581055,3.8333330154418945,3.8854169845581055,121800
2000-03-08,3.0304598808288574,3.9166669845581055,3.9479169845581055,3.8541669845581055,3.8541669845581055,133200
2000-03-09,3.046577215194702,3.9375,3.9583330154418945,3.9375,3.9375,55200
2000-03-10,3.078817129135132,3.9791669845581055,4.0,3.9479169845581055,3.9791669845581055,277800
2000-03-13,3.0143392086029053,3.8958330154418945,3.9791669845581055,3.8958330154418945,3.9166669845581055,41400
2000-03-14,2.917621612548828,3.7708330154418945,3.8958330154418945,3.7291669845581055,3.8958330154418945,61800
2000-03-15,2.9659793376922607,3.8333330154418945,3.9010419845581055,3.7135419845581055,3.75,166800
2000-03-16,2.945831537246704,3.8072919845581055,3.8333330154418945,3.75,3.7916669845581055,132600
2000-03-17,2.941802501678467,3.8020830154418945,3.8333330154418945,3.7916669845581055,3.7916669845581055,95400
2000-03-20,2.917621612548828,3.7708330154418945,3.8229169845581055,3.7604169845581055,3.7916669845581055,43200
2000-03-21,2.941802501678467,3.8020830154418945,3.8020830154418945,3.7708330154418945,3.7708330154418945,119400
2000-03-22,2.957921028137207,3.8229169845581055,3.8333330154418945,3.78125,3.78125,60600
2000-03-23,2.925682783126831,3.78125,3.9375,3.78125,3.8125,81000
2000-03-24,2.9659793376922607,3.8333330154418945,3.8333330154418945,3.78125,3.8333330154418945,25800
2000-03-27,2.9659793376922607,3.8333330154418945,3.8333330154418945,3.78125,3.8333330154418945,174000
2000-03-28,2.9337430000305176,3.7916669845581055,3.7916669845581055,3.75,3.75,135000
2000-03-29,2.9095633029937744,3.7604169845581055,3.8333330154418945,3.7291669845581055,3.8333330154418945,63000
2000-03-30,2.925682783126831,3.78125,3.7916669845581055,3.7291669845581055,3.7604169845581055,124200
2000-03-31,2.9659793376922607,3.8333330154418945,3.8333330154418945,3.7708330154418945,3.78125,666000
2000-04-03,2.901503324508667,3.75,3.8333330154418945,3.7291669845581055,3.7708330154418945,85200
2000-04-04,2.877322196960449,3.71875,3.8333330154418945,3.71875,3.7291669845581055,52200
2000-04-05,2.9337430000305176,3.7916669845581055,3.8333330154418945,3.6666669845581055,3.6666669845581055,80400
2000-04-06,2.9740405082702637,3.84375,3.84375,3.6666669845581055,3.8333330154418945,278400
2000-04-07,2.998220682144165,3.875,3.875,3.828125,3.828125,123600
2000-04-10,2.917621612548828,3.7708330154418945,3.90625,3.7708330154418945,3.8645830154418945,135600
2000-04-11,2.9659793376922607,3.8333330154418945,3.9166669845581055,3.7708330154418945,3.9166669845581055,15000
2000-04-12,3.0626964569091797,3.9583330154418945,3.9583330154418945,3.875,3.875,51000
2000-04-13,3.078817129135132,3.9791669845581055,4.0416669845581055,3.8333330154418945,3.9583330154418945,90000
2000-04-14,2.9659793376922607,3.8333330154418945,4.0520830154418945,3.8333330154418945,3.9583330154418945,18000
2000-04-17,2.9659793376922607,3.8333330154418945,4.0,3.7291669845581055,3.8333330154418945,27600
2000-04-18,2.9821014404296875,3.8541669845581055,3.875,3.7395830154418945,3.7395830154418945,72600
2000-04-19,2.957921028137207,3.8229169845581055,3.875,3.7916669845581055,3.7916669845581055,211200
2000-04-20,2.8692634105682373,3.7083330154418945,3.8229169845581055,3.625,3.6875,120000
2000-04-24,2.8853840827941895,3.7291669845581055,3.75,3.6666669845581055,3.75,120000
2000-04-25,2.861203908920288,3.6979169845581055,3.7083330154418945,3.65625,3.6666669845581055,306600
2000-04-26,2.8370249271392822,3.6666669845581055,3.7291669845581055,3.6458330154418945,3.7291669845581055,189600
2000-04-27,2.849114418029785,3.6822919845581055,3.7291669845581055,3.6458330154418945,3.6458330154418945,59400
2000-04-28,2.8450846672058105,3.6770830154418945,3.6979169845581055,3.6666669845581055,3.6666669845581055,87600
2000-05-01,2.990159273147583,3.8645830154418945,3.8958330154418945,3.6875,3.6979169845581055,60600
2000-05-02,2.9337430000305176,3.7916669845581055,3.8958330154418945,3.7916669845581055,3.7916669845581055,46800
2000-05-03,3.054637908935547,3.9479169845581055,4.0,3.7916669845581055,3.875,204000
2000-05-04,3.0626964569091797,3.9583330154418945,3.9583330154418945,3.8333330154418945,3.8333330154418945,11400
2000-05-05,2.990159273147583,3.8645830154418945,3.875,3.7916669845581055,3.7916669845581055,44400
2000-05-08,2.990159273147583,3.8645830154418945,3.8645830154418945,3.7916669845581055,3.8333330154418945,9600
2000-05-09,3.0626964569091797,3.9583330154418945,4.0625,3.8333330154418945,3.8958330154418945,118200
2000-05-10,3.0143392086029053,3.8958330154418945,3.9375,3.875,3.9375,14400
2000-05-11,3.085392951965332,3.9479169845581055,3.9583330154418945,3.875,3.875,20400
2000-05-12,3.085392951965332,3.9479169845581055,3.9791669845581055,3.9166669845581055,3.9166669845581055,207000
2000-05-15,3.1179563999176025,3.9895830154418945,4.0208330154418945,3.9270830154418945,3.9270830154418945,19800
2000-05-16,3.174943447113037,4.0625,4.0833330154418945,4.0104169845581055,4.0208330154418945,171000
2000-05-17,3.1668012142181396,4.0520830154418945,4.0833330154418945,3.9895830154418945,4.0,243600
2000-05-18,3.174943447113037,4.0625,4.0729169845581055,4.0,4.0729169845581055,20400
2000-05-19,3.1586618423461914,4.0416669845581055,4.0729169845581055,3.9791669845581055,4.0,37800
2000-05-22,3.1668012142181396,4.0520830154418945,4.0625,4.0,4.0416669845581055,147000
2000-05-23,3.126096725463867,4.0,4.0729169845581055,4.0,4.0729169845581055,111600
2000-05-24,3.2400686740875244,4.1458330154418945,4.1510419845581055,4.0,4.0,165600
2000-05-25,3.1586618423461914,4.0416669845581055,4.1458330154418945,4.0416669845581055,4.1041669845581055,28800
2000-05-26,3.1586618423461914,4.0416669845581055,4.0625,4.0416669845581055,4.0416669845581055,12600
2000-05-30,3.174943447113037,4.0625,4.0625,4.0625,4.0625,3600
2000-05-31,3.174943447113037,4.0625,4.0625,4.0520830154418945,4.0520830154418945,204600
2000-06-01,3.1668012142181396,4.0520830154418945,4.0833330154418945,4.0416669845581055,4.0729169845581055,191400
2000-06-02,3.1668012142181396,4.0520830154418945,4.0625,4.0416669845581055,4.0416669845581055,47400
2000-06-05,3.174943447113037,4.0625,4.0833330154418945,4.0416669845581055,4.0416669845581055,213000
2000-06-06,3.1668012142181396,4.0520830154418945,4.0520830154418945,4.03125,4.0416669845581055,75600
2000-06-07,3.134237766265869,4.0104169845581055,4.0625,4.0104169845581055,4.0364580154418945,76200
2000-06-08,3.231928586959839,4.1354169845581055,4.1666669845581055,4.1041669845581055,4.1041669845581055,343800
2000-06-09,3.260422945022583,4.171875,4.171875,4.1145830154418945,4.1145830154418945,51000
2000-06-12,3.2400686740875244,4.1458330154418945,4.1770830154418945,4.1458330154418945,4.15625,18000
2000-06-13,3.280773639678955,4.1979169845581055,4.1979169845581055,4.1458330154418945,4.1458330154418945,146400
2000-06-14,3.248208522796631,4.15625,4.2291669845581055,4.1458330154418945,4.1614580154418945,167400
2000-06-15,3.2563512325286865,4.1666669845581055,4.1927080154418945,4.15625,4.1770830154418945,132000
2000-06-16,3.3051977157592773,4.2291669845581055,4.2395830154418945,4.21875,4.21875,83400
2000-06-19,3.313336133956909,4.2395830154418945,4.2395830154418945,4.1666669845581055,4.1666669845581055,12000
2000-06-20,3.248208522796631,4.15625,4.169270992279053,4.1458330154418945,4.1458330154418945,161400
2000-06-21,3.2563512325286865,4.1666669845581055,4.2291669845581055,4.15625,4.2291669845581055,221400
2000-06-22,3.3051977157592773,4.2291669845581055,4.2395830154418945,4.1458330154418945,4.1458330154418945,122400
2000-06-23,3.2563512325286865,4.1666669845581055,4.2291669845581055,4.1510419845581055,4.1510419845581055,118800
2000-06-26,3.2563512325286865,4.1666669845581055,4.25,4.15625,4.25,42600
2000-06-27,3.2889134883880615,4.2083330154418945,4.25,4.1666669845581055,4.2291669845581055,116400
2000-06-28,3.3866050243377686,4.3333330154418945,4.4583330154418945,4.1666669845581055,4.1666669845581055,138600
2000-06-29,3.5331406593322754,4.5208330154418945,4.5208330154418945,4.2916669845581055,4.2916669845581055,115800
2000-06-30,3.687817096710205,4.71875,4.75,4.4166669845581055,4.4166669845581055,339600
2000-07-03,3.679676055908203,4.7083330154418945,4.7083330154418945,4.6510419845581055,4.6510419845581055,4800
2000-07-05,3.809931516647339,4.875,4.875,4.5625,4.5625,181200
2000-07-06,3.9401845932006836,5.0416669845581055,5.0416669845581055,4.8333330154418945,4.8333330154418945,261600
2000-07-07,4.029734134674072,5.15625,5.1666669845581055,4.955729007720947,5.0,162000
2000-07-10,4.103003025054932,5.25,5.25,5.0520830154418945,5.1458330154418945,289200
2000-07-11,4.054157733917236,5.1875,5.25,5.1875,5.25,141600
2000-07-12,3.8913397789001465,4.9791669845581055,5.1875,4.75,5.1875,247800
2000-07-13,3.7122373580932617,4.75,4.9791669845581055,4.75,4.8541669845581055,90600
2000-07-14,3.5657026767730713,4.5625,4.7708330154418945,4.5625,4.7708330154418945,60000
2000-07-17,3.7529430389404297,4.8020830154418945,4.8333330154418945,4.5625,4.5625,64200
2000-07-18,3.5494225025177,4.5416669845581055,4.6041669845581055,4.4791669845581055,4.5625,98400
2000-07-19,3.6064083576202393,4.6145830154418945,4.6458330154418945,4.5625,4.59375,60000
2000-07-20,3.6226909160614014,4.6354169845581055,4.7291669845581055,4.6354169845581055,4.6666669845581055,27600
2000-07-21,3.769226551055908,4.8229169845581055,4.9166669845581055,4.7083330154418945,4.7083330154418945,116400
2000-07-24,4.005313396453857,5.125,5.1666669845581055,4.7447919845581055,4.75,114600
2000-07-25,3.9401845932006836,5.0416669845581055,5.125,4.9583330154418945,5.0833330154418945,125400
2000-07-26,4.005313396453857,5.125,5.125,4.90625,4.9166669845581055,108600
2000-07-27,4.103003025054932,5.25,5.25,5.0,5.0,130200
2000-07-28,4.086721420288086,5.2291669845581055,5.3333330154418945,5.1458330154418945,5.1458330154418945,83400
2000-07-31,4.298382759094238,5.5,5.5,5.0,5.0,270000
2000-08-01,4.298382759094238,5.5,5.5416669845581055,5.3541669845581055,5.5208330154418945,457800
2000-08-02,4.298382759094238,5.5,5.5,5.3125,5.3125,50400
2000-08-03,4.428638458251953,5.6666669845581055,5.6666669845581055,5.4791669845581055,5.5,100200
2000-08-04,4.200695514678955,5.375,5.625,5.3333330154418945,5.625,116400
2000-08-07,4.021592617034912,5.1458330154418945,5.4375,5.1041669845581055,5.2916669845581055,48000
2000-08-08,4.037876129150391,5.1666669845581055,5.1979169845581055,5.1666669845581055,5.1979169845581055,69600
2000-08-09,3.9727463722229004,5.0833330154418945,5.148437976837158,5.0833330154418945,5.1458330154418945,42000
2000-08-10,3.9727463722229004,5.0833330154418945,5.1770830154418945,4.9583330154418945,5.1666669845581055,77400
2000-08-11,4.037876129150391,5.1666669845581055,5.1666669845581055,5.09375,5.1041669845581055,67200
2000-08-14,4.070436000823975,5.2083330154418945,5.2083330154418945,5.0833330154418945,5.2083330154418945,72000
2000-08-15,4.070436000823975,5.2083330154418945,5.2395830154418945,5.15625,5.15625,5400
2000-08-16,4.142026424407959,5.2604169845581055,5.3125,5.2291669845581055,5.2291669845581055,9600
2000-08-17,4.133824825286865,5.25,5.2604169845581055,5.1875,5.2395830154418945,94800
2000-08-18,4.092813491821289,5.1979169845581055,5.2604169845581055,5.1666669845581055,5.25,60600
2000-08-21,4.125621795654297,5.2395830154418945,5.25,5.1666669845581055,5.1666669845581055,664800
2000-08-22,4.1502275466918945,5.2708330154418945,5.2708330154418945,5.2083330154418945,5.2395830154418945,27600
2000-08-23,4.314267158508301,5.4791669845581055,5.5,5.25,5.25,191400
2000-08-24,4.2240471839904785,5.3645830154418945,5.4166669845581055,5.3125,5.3125,151200
2000-08-25,4.347078323364258,5.5208330154418945,5.5208330154418945,5.4583330154418945,5.4583330154418945,96600
2000-08-28,4.3634819984436035,5.5416669845581055,5.5833330154418945,5.5208330154418945,5.5833330154418945,156000
2000-08-29,4.593136310577393,5.8333330154418945,5.8333330154418945,5.5833330154418945,5.5833330154418945,465000
2000-08-30,4.904815196990967,6.2291669845581055,6.25,5.8125,5.8333330154418945,372000
2000-08-31,5.200088024139404,6.6041669845581055,6.8125,6.1458330154418945,6.1666669845581055,526800
2000-09-01,5.39693546295166,6.8541669845581055,6.8541669845581055,6.5,6.5625,507600
2000-09-05,5.626593112945557,7.1458330154418945,7.1458330154418945,6.65625,6.828125,357000
2000-09-06,5.741422653198242,7.2916669845581055,7.3541669845581055,7.0,7.0625,504600
2000-09-07,5.807037830352783,7.375,7.5,7.0416669845581055,7.0833330154418945,655800
2000-09-08,5.462552547454834,6.9375,7.3333330154418945,6.7916669845581055,7.3020830154418945,529200
2000-09-11,5.446147918701172,6.9166669845581055,7.0,6.7916669845581055,6.8333330154418945,322200
2000-09-12,5.462552547454834,6.9375,7.0625,6.8333330154418945,6.875,511800
2000-09-13,5.560976505279541,7.0625,7.1041669845581055,6.9583330154418945,7.0,500400
2000-09-14,5.6429972648620605,7.1666669845581055,7.2083330154418945,7.0729169845581055,7.1041669845581055,658800
2000-09-15,5.511763095855713,7.0,7.1666669845581055,7.0,7.1354169845581055,446400
2000-09-18,5.577380180358887,7.0833330154418945,7.1458330154418945,7.0104169845581055,7.0104169845581055,154200
2000-09-19,5.532270908355713,7.0260419845581055,7.1458330154418945,6.9375,7.1458330154418945,180000
2000-09-20,5.446147918701172,6.9166669845581055,7.0833330154418945,6.8958330154418945,7.0625,301800
2000-09-21,5.552773952484131,7.0520830154418945,7.1041669845581055,6.875,6.875,613200
2000-09-22,5.593784332275391,7.1041669845581055,7.125,6.8541669845581055,6.8958330154418945,237600
2000-09-25,5.659401893615723,7.1875,7.21875,7.0,7.125,281400
2000-09-26,5.688107967376709,7.2239580154418945,7.25,7.1041669845581055,7.1666669845581055,224400
2000-09-27,5.700411319732666,7.2395830154418945,7.3125,7.1770830154418945,7.203125,257400
2000-09-28,5.7168169021606445,7.2604169845581055,7.2916669845581055,7.2291669845581055,7.2708330154418945,569400
2000-09-29,5.848047733306885,7.4270830154418945,7.4895830154418945,7.1875,7.1875,645000
2000-10-02,5.823441028594971,7.3958330154418945,7.4791669845581055,7.3020830154418945,7.40625,768000
2000-10-03,5.80908727645874,7.377604007720947,7.4270830154418945,7.2916669845581055,7.4166669845581055,201600
2000-10-04,5.741422653198242,7.2916669845581055,7.375,7.2291669845581055,7.2291669845581055,291600
2000-10-05,5.7906341552734375,7.3541669845581055,7.3541669845581055,7.2291669845581055,7.2291669845581055,135000
2000-10-06,5.462552547454834,6.9375,7.4166669845581055,6.763020992279053,7.40625,211800
2000-10-09,5.651201248168945,7.1770830154418945,7.25,6.9166669845581055,6.919270992279053,86400
2000-10-10,5.528167724609375,7.0208330154418945,7.2916669845581055,6.9583330154418945,7.2916669845581055,90600
2000-10-11,5.774229526519775,7.3333330154418945,7.3333330154418945,6.9166669845581055,6.9166669845581055,415800
2000-10-12,5.692209243774414,7.2291669845581055,7.3333330154418945,7.0208330154418945,7.3125,331200
2000-10-13,6.233543395996094,7.9166669845581055,7.9166669845581055,7.25,7.25,399600
2000-10-16,6.2417449951171875,7.9270830154418945,8.166666984558105,7.8125,7.8541669845581055,244200
2000-10-17,5.93416690826416,7.5364580154418945,7.9166669845581055,7.28125,7.8541669845581055,216600
2000-10-18,6.167928218841553,7.8333330154418945,8.041666984558105,7.2083330154418945,7.5208330154418945,259800
2000-10-19,6.06540060043335,7.703125,7.9583330154418945,7.6666669845581055,7.9583330154418945,352800
2000-10-20,6.135119915008545,7.7916669845581055,7.8333330154418945,7.6666669845581055,7.6666669845581055,283200
2000-10-23,6.085906028747559,7.7291669845581055,7.8541669845581055,7.7083330154418945,7.830729007720947,139200
2000-10-24,6.176127910614014,7.84375,7.8541669845581055,7.71875,7.8125,180600
2000-10-25,6.094109058380127,7.7395830154418945,7.875,7.6458330154418945,7.71875,240000
2000-10-26,6.0366926193237305,7.6666669845581055,7.8229169845581055,7.4270830154418945,7.7708330154418945,55800
2000-10-27,5.966978549957275,7.578125,7.7083330154418945,7.5,7.6666669845581055,57000
2000-10-30,5.872654914855957,7.4583330154418945,7.6666669845581055,7.4583330154418945,7.502604007720947,70800
2000-10-31,5.876755237579346,7.4635419845581055,7.5416669845581055,7.3333330154418945,7.4583330154418945,340800
2000-11-01,5.8316450119018555,7.40625,7.5625,7.3333330154418945,7.3333330154418945,236400
2000-11-02,5.854198932647705,7.434895992279053,7.4583330154418945,7.3333330154418945,7.3958330154418945,133800
2000-11-03,5.511763095855713,7.0,7.3333330154418945,6.5,7.3333330154418945,455400
2000-11-06,5.323119163513184,6.7604169845581055,7.0,6.5833330154418945,6.9791669845581055,858600
2000-11-07,5.216491222381592,6.625,6.7083330154418945,6.1666669845581055,6.625,496800
2000-11-08,5.364128589630127,6.8125,6.8333330154418945,6.6666669845581055,6.6666669845581055,398400
2000-11-09,5.306712627410889,6.7395830154418945,7.09375,6.71875,6.8333330154418945,543000
2000-11-10,5.2985124588012695,6.7291669845581055,6.8229169845581055,6.6666669845581055,6.7708330154418945,49200
2000-11-13,5.216491222381592,6.625,6.7291669845581055,6.25,6.669270992279053,192000
2000-11-14,5.331319808959961,6.7708330154418945,6.8125,6.6458330154418945,6.6666669845581055,305400
2000-11-15,5.527060508728027,6.9791669845581055,7.1041669845581055,6.8125,6.8125,649800
2000-11-16,5.659049034118652,7.1458330154418945,7.25,7.03125,7.03125,306600
2000-11-17,5.675548076629639,7.1666669845581055,7.25,7.125,7.25,267600
2000-11-20,5.659049034118652,7.1458330154418945,7.1979169845581055,7.0416669845581055,7.0416669845581055,502800
2000-11-21,5.518812656402588,6.96875,7.1041669845581055,6.7708330154418945,6.8333330154418945,480600
2000-11-22,5.3950700759887695,6.8125,7.0,6.8020830154418945,6.9635419845581055,347400
2000-11-24,5.3950700759887695,6.8125,6.8541669845581055,6.7916669845581055,6.8125,174000
2000-11-27,5.246581554412842,6.625,6.7708330154418945,6.5625,6.7708330154418945,304800
2000-11-28,5.114592552185059,6.4583330154418945,6.9166669845581055,6.4583330154418945,6.7291669845581055,486600
2000-11-29,5.122844219207764,6.46875,6.643229007720947,6.3333330154418945,6.5208330154418945,199200
2000-11-30,4.990854740142822,6.3020830154418945,6.3541669845581055,5.9583330154418945,6.335937976837158,267000
2000-12-01,5.0485968589782715,6.375,6.4166669845581055,6.2291669845581055,6.4166669845581055,131400
2000-12-04,4.9496049880981445,6.25,6.34375,6.2083330154418945,6.2083330154418945,346200
2000-12-05,5.279581069946289,6.6666669845581055,6.9583330154418945,6.2916669845581055,6.559895992279053,126000
2000-12-06,5.188838005065918,6.5520830154418945,6.75,6.5,6.6770830154418945,243600
2000-12-07,5.213584899902344,6.5833330154418945,6.6354169845581055,6.4583330154418945,6.460937976837158,55800
2000-12-08,5.197087287902832,6.5625,6.6041669845581055,6.4791669845581055,6.4791669845581055,250800
2000-12-11,5.230083465576172,6.6041669845581055,6.7083330154418945,6.5416669845581055,6.5416669845581055,138000
2000-12-12,5.230083465576172,6.6041669845581055,6.6041669845581055,6.4166669845581055,6.5625,167400
2000-12-13,5.287829399108887,6.6770830154418945,6.6770830154418945,6.5625,6.625,100200
2000-12-14,5.238332748413086,6.6145830154418945,6.65625,6.5729169845581055,6.606770992279053,11400
2000-12-15,5.155839920043945,6.5104169845581055,6.59375,6.4791669845581055,6.59375,456600
2000-12-18,5.147590160369873,6.5,6.5625,6.4791669845581055,6.5625,269400
2000-12-19,5.386821746826172,6.8020830154418945,6.9166669845581055,6.3958330154418945,6.3958330154418945,253800
2000-12-20,5.296080112457275,6.6875,6.6979169845581055,6.5833330154418945,6.6979169845581055,175200
2000-12-21,5.543558120727539,7.0,7.0,6.6666669845581055,6.75,87000
2000-12-22,5.692047119140625,7.1875,7.1875,6.8958330154418945,7.0,230400
2000-12-26,5.700296878814697,7.1979169845581055,7.2395830154418945,7.1458330154418945,7.1770830154418945,119400
2000-12-27,5.799289703369141,7.3229169845581055,7.3229169845581055,7.1458330154418945,7.1666669845581055,190800
2000-12-28,5.8405351638793945,7.375,7.375,7.1875,7.2083330154418945,150000
2000-12-29,5.906529426574707,7.4583330154418945,7.5833330154418945,7.2083330154418945,7.3333330154418945,190200
2001-01-02,5.584805488586426,7.0520830154418945,7.4375,7.0208330154418945,7.4375,246600
2001-01-03,5.64873743057251,7.132812976837158,7.2604169845581055,7.0833330154418945,7.1458330154418945,280200
2001-01-04,5.683797359466553,7.1770830154418945,7.2708330154418945,7.0833330154418945,7.0833330154418945,172800
2001-01-05,5.584805488586426,7.0520830154418945,7.1875,7.0208330154418945,7.1875,210600
2001-01-08,5.304328441619873,6.6979169845581055,7.15625,6.6666669845581055,7.03125,41400
2001-01-09,5.477564334869385,6.9166669845581055,6.9583330154418945,6.7916669845581055,6.7916669845581055,201600
2001-01-10,5.601304531097412,7.0729169845581055,7.122395992279053,6.9479169845581055,6.9479169845581055,75600
2001-01-11,5.642552375793457,7.125,7.2083330154418945,6.7708330154418945,7.0833330154418945,27000
2001-01-12,5.692047119140625,7.1875,7.2916669845581055,7.1666669845581055,7.1666669845581055,22800
2001-01-16,5.9230265617370605,7.4791669845581055,7.4791669845581055,7.1875,7.2916669845581055,520800
2001-01-17,6.3354973793029785,8.0,8.0,7.210937976837158,7.3333330154418945,196200
2001-01-18,6.253002643585205,7.8958330154418945,7.9895830154418945,7.7916669845581055,7.9375,182400
2001-01-19,6.13751220703125,7.75,7.9791669845581055,7.6770830154418945,7.9791669845581055,193800
2001-01-22,6.401492118835449,8.083333015441895,8.166666984558105,7.7604169845581055,7.960937976837158,286200
2001-01-23,6.7314629554748535,8.5,8.625,8.005208015441895,8.005208015441895,678000
2001-01-24,6.764461994171143,8.541666984558105,8.625,8.333333015441895,8.458333015441895,444000
2001-01-25,6.632472038269043,8.375,8.5,8.291666984558105,8.5,57600
2001-01-26,6.56648063659668,8.291666984558105,8.4375,8.229166984558105,8.4375,58200
2001-01-29,6.624222278594971,8.364583015441895,8.479166984558105,8.229166984558105,8.322916984558105,226800
2001-01-30,6.624222278594971,8.364583015441895,8.520833015441895,8.333333015441895,8.40625,158400
2001-01-31,6.434490203857422,8.125,8.427083015441895,8.125,8.395833015441895,190200
2001-02-01,6.4674859046936035,8.166666984558105,8.171875,7.9583330154418945,8.171875,106200
2001-02-02,6.558232307434082,8.28125,8.333333015441895,8.104166984558105,8.239583015441895,141000
2001-02-05,6.7149658203125,8.479166984558105,8.520833015441895,8.354166984558105,8.416666984558105,25200
2001-02-06,6.747963905334473,8.520833015441895,8.552083015441895,8.5,8.5,52200
2001-02-07,7.110935211181641,8.979166984558105,9.0625,8.510416984558105,8.541666984558105,417600
2001-02-08,7.226420879364014,9.125,9.125,8.708333015441895,8.885416984558105,553200
2001-02-09,7.226420879364014,9.125,9.1875,9.052083015441895,9.052083015441895,507600
2001-02-12,7.292423725128174,9.208333015441895,9.208333015441895,8.791666984558105,8.984375,190800
2001-02-13,7.099626064300537,8.927083015441895,9.208333015441895,8.84375,9.208333015441895,120600
2001-02-14,7.290169715881348,9.166666984558105,9.166666984558105,8.90625,9.153646469116211,376800
2001-02-15,7.513844013214111,9.447916984558105,9.458333015441895,8.9375,9.247396469116211,509400
2001-02-16,7.588401794433594,9.541666984558105,9.604166984558105,9.322916984558105,9.328125,477000
2001-02-20,7.629819393157959,9.59375,9.622396469116211,9.479166984558105,9.622396469116211,981000
2001-02-21,7.56975793838501,9.518228530883789,9.604166984558105,9.25,9.492188453674316,151800
2001-02-22,7.4558515548706055,9.375,9.489583015441895,9.125,9.416666984558105,99600
2001-02-23,7.223892688751221,9.083333015441895,9.166666984558105,8.854166984558105,9.166666984558105,187200
2001-02-26,7.472418785095215,9.395833015441895,9.427083015441895,8.981771469116211,8.981771469116211,142200
2001-02-27,7.339874744415283,9.229166984558105,9.46875,9.229166984558105,9.455728530883789,209400
2001-02-28,7.414431571960449,9.322916984558105,9.322916984558105,9.104166984558105,9.208333015441895,92400
2001-03-01,7.157617568969727,9.0,9.322916984558105,8.989583015441895,9.208333015441895,171600
2001-03-02,7.207321643829346,9.0625,9.208333015441895,9.0,9.0,242400
2001-03-05,7.273597240447998,9.145833015441895,9.1875,9.104166984558105,9.104166984558105,67800
2001-03-06,7.273597240447998,9.145833015441895,9.166666984558105,9.041666984558105,9.166666984558105,48000
2001-03-07,7.290169715881348,9.166666984558105,9.1875,9.075521469116211,9.15625,146400
2001-03-08,7.290169715881348,9.166666984558105,9.25,9.166666984558105,9.166666984558105,270000
2001-03-09,7.306736469268799,9.1875,9.1875,9.083333015441895,9.166666984558105,141600
2001-03-12,7.26531457901001,9.135416984558105,9.25,9.072916984558105,9.25,114600
2001-03-13,7.207321643829346,9.0625,9.145833015441895,8.9375,9.125,98400
2001-03-14,6.867666721343994,8.635416984558105,9.0625,8.625,9.059896469116211,87000
2001-03-15,6.8593831062316895,8.625,8.822916984558105,8.625,8.8125,49200
2001-03-16,6.660561561584473,8.375,8.927083015441895,8.333333015441895,8.864583015441895,130800
2001-03-19,6.701984405517578,8.427083015441895,8.572916984558105,8.390625,8.390625,196800
2001-03-20,6.726834774017334,8.458333015441895,8.5625,8.354166984558105,8.5625,169200
2001-03-21,6.496947288513184,8.169271469116211,8.447916984558105,8.169271469116211,8.330728530883789,112800
2001-03-22,6.3623270988464355,8.0,8.270833015441895,7.84375,8.270833015441895,178200
2001-03-23,6.43688440322876,8.09375,8.239583015441895,7.877604007720947,7.877604007720947,45600
2001-03-26,6.552865505218506,8.239583015441895,8.3125,7.981770992279053,8.072916984558105,137400
2001-03-27,6.619141578674316,8.322916984558105,8.333333015441895,8.1875,8.28125,176400
2001-03-28,6.561150550842285,8.25,8.291666984558105,8.210938453674316,8.210938453674316,235200
2001-03-29,6.635709285736084,8.34375,8.479166984558105,8.1875,8.1875,96000
2001-03-30,6.809678077697754,8.5625,8.583333015441895,8.354166984558105,8.354166984558105,255600
2001-04-02,6.78482723236084,8.53125,8.541666984558105,8.40625,8.416666984558105,177000
2001-04-03,6.660561561584473,8.375,8.5,8.166666984558105,8.479166984558105,100800
2001-04-04,6.62742280960083,8.333333015441895,8.541666984558105,8.177083015441895,8.375,250800
2001-04-05,6.826244831085205,8.583333015441895,8.583333015441895,8.34375,8.34375,66000
2001-04-06,6.528010368347168,8.208333015441895,8.489583015441895,8.208333015441895,8.4375,145200
2001-04-09,6.758646011352539,8.498332977294922,8.550000190734863,8.369999885559082,8.5,156000
2001-04-10,6.765273094177246,8.506667137145996,8.581666946411133,8.301667213439941,8.301667213439941,144000
2001-04-11,6.892521381378174,8.666666984558105,8.666666984558105,8.583333015441895,8.583333015441895,315600
2001-04-12,6.893848896026611,8.668333053588867,8.783332824707031,8.543333053588867,8.543333053588867,43200
2001-04-16,6.791782855987549,8.539999961853027,8.640000343322754,8.5,8.541666984558105,105000
2001-04-17,7.0038604736328125,8.80666732788086,8.80666732788086,8.561667442321777,8.729999542236328,264600
2001-04-18,7.025068283081055,8.833333015441895,9.081666946411133,8.675000190734863,8.71500015258789,145800
2001-04-19,7.304742336273193,9.1850004196167,9.274999618530273,8.75,8.75,313200
2001-04-20,8.218005180358887,10.333333015441895,10.333333015441895,9.316666603088379,9.316666603088379,1035600
2001-04-23,8.62227725982666,10.841667175292969,11.0,10.208333015441895,10.366666793823242,478800
2001-04-24,8.620950698852539,10.84000015258789,10.898332595825195,10.583333015441895,10.766667366027832,423000
2001-04-25,8.907259941101074,11.199999809265137,11.333333015441895,10.696666717529297,10.791666984558105,1304400
2001-04-26,9.175003051757812,11.536666870117188,11.536666870117188,11.141667366027832,11.191666603088379,591600
2001-04-27,8.900628089904785,11.191666603088379,11.364999771118164,10.958333015441895,11.358332633972168,616200
2001-04-30,8.683249473571777,10.918333053588867,11.583333015441895,10.886667251586914,11.31833267211914,826800
2001-05-01,9.139217376708984,11.491666793823242,11.583333015441895,10.631667137145996,10.833333015441895,1018800
2001-05-02,9.462636947631836,11.898332595825195,11.908332824707031,11.423333168029785,11.423333168029785,427200
2001-05-03,9.266465187072754,11.651666641235352,11.666666984558105,11.494999885559082,11.494999885559082,343200
2001-05-04,9.495770454406738,11.9399995803833,12.041666984558105,11.308333396911621,11.331666946411133,726000
2001-05-07,9.397685050964355,11.816666603088379,11.835000038146973,11.666666984558105,11.668333053588867,477000
2001-05-08,9.365877151489258,11.776666641235352,11.833333015441895,11.75,11.751667022705078,141600
2001-05-09,9.54349422454834,12.0,12.081666946411133,11.708333015441895,11.708333015441895,381600
2001-05-10,9.53023624420166,11.983332633972168,12.016667366027832,11.833333015441895,11.984999656677246,527400
2001-05-11,9.262489318847656,11.646666526794434,11.866666793823242,11.414999961853027,11.845000267028809,286200
2001-05-14,9.516979217529297,11.966667175292969,12.0,11.671667098999023,11.671667098999023,275400
2001-05-15,9.676041603088379,12.166666984558105,12.183333396911621,11.876667022705078,11.948332786560059,755400
2001-05-16,9.825361251831055,12.3149995803833,12.68166732788086,12.083333015441895,12.083333015441895,1461600
2001-05-17,9.794781684875488,12.276666641235352,12.524999618530273,12.133333206176758,12.333333015441895,554400
2001-05-18,9.919778823852539,12.433333396911621,12.524999618530273,12.266667366027832,12.276666641235352,476400
2001-05-21,10.274812698364258,12.87833309173584,13.071666717529297,12.341667175292969,12.418333053588867,1070400
2001-05-22,10.205671310424805,12.791666984558105,13.058333396911621,12.583333015441895,13.010000228881836,907200
2001-05-23,9.994241714477539,12.526666641235352,12.733332633972168,12.483332633972168,12.683333396911621,181800
2001-05-24,10.21763801574707,12.80666732788086,12.90999984741211,12.418333053588867,12.453332901000977,699600
2001-05-25,10.078018188476562,12.631667137145996,12.80666732788086,12.266667366027832,12.80666732788086,397200
2001-05-29,10.338644027709961,12.958333015441895,12.973333358764648,12.533332824707031,12.619999885559082,315000
2001-05-30,10.347954750061035,12.970000267028809,13.101667404174805,12.751667022705078,12.946666717529297,609600
2001-05-31,10.063385009765625,12.613332748413086,13.351667404174805,12.533332824707031,12.675000190734863,652200
2001-06-01,10.756175994873047,13.481666564941406,13.563332557678223,13.123332977294922,13.289999961853027,1438800
2001-06-04,10.704316139221191,13.416666984558105,13.649999618530273,13.333333015441895,13.581666946411133,1054800
2001-06-05,11.028769493103027,13.823332786560059,14.458333015441895,13.488332748413086,13.498332977294922,735600
2001-06-06,11.276104927062988,14.133333206176758,14.958333015441895,13.59333324432373,14.081666946411133,865200
2001-06-07,11.689650535583496,14.651666641235352,15.166666984558105,14.168333053588867,14.168333053588867,934200
2001-06-08,11.919692039489746,14.9399995803833,14.983332633972168,14.550000190734863,14.956666946411133,5144400
2001-06-11,11.60055160522461,14.539999961853027,14.949999809265137,14.516667366027832,14.756667137145996,600000
2001-06-12,11.42901611328125,14.324999809265137,14.541666984558105,14.266667366027832,14.416666984558105,372600
2001-06-13,11.310675621032715,14.176667213439941,14.433333396911621,14.083333015441895,14.433333396911621,264600
2001-06-14,10.905111312866211,13.668333053588867,14.273332595825195,13.666666984558105,13.93166732788086,460200
2001-06-15,10.019506454467773,12.558333396911621,13.666666984558105,12.333333015441895,13.616666793823242,1833600
2001-06-18,10.331995010375977,12.949999809265137,12.949999809265137,12.166666984558105,12.383333206176758,796200
2001-06-19,11.003512382507324,13.791666984558105,13.796667098999023,13.168333053588867,13.168333053588867,928200
2001-06-20,10.89979076385498,13.661666870117188,14.016667366027832,13.43166732788086,13.43166732788086,566400
2001-06-21,10.99021053314209,13.774999618530273,13.846667289733887,13.448332786560059,13.448332786560059,600600
2001-06-22,10.917074203491211,13.683333396911621,13.983332633972168,13.59333324432373,13.75,728400
2001-06-25,10.664427757263184,13.366666793823242,13.776666641235352,13.328332901000977,13.75,534600
2001-06-26,10.808036804199219,13.546667098999023,13.666666984558105,13.244999885559082,13.329999923706055,679800
2001-06-27,10.88515853881836,13.643333435058594,13.81833267211914,13.510000228881836,13.574999809265137,196200
2001-06-28,11.301369667053223,14.164999961853027,14.164999961853027,13.508333206176758,13.80666732788086,238800
2001-06-29,11.216262817382812,14.058333396911621,14.308333396911621,13.708333015441895,13.866666793823242,422400
2001-07-02,10.968935012817383,13.748332977294922,14.25,13.583333015441895,13.991666793823242,550800
2001-07-03,11.036747932434082,13.833333015441895,13.850000381469727,13.359999656677246,13.361666679382324,222600
2001-07-05,11.048718452453613,13.848333358764648,13.96833324432373,13.625,13.87166690826416,502800
2001-07-06,10.820005416870117,13.561667442321777,13.84333324432373,13.366666793823242,13.526666641235352,191400
2001-07-09,10.947659492492676,13.721667289733887,13.914999961853027,13.558333396911621,13.846667289733887,153600
2001-07-10,11.02345085144043,13.816666603088379,13.908332824707031,13.75,13.805000305175781,480000
2001-07-11,10.982233047485352,13.765000343322754,13.99666690826416,13.65666675567627,13.883333206176758,253200
2001-07-12,11.28142261505127,14.140000343322754,14.140000343322754,13.846667289733887,13.866666793823242,298200
2001-07-13,11.309342384338379,14.175000190734863,14.316666603088379,14.001667022705078,14.001667022705078,246600
2001-07-16,11.343923568725586,14.21833324432373,14.475000381469727,14.083333015441895,14.25,433800
2001-07-17,10.937015533447266,13.708333015441895,14.28166675567627,13.666666984558105,14.25,333600
2001-07-18,10.770805358886719,13.5,13.676667213439941,13.333333015441895,13.646666526794434,264000
2001-07-19,10.837291717529297,13.583333015441895,13.826666831970215,13.50333309173584,13.609999656677246,503400
2001-07-20,10.504860877990723,13.166666984558105,13.566666603088379,13.00333309173584,13.508333206176758,597600
2001-07-23,10.153810501098633,12.726667404174805,13.208333015441895,12.444999694824219,13.021666526794434,330600
2001-07-24,9.760212898254395,12.233332633972168,12.755000114440918,12.0,12.585000038146973,616800
2001-07-25,9.800100326538086,12.283332824707031,12.600000381469727,11.916666984558105,12.213333129882812,878400
2001-07-26,9.797439575195312,12.279999732971191,12.399999618530273,12.0600004196167,12.225000381469727,256200
2001-07-27,9.640534400939941,12.083333015441895,12.291666984558105,11.958333015441895,11.986666679382324,397200
2001-07-30,9.836004257202148,12.328332901000977,12.626667022705078,11.833333015441895,11.835000038146973,553800
2001-07-31,9.758879661560059,12.231666564941406,12.826666831970215,12.198332786560059,12.458333015441895,581400
2001-08-01,10.050092697143555,12.596667289733887,12.960000038146973,12.191666603088379,12.233332633972168,508200
2001-08-02,10.29210376739502,12.899999618530273,12.956666946411133,12.333333015441895,12.333333015441895,145200
2001-08-03,10.443693161010742,13.09000015258789,13.166666984558105,12.751667022705078,12.831666946411133,268200
2001-08-06,10.363910675048828,12.989999771118164,13.398332595825195,12.921667098999023,13.140000343322754,409200
2001-08-07,10.113917350769043,12.676667213439941,13.0,12.258333206176758,12.976667404174805,370200
2001-08-08,9.44107723236084,11.833333015441895,12.606666564941406,11.729999542236328,12.533332824707031,438000
2001-08-09,9.44107723236084,11.833333015441895,11.966667175292969,11.813332557678223,11.875,586800
2001-08-10,10.01551628112793,12.553333282470703,12.600000381469727,11.824999809265137,11.883333206176758,831000
2001-08-13,9.87988567352295,12.383333206176758,12.713333129882812,12.076666831970215,12.546667098999023,539400
2001-08-14,9.660482406616211,12.108332633972168,12.481666564941406,12.041666984558105,12.096667289733887,220800
2001-08-15,9.680425643920898,12.133333206176758,12.350000381469727,11.936667442321777,12.198332786560059,204600
2001-08-16,9.575380325317383,12.001667022705078,12.228333473205566,11.991666793823242,12.133333206176758,114000
2001-08-17,9.522418975830078,11.896666526794434,12.130000114440918,11.833333015441895,12.130000114440918,135000
2001-08-20,9.647825241088867,12.053333282470703,12.076666831970215,11.755000114440918,12.076666831970215,84600
2001-08-21,9.7958984375,12.238332748413086,12.324999809265137,12.135000228881836,12.164999961853027,186600
2001-08-22,9.801234245300293,12.244999885559082,12.265000343322754,12.125,12.191666603088379,179400
2001-08-23,9.798564910888672,12.241666793823242,12.300000190734863,12.074999809265137,12.151666641235352,523800
2001-08-24,9.869268417358398,12.329999923706055,12.416666984558105,12.210000038146973,12.258333206176758,117000
2001-08-27,9.845255851745605,12.300000190734863,12.414999961853027,12.28499984741211,12.316666603088379,237000
2001-08-28,9.47439193725586,11.83666706085205,12.5,11.791666984558105,12.498332977294922,118200
2001-08-29,9.466387748718262,11.826666831970215,11.998332977294922,11.75,11.765000343322754,148800
2001-08-30,9.538422584533691,11.916666984558105,12.074999809265137,11.508333206176758,12.00333309173584,136200
2001-08-31,9.598458290100098,11.991666793823242,12.166666984558105,11.901666641235352,12.164999961853027,183000
2001-09-04,9.62380313873291,12.023332595825195,12.166666984558105,11.824999809265137,11.958333015441895,181800
2001-09-05,9.661158561706543,12.069999694824219,12.291666984558105,11.970000267028809,11.970000267028809,155400
2001-09-06,9.639810562133789,12.043333053588867,12.255000114440918,11.979999542236328,12.111666679382324,127200
2001-09-07,9.643815040588379,12.048333168029785,12.153332710266113,11.966667175292969,12.043333053588867,215400
2001-09-10,9.8038969039917,12.248332977294922,12.316666603088379,12.00333309173584,12.00333309173584,465000
2001-09-17,8.754008293151855,10.936667442321777,12.300000190734863,10.936667442321777,12.298333168029785,1563600
2001-09-18,8.098986625671387,10.118332862854004,11.166666984558105,9.975000381469727,10.96166706085205,432600
2001-09-19,6.263345241546631,7.824999809265137,10.243332862854004,7.585000038146973,10.243332862854004,1232400
2001-09-20,6.22332239151001,7.775000095367432,8.501667022705078,7.010000228881836,7.6666669845581055,650400
2001-09-21,6.403417587280273,8.0,8.083333015441895,7.1016669273376465,7.251667022705078,861000
2001-09-24,6.579513072967529,8.220000267028809,8.541666984558105,7.875,8.166666984558105,318000
2001-09-25,6.6435465812683105,8.300000190734863,8.668333053588867,7.690000057220459,8.233332633972168,436800
2001-09-26,6.570172309875488,8.208333015441895,8.358332633972168,8.050000190734863,8.324999809265137,516600
2001-09-27,6.436772346496582,8.041666984558105,8.248332977294922,7.783332824707031,8.221667289733887,107400
2001-09-28,6.463451862335205,8.074999809265137,8.383333206176758,7.9166669845581055,8.33666706085205,478200
2001-10-01,6.5368218421936035,8.166666984558105,8.263333320617676,7.8383331298828125,8.001667022705078,525000
2001-10-02,7.123803615570068,8.899999618530273,8.916666984558105,8.166666984558105,8.213333129882812,600000
2001-10-03,7.8708672523498535,9.833333015441895,9.833333015441895,8.988332748413086,9.188332557678223,755400
2001-10-04,7.410626411437988,9.258333206176758,9.991666793823242,8.866666793823242,9.93166732788086,601800
2001-10-05,7.411959648132324,9.260000228881836,9.391667366027832,8.725000381469727,9.018333435058594,213600
2001-10-08,7.362597942352295,9.198332786560059,9.364999771118164,8.975000381469727,9.364999771118164,211800
2001-10-09,7.33725118637085,9.166666984558105,9.5,9.091667175292969,9.425000190734863,175800
2001-10-10,7.63740873336792,9.541666984558105,9.609999656677246,9.149999618530273,9.208333015441895,305400
2001-10-11,7.8708672523498535,9.833333015441895,9.883333206176758,9.5,9.609999656677246,262800
2001-10-12,7.577380657196045,9.466667175292969,9.545000076293945,9.15666675567627,9.291666984558105,446400
2001-10-15,7.550693988800049,9.433333396911621,9.46833324432373,9.25,9.385000228881836,420000
2001-10-16,7.494665145874023,9.363332748413086,9.444999694824219,9.316666603088379,9.444999694824219,253800
2001-10-17,7.257207870483398,9.066666603088379,9.393333435058594,9.008333206176758,9.393333435058594,343200
2001-10-18,7.219860076904297,9.020000457763672,9.098333358764648,8.966667175292969,9.098333358764648,250200
2001-10-19,7.438636302947998,9.293333053588867,9.359999656677246,9.024999618530273,9.03166675567627,219600
2001-10-22,7.442638874053955,9.298333168029785,9.300000190734863,9.12166690826416,9.176667213439941,76200
2001-10-23,7.313234329223633,9.136667251586914,9.316666603088379,9.136667251586914,9.316666603088379,184200
2001-10-24,6.982398509979248,8.723333358764648,9.130000114440918,8.675000190734863,9.130000114440918,403200
2001-10-25,6.971723556518555,8.710000038146973,8.923333168029785,8.21166706085205,8.65666675567627,287400
2001-10-26,6.931698799133301,8.65999984741211,8.791666984558105,8.520000457763672,8.521666526794434,385800
2001-10-29,6.6728949546813965,8.33666706085205,8.74666690826416,8.199999809265137,8.638333320617676,212400
2001-10-30,6.494134426116943,8.113332748413086,8.403332710266113,8.079999923706055,8.300000190734863,543000
2001-10-31,6.291357517242432,7.860000133514404,8.273332595825195,7.858333110809326,8.125,675000
2001-11-01,6.442106246948242,8.048333168029785,8.116666793823242,7.75,7.949999809265137,393000
2001-11-02,6.623534679412842,8.274999618530273,8.404999732971191,7.796667098999023,8.053333282470703,246000
2001-11-05,6.594186305999756,8.238332748413086,8.600000381469727,8.203332901000977,8.598333358764648,519600
2001-11-06,6.690236568450928,8.358332633972168,8.416666984558105,8.183333396911621,8.1850004196167,60000
2001-11-07,6.603524208068848,8.25,8.293333053588867,8.140000343322754,8.266667366027832,281400
2001-11-08,6.684900283813477,8.351667404174805,8.416666984558105,8.133333206176758,8.135000228881836,506400
2001-11-09,6.638210773468018,8.293333053588867,8.463333129882812,8.291666984558105,8.463333129882812,308400
2001-11-12,6.547494411468506,8.180000305175781,8.380000114440918,8.149999618530273,8.199999809265137,235200
2001-11-13,6.627535343170166,8.279999732971191,8.5,8.278332710266113,8.366666793823242,693000
2001-11-14,6.616866111755371,8.266667366027832,8.366666793823242,8.191666603088379,8.268333435058594,190200
2001-11-15,6.496635913848877,8.078332901000977,8.291666984558105,8.078332901000977,8.291666984558105,195000
2001-11-16,6.522103309631348,8.109999656677246,8.286666870117188,7.9583330154418945,8.28499984741211,117600
2001-11-19,6.574377059936523,8.175000190734863,8.276666641235352,8.103333473205566,8.276666641235352,109200
2001-11-20,6.585100173950195,8.188332557678223,8.329999923706055,8.166666984558105,8.324999809265137,349200
2001-11-21,6.469829082489014,8.045000076293945,8.361666679382324,8.045000076293945,8.261667251586914,159000
2001-11-23,6.575717449188232,8.176667213439941,8.216667175292969,8.026666641235352,8.026666641235352,17400
2001-11-26,6.429618835449219,7.994999885559082,8.175000190734863,7.9166669845581055,8.175000190734863,187800
2001-11-27,6.7017083168029785,8.333333015441895,8.5,7.9633331298828125,8.006667137145996,750600
2001-11-28,6.766049385070801,8.41333293914795,8.425000190734863,8.258333206176758,8.338333129882812,204000
2001-11-29,6.78883171081543,8.441666603088379,8.441666603088379,8.324999809265137,8.369999885559082,392400
2001-11-30,6.9188456535339355,8.603333473205566,8.691666603088379,8.333333015441895,8.333333015441895,321000
2001-12-03,6.835740566253662,8.5,8.668333053588867,8.425000190734863,8.501667022705078,270600
2001-12-04,6.9215240478515625,8.606666564941406,8.771666526794434,8.5,8.631667137145996,360000
2001-12-05,7.23784875869751,9.0,9.088333129882812,8.774999618530273,8.774999618530273,384000
2001-12-06,7.25929069519043,9.026666641235352,9.12166690826416,8.856666564941406,8.918333053588867,225000
2001-12-07,7.4898271560668945,9.313332557678223,9.37833309173584,9.024999618530273,9.149999618530273,225600
2001-12-10,7.276715278625488,9.048333168029785,9.316666603088379,8.721667289733887,9.225000381469727,483000
2001-12-11,7.338368892669678,9.125,9.21833324432373,8.84000015258789,8.936667442321777,182400
2001-12-12,7.278055667877197,9.050000190734863,9.494999885559082,9.048333168029785,9.164999961853027,568200
2001-12-13,7.1038103103637695,8.833333015441895,9.21833324432373,8.833333015441895,9.050000190734863,289800
2001-12-14,7.2405242919921875,9.00333309173584,9.164999961853027,9.0,9.083333015441895,277800
2001-12-17,7.59973669052124,9.449999809265137,9.449999809265137,9.0,9.0,573000
2001-12-18,8.032670021057129,9.988332748413086,10.016667366027832,9.25,9.458333015441895,388200
2001-12-19,7.824914455413818,9.729999542236328,9.970000267028809,9.623332977294922,9.925000190734863,252000
2001-12-20,7.6935601234436035,9.566666603088379,9.948332786560059,9.5,9.666666984558105,332400
2001-12-21,7.917397975921631,9.845000267028809,9.948332786560059,9.475000381469727,9.726667404174805,1572000
2001-12-24,7.8544020652771,9.766667366027832,9.875,9.723333358764648,9.833333015441895,207600
2001-12-26,7.901317119598389,9.824999809265137,9.875,9.704999923706055,9.850000381469727,256800
2001-12-27,7.8812103271484375,9.800000190734863,9.853333473205566,9.69333267211914,9.783332824707031,157800
2001-12-28,7.698922157287598,9.573332786560059,9.8149995803833,9.305000305175781,9.698332786560059,404400
2001-12-31,7.807487964630127,9.708333015441895,9.848333358764648,9.53166675567627,9.623332977294922,220800
2002-01-02,8.13319206237793,10.113332748413086,10.149999618530273,9.616666793823242,9.713333129882812,333000
2002-01-03,8.090301513671875,10.0600004196167,10.109999656677246,9.8100004196167,10.041666984558105,250800
2002-01-04,8.28331470489502,10.300000190734863,10.399999618530273,9.926667213439941,9.926667213439941,235800
2002-01-07,8.205573081970215,10.203332901000977,10.408332824707031,10.12833309173584,10.25333309173584,343800
2002-01-08,8.008541107177734,9.958333015441895,10.425000190734863,9.854999542236328,10.274999618530273,364800
2002-01-09,7.807487964630127,9.708333015441895,10.100000381469727,9.708333015441895,9.928333282470703,304800
2002-01-10,7.905336856842041,9.829999923706055,10.011667251586914,9.666666984558105,9.708333015441895,129600
2002-01-11,7.914718151092529,9.841667175292969,9.848333358764648,9.744999885559082,9.823332786560059,184200
2002-01-14,7.879870891571045,9.798333168029785,9.925000190734863,9.505000114440918,9.925000190734863,145200
2002-01-15,7.84099817276001,9.75,9.75,9.53833293914795,9.541666984558105,120600
2002-01-16,7.626541614532471,9.483332633972168,9.738332748413086,9.375,9.738332748413086,256200
2002-01-17,7.645310401916504,9.506667137145996,9.583333015441895,9.403332710266113,9.466667175292969,121200
2002-01-18,7.572929382324219,9.416666984558105,9.574999809265137,9.311667442321777,9.5,132000
2002-01-22,7.472404479980469,9.291666984558105,9.475000381469727,9.194999694824219,9.456666946411133,214200
2002-01-23,7.314244270324707,9.095000267028809,9.263333320617676,8.916666984558105,9.1850004196167,208200
2002-01-24,7.304860591888428,9.083333015441895,9.316666603088379,8.983332633972168,8.983332633972168,225000
2002-01-25,7.2941365242004395,9.069999694824219,9.180000305175781,8.983332633972168,9.133333206176758,172200
2002-01-28,7.367859840393066,9.161666870117188,9.333333015441895,8.983332633972168,9.266667366027832,150600
2002-01-29,7.272699356079102,9.043333053588867,9.166666984558105,9.016667366027832,9.16333293914795,150600
2002-01-30,7.436216354370117,9.24666690826416,9.333333015441895,8.991666793823242,9.039999961853027,219000
2002-01-31,7.308881759643555,9.088333129882812,9.350000381469727,9.0,9.350000381469727,1165200
2002-02-01,7.437553882598877,9.248332977294922,9.291666984558105,9.06833267211914,9.06833267211914,163200
2002-02-04,7.35713529586792,9.148332595825195,9.216667175292969,9.066666603088379,9.158332824707031,151800
2002-02-05,7.318263053894043,9.100000381469727,9.146666526794434,9.058333396911621,9.111666679382324,110400
2002-02-06,7.298159599304199,9.074999809265137,9.166666984558105,8.958333015441895,9.063332557678223,951600
2002-02-07,7.2418694496154785,9.005000114440918,9.074999809265137,8.975000381469727,9.0,234000
2002-02-08,7.497867584228516,9.323332786560059,9.363332748413086,8.918333053588867,8.970000267028809,711600
2002-02-11,7.3598175048828125,9.151666641235352,9.375,9.091667175292969,9.375,131400
2002-02-12,7.428173065185547,9.236666679382324,9.238332748413086,9.111666679382324,9.111666679382324,232200
2002-02-13,7.604903697967529,9.416666984558105,9.416666984558105,9.21500015258789,9.236666679382324,325800
2002-02-14,7.357239723205566,9.109999656677246,9.433333396911621,9.091667175292969,9.433333396911621,134400
2002-02-15,7.456839561462402,9.233332633972168,9.37166690826416,9.046667098999023,9.37166690826416,133200
2002-02-19,7.5187602043151855,9.3100004196167,9.34000015258789,9.131667137145996,9.231666564941406,150600
2002-02-20,7.462225437164307,9.239999771118164,9.28499984741211,9.083333015441895,9.226667404174805,224400
2002-02-21,7.481072902679443,9.263333320617676,9.291666984558105,9.233332633972168,9.236666679382324,310200
2002-02-22,7.455496311187744,9.231666564941406,9.366666793823242,9.053333282470703,9.265000343322754,439200
2002-02-25,7.510684490203857,9.300000190734863,9.316666603088379,9.203332901000977,9.25,262800
2002-02-26,7.586062908172607,9.393333435058594,9.408332824707031,9.296667098999023,9.296667098999023,588600
2002-02-27,7.654705047607422,9.478333473205566,9.649999618530273,9.375,9.376667022705078,388200
2002-02-28,7.781226634979248,9.635000228881836,9.635000228881836,9.375,9.483332633972168,222000
2002-03-01,7.584713459014893,9.391667366027832,9.583333015441895,9.291666984558105,9.583333015441895,496200
2002-03-04,8.096186637878418,10.024999618530273,10.225000381469727,9.338333129882812,9.398332595825195,345600
2002-03-05,8.197145462036133,10.149999618530273,10.454999923706055,9.841667175292969,10.0,512400
2002-03-06,8.370783805847168,10.364999771118164,10.368332862854004,10.008333206176758,10.323332786560059,265800
2002-03-07,8.536340713500977,10.569999694824219,10.601667404174805,10.204999923706055,10.316666603088379,309000
2002-03-08,8.697856903076172,10.770000457763672,10.831666946411133,10.579999923706055,10.611666679382324,573000
2002-03-11,8.714006423950195,10.789999961853027,10.84000015258789,10.640000343322754,10.831666946411133,55200
2002-03-12,8.55787181854248,10.596667289733887,10.758333206176758,10.573332786560059,10.623332977294922,148200
2002-03-13,8.668246269226074,10.733332633972168,10.821666717529297,10.5,10.558333396911621,429000
2002-03-14,8.545759201049805,10.581666946411133,10.758333206176758,10.53833293914795,10.566666603088379,492600
2002-03-15,8.40577507019043,10.408332824707031,10.56833267211914,9.904999732971191,10.441666603088379,601200
2002-03-18,8.977823257446289,11.116666793823242,11.3149995803833,10.581666946411133,10.583333015441895,354600
2002-03-19,9.049160957336426,11.204999923706055,11.271666526794434,11.106666564941406,11.178333282470703,204000
2002-03-20,8.993974685668945,11.136667251586914,11.21500015258789,11.041666984558105,11.194999694824219,165000
2002-03-21,9.263177871704102,11.470000267028809,11.483332633972168,11.158332824707031,11.173333168029785,892800
2002-03-22,9.54314136505127,11.816666603088379,12.12833309173584,11.37166690826416,11.37166690826416,726000
2002-03-25,9.346626281738281,11.573332786560059,11.890000343322754,11.513333320617676,11.861666679382324,351600
2002-03-26,9.388354301452637,11.625,11.636667251586914,11.5,11.5,133800
2002-03-27,9.368165969848633,11.600000381469727,11.666666984558105,11.528332710266113,11.528332710266113,324600
2002-03-28,9.260485649108887,11.466667175292969,11.623332977294922,11.4350004196167,11.558333396911621,210600
2002-04-01,9.061274528503418,11.220000267028809,11.444999694824219,11.010000228881836,11.399999618530273,214200
2002-04-02,9.039743423461914,11.19333267211914,11.333333015441895,11.083333015441895,11.25,303000
2002-04-03,8.923985481262207,11.050000190734863,11.316666603088379,11.0,11.311667442321777,193200
2002-04-04,8.950901985168457,11.083333015441895,11.18166732788086,11.041666984558105,11.050000190734863,163800
2002-04-05,8.890332221984863,11.008333206176758,11.168333053588867,10.954999923706055,11.106666564941406,144600
2002-04-08,8.823039054870605,10.925000190734863,11.008333206176758,10.859999656677246,10.975000381469727,310200
2002-04-09,9.518918991088867,11.786666870117188,11.811667442321777,10.926667213439941,10.970000267028809,382200
2002-04-10,9.863492012023926,12.213333129882812,12.216667175292969,11.569999694824219,11.670000076293945,282000
2002-04-11,9.811001777648926,12.148332595825195,12.441666603088379,11.914999961853027,11.914999961853027,349200
2002-04-12,9.780038833618164,12.109999656677246,12.298333168029785,11.958333015441895,12.241666793823242,255000
2002-04-15,9.43546199798584,11.683333396911621,11.99666690826416,11.585000038146973,11.899999618530273,277800
2002-04-16,9.78542709350586,12.116666793823242,12.166666984558105,11.59333324432373,11.59333324432373,339000
2002-04-17,9.711396217346191,12.024999618530273,12.186667442321777,12.0,12.083333015441895,169800
2002-04-18,9.422002792358398,11.666666984558105,12.186667442321777,11.649999618530273,12.183333396911621,450600
2002-04-19,9.38027572631836,11.614999771118164,11.863332748413086,11.516667366027832,11.643333435058594,210000
2002-04-22,9.474495887756348,11.731666564941406,11.988332748413086,11.5,11.614999771118164,160200
2002-04-23,9.253758430480957,11.458333015441895,11.881667137145996,11.313332557678223,11.676667213439941,624600
2002-04-24,9.54314136505127,11.816666603088379,12.0600004196167,11.399999618530273,11.399999618530273,339600
2002-04-25,9.477189064025879,11.734999656677246,11.979999542236328,11.533332824707031,11.816666603088379,303000
2002-04-26,9.357396125793457,11.58666706085205,11.708333015441895,11.5,11.526666641235352,137400
2002-04-29,9.19049072265625,11.380000114440918,11.758333206176758,11.380000114440918,11.566666603088379,148800
2002-04-30,9.264522552490234,11.471667289733887,11.666666984558105,11.300000190734863,11.460000038146973,306600
2002-05-01,9.691205978393555,12.0,12.0600004196167,11.226667404174805,11.41333293914795,447600
2002-05-02,9.794846534729004,12.12833309173584,12.199999809265137,11.771666526794434,12.06833267211914,241800
2002-05-03,10.027703285217285,12.416666984558105,12.416666984558105,11.833333015441895,11.890000343322754,298800
2002-05-06,9.728891372680664,12.046667098999023,12.43166732788086,11.833333015441895,12.166666984558105,244800
2002-05-07,9.715432167053223,12.029999732971191,12.104999542236328,11.833333015441895,12.085000038146973,361800
2002-05-08,9.529685020446777,11.800000190734863,12.100000381469727,11.726667404174805,11.998332977294922,231600
2002-05-09,9.140692710876465,11.31833267211914,11.885000228881836,11.255000114440918,11.84000015258789,550800
2002-05-10,9.016861915588379,11.164999961853027,11.553333282470703,11.164999961853027,11.553333282470703,181800
2002-05-13,9.123196601867676,11.296667098999023,11.539999961853027,11.216667175292969,11.30666732788086,180600
2002-05-14,9.199911117553711,11.391667366027832,11.65999984741211,11.258333206176758,11.579999923706055,353400
2002-05-15,9.3170166015625,11.536666870117188,11.613332748413086,11.251667022705078,11.456666946411133,222000
2002-05-16,9.218832969665527,11.376667022705078,11.408332824707031,11.266667366027832,11.393333435058594,185400
2002-05-17,9.028403282165527,11.141667366027832,11.43166732788086,11.125,11.43166732788086,100800
2002-05-20,8.75424861907959,10.803333282470703,11.229999542236328,10.758333206176758,11.141667366027832,336000
2002-05-21,8.521951675415039,10.516667366027832,10.953332901000977,10.510000228881836,10.953332901000977,299400
2002-05-22,8.417960166931152,10.388333320617676,10.643333435058594,10.228333473205566,10.493332862854004,424200
2002-05-23,8.426061630249023,10.398332595825195,10.416666984558105,10.289999961853027,10.354999542236328,207000
2002-05-24,8.273448944091797,10.210000038146973,10.416666984558105,10.126667022705078,10.411666870117188,275400
2002-05-28,8.307214736938477,10.251667022705078,10.393333435058594,10.125,10.131667137145996,223800
2002-05-29,8.272100448608398,10.208333015441895,10.316666603088379,10.126667022705078,10.168333053588867,157200
2002-05-30,8.228880882263184,10.154999732971191,10.391667366027832,10.043333053588867,10.25,119400
2002-05-31,8.146493911743164,10.053333282470703,10.216667175292969,10.045000076293945,10.045000076293945,199800
2002-06-03,7.846676826477051,9.683333396911621,10.066666603088379,9.673333168029785,10.058333396911621,292200
2002-06-04,7.970926761627197,9.83666706085205,9.880000114440918,9.648332595825195,9.683333396911621,172800
2002-06-05,7.640042304992676,9.428333282470703,9.869999885559082,9.351667404174805,9.654999732971191,212400
2002-06-06,7.5968217849731445,9.375,9.466667175292969,9.220000267028809,9.351667404174805,217200
2002-06-07,7.623836517333984,9.408332824707031,9.574999809265137,9.25,9.25,197400
2002-06-10,7.581968784332275,9.356666564941406,9.631667137145996,9.321666717529297,9.583333015441895,190200
2002-06-11,7.39829683303833,9.130000114440918,9.508333206176758,9.113332748413086,9.356666564941406,114000
2002-06-12,7.504991054534912,9.261667251586914,9.46833324432373,9.066666603088379,9.108332633972168,202800
2002-06-13,7.69811487197876,9.5,9.738332748413086,9.210000038146973,9.420000076293945,320400
2002-06-14,7.610331058502197,9.391667366027832,9.553333282470703,9.321666717529297,9.553333282470703,245400
2002-06-17,7.792653560638428,9.616666793823242,9.71500015258789,9.333333015441895,9.333333015441895,154800
2002-06-18,7.950666904449463,9.811667442321777,9.99666690826416,9.583333015441895,9.676667213439941,132600
2002-06-19,7.848025798797607,9.6850004196167,10.103333473205566,9.591667175292969,9.925000190734863,211200
2002-06-20,7.907451152801514,9.758333206176758,9.960000038146973,9.583333015441895,9.841667175292969,156600
2002-06-21,8.023599624633789,9.901666641235352,10.050000190734863,9.763333320617676,9.766667366027832,330000
2002-06-24,7.889897346496582,9.736666679382324,10.041666984558105,9.736666679382324,9.923333168029785,139200
2002-06-25,7.7750983238220215,9.595000267028809,10.083333015441895,9.558333396911621,10.026666641235352,214200
2002-06-26,8.077621459960938,9.96833324432373,10.063332557678223,9.458333015441895,9.583333015441895,263400
2002-06-27,7.934463977813721,9.791666984558105,10.135000228881836,9.666666984558105,10.100000381469727,198000
2002-06-28,7.984433650970459,9.853333473205566,10.145000457763672,9.666666984558105,9.850000381469727,436200
2002-07-01,7.5981764793396,9.376667022705078,10.036666870117188,9.333333015441895,9.899999618530273,221400
2002-07-02,7.622485160827637,9.40666675567627,9.596667289733887,9.316666603088379,9.333333015441895,177600
2002-07-03,7.265942096710205,8.966667175292969,9.633333206176758,8.880000114440918,9.393333435058594,205800
2002-07-05,7.590078353881836,9.366666793823242,9.391667366027832,9.0,9.0,91800
2002-07-08,7.533349514007568,9.296667098999023,9.494999885559082,9.295000076293945,9.333333015441895,257400
2002-07-09,7.495533466339111,9.25,9.426667213439941,9.21166706085205,9.373332977294922,217200
2002-07-10,7.499581813812256,9.255000114440918,9.361666679382324,9.225000381469727,9.225000381469727,204600
2002-07-11,7.536052227020264,9.300000190734863,9.46833324432373,9.18166732788086,9.223333358764648,249600
2002-07-12,7.549556255340576,9.316666603088379,9.408332824707031,9.210000038146973,9.210000038146973,121800
2002-07-15,7.292953968048096,9.0,9.305000305175781,8.991666793823242,9.283332824707031,167400
2002-07-16,7.364527702331543,9.088333129882812,9.316666603088379,9.03833293914795,9.03833293914795,88800
2002-07-17,7.305106163024902,9.015000343322754,9.326666831970215,8.933333396911621,9.313332557678223,253800
2002-07-18,7.292953968048096,9.0,9.213333129882812,8.99666690826416,9.213333129882812,133200
2002-07-19,7.063359260559082,8.716667175292969,9.166666984558105,8.699999809265137,9.0,201600
2002-07-22,6.9161505699157715,8.53499984741211,8.789999961853027,8.383333206176758,8.675000190734863,162600
2002-07-23,6.766237735748291,8.350000381469727,8.648332595825195,8.33666706085205,8.648332595825195,147600
2002-07-24,7.291602611541748,8.998332977294922,9.0,8.08666706085205,8.383333206176758,327000
2002-07-25,6.891839504241943,8.505000114440918,8.733332633972168,8.449999809265137,8.666666984558105,719400
2002-07-26,7.030948638916016,8.676667213439941,8.776666641235352,8.501667022705078,8.555000305175781,85800
2002-07-29,7.06876277923584,8.723333358764648,8.846667289733887,8.608332633972168,8.608332633972168,275400
2002-07-30,7.056607246398926,8.708333015441895,8.858332633972168,8.633333206176758,8.758333206176758,735600
2002-07-31,6.909396648406982,8.526666641235352,8.876667022705078,8.526666641235352,8.62166690826416,372000
2002-08-01,6.944512367248535,8.569999694824219,8.808333396911621,8.5,8.524999618530273,327000
2002-08-02,6.594720363616943,8.138333320617676,8.69333267211914,8.119999885559082,8.623332977294922,434400
2002-08-05,6.752731800079346,8.333333015441895,8.366666793823242,8.140000343322754,8.140000343322754,145800
2002-08-06,6.759487628936768,8.341667175292969,8.438332557678223,8.221667289733887,8.369999885559082,274200
2002-08-07,6.756783962249756,8.338333129882812,8.53499984741211,8.291666984558105,8.348333358764648,334200
2002-08-08,6.717620372772217,8.289999961853027,8.475000381469727,8.25333309173584,8.34000015258789,358200
2002-08-09,6.718972206115723,8.291666984558105,8.425000190734863,8.291666984558105,8.423333168029785,160800
2002-08-12,6.7473320960998535,8.326666831970215,8.390000343322754,8.28833293914795,8.390000343322754,177600
2002-08-13,6.640635967254639,8.194999694824219,8.350000381469727,8.191666603088379,8.333333015441895,283800
2002-08-14,6.605525016784668,8.151666641235352,8.203332901000977,7.888332843780518,8.203332901000977,388200
2002-08-15,6.435356140136719,7.941667079925537,8.225000381469727,7.876667022705078,8.204999923706055,205200
2002-08-16,6.629841327667236,8.141667366027832,8.175000190734863,7.933332920074463,7.933332920074463,220800
2002-08-19,6.55519437789917,8.050000190734863,8.158332824707031,8.001667022705078,8.15666675567627,536400
2002-08-20,6.338042259216309,7.783332824707031,8.083333015441895,7.761666774749756,8.081666946411133,178200
2002-08-21,6.644767761230469,8.15999984741211,8.231666564941406,7.7266669273376465,7.8333330154418945,188400
2002-08-22,6.6094818115234375,8.116666793823242,8.18166732788086,7.876667022705078,8.18166732788086,260400
2002-08-23,6.538907051086426,8.029999732971191,8.145000457763672,7.784999847412109,7.784999847412109,336000
2002-08-26,6.6026930809021,8.108332633972168,8.21166706085205,7.965000152587891,8.079999923706055,148200
2002-08-27,6.466976165771484,7.941667079925537,8.18166732788086,7.936666965484619,7.936666965484619,145800
2002-08-28,6.438478469848633,7.906667232513428,8.123332977294922,7.849999904632568,8.12166690826416,211200
2002-08-29,6.47512149810791,7.951666831970215,8.213333129882812,7.908332824707031,7.908332824707031,194400
2002-08-30,6.514477729797363,8.0,8.166666984558105,7.938333034515381,8.114999771118164,196200
2002-09-03,6.514477729797363,8.0,8.074999809265137,7.908332824707031,8.063332557678223,178200
2002-09-04,6.582334995269775,8.083333015441895,8.091667175292969,7.921667098999023,8.028332710266113,144000
2002-09-05,6.613553524017334,8.12166690826416,8.123332977294922,8.063332557678223,8.114999771118164,214200
2002-09-06,6.628483772277832,8.140000343322754,8.21166706085205,8.033332824707031,8.100000381469727,183600
2002-09-09,6.568765640258789,8.066666603088379,8.140000343322754,7.966667175292969,7.966667175292969,38400
2002-09-10,6.7275567054748535,8.261667251586914,8.333333015441895,8.119999885559082,8.164999961853027,211800
2002-09-11,6.59726619720459,8.101667404174805,8.368332862854004,8.09000015258789,8.116666793823242,115200
2002-09-12,6.659692287445068,8.178333282470703,8.233332633972168,8.058333396911621,8.133333206176758,129600
2002-09-13,6.629841327667236,8.141667366027832,8.166666984558105,7.914999961853027,8.091667175292969,156000
2002-09-16,6.494119644165039,7.974999904632568,8.085000038146973,7.933332920074463,8.085000038146973,27600
2002-09-17,6.460189342498779,7.933332920074463,8.106666564941406,7.925000190734863,8.020000457763672,39600
2002-09-18,6.435763359069824,7.9033331871032715,8.083333015441895,7.849999904632568,8.083333015441895,185400
2002-09-19,6.24575662612915,7.670000076293945,7.968332767486572,7.668333053588867,7.864999771118164,480600
2002-09-20,6.209110736846924,7.625,7.6666669845581055,7.554999828338623,7.6483330726623535,384000
2002-09-23,6.237610816955566,7.659999847412109,7.6666669845581055,7.519999980926514,7.625,104400
2002-09-24,6.138538837432861,7.538332939147949,7.659999847412109,7.480000019073486,7.659999847412109,157800
2002-09-25,6.35568904876709,7.804999828338623,7.8333330154418945,7.474999904632568,7.5,151800
2002-09-26,6.473762035369873,7.949999809265137,8.045000076293945,7.7733330726623535,7.849999904632568,144600
2002-09-27,6.310901165008545,7.75,7.994999885559082,7.75,7.869999885559082,82200
2002-09-30,6.431692123413086,7.8983330726623535,7.966667175292969,7.6666669845581055,7.724999904632568,183600
2002-10-01,6.610838413238525,8.118332862854004,8.118332862854004,7.784999847412109,8.0600004196167,196800
2002-10-02,6.65562629699707,8.173333168029785,8.241666793823242,7.920000076293945,7.920000076293945,268200
2002-10-03,6.456118106842041,7.928332805633545,8.220000267028809,7.925000190734863,8.113332748413086,210000
2002-10-04,6.51583194732666,8.001667022705078,8.19333267211914,7.956666946411133,8.19333267211914,603600
2002-10-07,6.476477146148682,7.953332901000977,8.079999923706055,7.891666889190674,7.933332920074463,130200
2002-10-08,6.399116516113281,7.858333110809326,7.983333110809326,7.75,7.983333110809326,220800
2002-10-09,6.145326614379883,7.546667098999023,7.751667022705078,7.5283331871032715,7.6666669845581055,112800
2002-10-10,5.944461822509766,7.300000190734863,7.573332786560059,7.125,7.573332786560059,351000
2002-10-11,5.696098804473877,6.994999885559082,7.454999923706055,6.986667156219482,7.176667213439941,1015200
2002-10-14,5.5603766441345215,6.828332901000977,6.983333110809326,6.828332901000977,6.983333110809326,358200
2002-10-15,5.542736053466797,6.806666851043701,7.0,6.751667022705078,6.900000095367432,294600
2002-10-16,5.217010974884033,6.406667232513428,6.816667079925537,6.400000095367432,6.816667079925537,612600
2002-10-17,5.265870094299316,6.466667175292969,6.5833330154418945,6.385000228881836,6.408332824707031,396600
2002-10-18,5.173582553863525,6.353332996368408,6.5416669845581055,6.336667060852051,6.49666690826416,185400
2002-10-21,5.073149681091309,6.230000019073486,6.4166669845581055,6.103332996368408,6.3333330154418945,269400
2002-10-22,4.999862194061279,6.139999866485596,6.288332939147949,6.090000152587891,6.228332996368408,309600
2002-10-23,4.970003604888916,6.103332996368408,6.168333053588867,6.0416669845581055,6.085000038146973,481200
2002-10-24,4.970003604888916,6.103332996368408,6.1666669845581055,6.034999847412109,6.1016669273376465,370200
2002-10-25,4.960503101348877,6.091667175292969,6.133333206176758,6.025000095367432,6.086667060852051,325800
2002-10-28,4.894001483917236,6.010000228881836,6.125,5.8333330154418945,6.123332977294922,490200
2002-10-29,4.972716808319092,6.1066670417785645,6.116666793823242,5.883333206176758,5.989999771118164,327600
2002-10-30,5.008007049560547,6.150000095367432,6.1616668701171875,6.0183329582214355,6.090000152587891,291000
2002-10-31,5.161367893218994,6.3383331298828125,6.488333225250244,6.131667137145996,6.131667137145996,642600
2002-11-01,5.415160655975342,6.650000095367432,6.650000095367432,6.340000152587891,6.480000019073486,336000
2002-11-04,5.61602258682251,6.896667003631592,7.0833330154418945,6.501667022705078,6.6666669845581055,631200
2002-11-05,5.428731918334961,6.6666669845581055,6.883333206176758,6.6666669845581055,6.8333330154418945,316200
2002-11-06,5.630951404571533,6.914999961853027,7.199999809265137,6.78000020980835,6.900000095367432,382200
2002-11-07,5.521020889282227,6.78000020980835,6.960000038146973,6.679999828338623,6.8983330726623535,392400
2002-11-08,5.508805274963379,6.764999866485596,6.9766669273376465,6.668333053588867,6.743332862854004,567000
2002-11-11,5.24551248550415,6.441667079925537,6.668333053588867,6.3566670417785645,6.668333053588867,501000
2002-11-12,5.075863361358643,6.233333110809326,6.400000095367432,5.925000190734863,6.289999961853027,931800
2002-11-13,5.248225688934326,6.445000171661377,6.485000133514404,6.184999942779541,6.199999809265137,448800
2002-11-14,5.598180294036865,6.8333330154418945,6.974999904632568,6.3933329582214355,6.525000095367432,409800
2002-11-15,5.572237968444824,6.801667213439941,6.96999979019165,6.733333110809326,6.733333110809326,396000
2002-11-18,5.529909610748291,6.75,6.841667175292969,6.716667175292969,6.836667060852051,721800
2002-11-19,5.599547386169434,6.835000038146973,7.110000133514404,6.7083330154418945,6.7083330154418945,526800
2002-11-20,5.558582782745361,6.784999847412109,6.886666774749756,6.775000095367432,6.853332996368408,530400
2002-11-21,5.570873737335205,6.800000190734863,7.0,6.751667022705078,6.751667022705078,376200
2002-11-22,5.834399223327637,7.12166690826416,7.1666669845581055,6.751667022705078,6.77666711807251,456600
2002-11-25,5.957284927368164,7.271667003631592,7.40166711807251,7.164999961853027,7.1666669845581055,138600
2002-11-26,5.76749324798584,7.039999961853027,7.303332805633545,6.929999828338623,7.303332805633545,250200
2002-11-27,5.889012813568115,7.188333034515381,7.311666965484619,7.006667137145996,7.110000133514404,147600
2002-11-29,5.827571868896484,7.113333225250244,7.340000152587891,7.090000152587891,7.340000152587891,72000
2002-12-02,6.06242036819458,7.400000095367432,7.409999847412109,7.113333225250244,7.133333206176758,535800
2002-12-03,6.155267238616943,7.513332843780518,7.5883331298828125,7.15500020980835,7.15500020980835,477600
2002-12-04,6.1197686195373535,7.46999979019165,7.613333225250244,7.335000038146973,7.428332805633545,406200
2002-12-05,5.973668575286865,7.2916669845581055,7.46999979019165,7.258333206176758,7.349999904632568,387000
2002-12-06,5.947726249694824,7.260000228881836,7.3933329582214355,7.173333168029785,7.25,390000
2002-12-09,5.954553127288818,7.2683329582214355,7.349999904632568,7.191667079925537,7.260000228881836,413400
2002-12-10,6.107479572296143,7.454999923706055,7.465000152587891,7.241666793823242,7.3466668128967285,384000
2002-12-11,6.107479572296143,7.454999923706055,7.608333110809326,7.400000095367432,7.449999809265137,301800
2002-12-12,6.171653747558594,7.533332824707031,7.5883331298828125,7.446667194366455,7.451666831970215,387600
2002-12-13,6.153904438018799,7.511666774749756,7.570000171661377,7.366666793823242,7.516666889190674,279600
2002-12-16,6.1839423179626465,7.548333168029785,7.619999885559082,7.4766669273376465,7.4766669273376465,198000
2002-12-17,6.185306549072266,7.550000190734863,7.650000095367432,7.511666774749756,7.605000019073486,240000
2002-12-18,5.92587947845459,7.233333110809326,7.491666793823242,7.198332786560059,7.491666793823242,435600
2002-12-19,5.9149556159973145,7.21999979019165,7.329999923706055,7.183332920074463,7.269999980926514,306600
2002-12-20,6.005072593688965,7.329999923706055,7.380000114440918,7.241666793823242,7.303332805633545,319800
2002-12-23,5.876722812652588,7.173333168029785,7.4583330154418945,7.114999771118164,7.413332939147949,443400
2002-12-24,5.786606788635254,7.063333034515381,7.158332824707031,7.033332824707031,7.158332824707031,185400
2002-12-26,5.818013668060303,7.1016669273376465,7.133333206176758,7.058332920074463,7.099999904632568,77400
2002-12-27,5.834399223327637,7.12166690826416,7.133333206176758,7.03000020980835,7.133333206176758,125400
2002-12-30,5.5804290771484375,6.811666965484619,7.114999771118164,6.7266669273376465,7.033332824707031,548400
2002-12-31,5.939534664154053,7.25,7.375,6.815000057220459,6.815000057220459,572400
2003-01-02,6.005072593688965,7.329999923706055,7.413332939147949,7.184999942779541,7.25,217800
2003-01-03,6.0200910568237305,7.34833288192749,7.445000171661377,7.300000190734863,7.4166669845581055,147000
2003-01-06,5.964111804962158,7.28000020980835,7.380000114440918,7.201666831970215,7.283332824707031,109200
2003-01-07,5.747008323669434,7.014999866485596,7.296667098999023,6.928332805633545,7.296667098999023,267000
2003-01-08,5.792070388793945,7.070000171661377,7.139999866485596,6.87166690826416,6.931666851043701,103800
2003-01-09,5.823474884033203,7.108333110809326,7.236667156219482,6.868332862854004,6.894999980926514,211200
2003-01-10,5.644602298736572,6.889999866485596,7.264999866485596,6.889999866485596,7.119999885559082,243000
2003-01-13,5.731991291046143,6.99666690826416,7.0183329582214355,6.75333309173584,7.0183329582214355,219000
2003-01-14,5.678741931915283,6.931666851043701,7.0,6.811666965484619,6.894999980926514,241800
2003-01-15,5.716972827911377,6.978332996368408,7.0233330726623535,6.849999904632568,7.0233330726623535,267000
2003-01-16,5.662356376647949,6.9116668701171875,7.008333206176758,6.8933329582214355,6.8933329582214355,86400
2003-01-17,5.400198459625244,6.591667175292969,6.943333148956299,6.591667175292969,6.943333148956299,501000
2003-01-21,4.750260829925537,5.798333168029785,6.230000019073486,5.7683329582214355,6.163332939147949,1745400
2003-01-22,5.039727687835693,6.15166711807251,6.204999923706055,5.809999942779541,6.0,904200
2003-01-23,5.275944709777832,6.440000057220459,6.449999809265137,6.130000114440918,6.150000095367432,718200
2003-01-24,5.169443130493164,6.309999942779541,6.400000095367432,6.271667003631592,6.400000095367432,511200
2003-01-27,4.985112190246582,6.085000038146973,6.256667137145996,6.085000038146973,6.216667175292969,198600
2003-01-28,4.832184314727783,5.8983330726623535,6.138332843780518,5.843332767486572,6.138332843780518,463800
2003-01-29,5.058844089508057,6.175000190734863,6.25,5.841667175292969,6.045000076293945,392400
2003-01-30,5.068402290344238,6.186666965484619,6.301667213439941,6.086667060852051,6.295000076293945,369000
2003-01-31,5.0479207038879395,6.1616668701171875,6.311666965484619,6.1433329582214355,6.311666965484619,373200
2003-02-03,4.915475845336914,6.0,6.2916669845581055,6.0,6.164999961853027,235800
2003-02-04,4.806241989135742,5.866666793823242,5.983333110809326,5.788332939147949,5.983333110809326,255600
2003-02-05,4.852668285369873,5.923333168029785,6.054999828338623,5.835000038146973,5.869999885559082,103200
2003-02-06,4.851302146911621,5.921667098999023,5.993332862854004,5.888332843780518,5.940000057220459,177600
2003-02-07,4.7925896644592285,5.849999904632568,5.993332862854004,5.626667022705078,5.988333225250244,246000
2003-02-10,4.808974266052246,5.869999885559082,5.923333168029785,5.744999885559082,5.744999885559082,75000
2003-02-11,4.84720516204834,5.9166669845581055,6.050000190734863,5.9166669845581055,5.965000152587891,189600
2003-02-12,4.794964790344238,5.813333034515381,5.99666690826416,5.751667022705078,5.99666690826416,212400
2003-02-13,4.812837600708008,5.835000038146973,5.8933329582214355,5.683332920074463,5.75,151800
2003-02-14,4.815587043762207,5.8383331298828125,5.986667156219482,5.78000020980835,5.886666774749756,149400
2003-02-18,4.914564609527588,5.9583330154418945,5.998332977294922,5.800000190734863,5.933332920074463,155400
2003-02-19,4.845832824707031,5.875,6.016666889190674,5.824999809265137,5.983333110809326,97200
2003-02-20,4.676740646362305,5.670000076293945,5.894999980926514,5.6666669845581055,5.84833288192749,76200
2003-02-21,4.860952854156494,5.8933329582214355,6.011666774749756,5.585000038146973,5.691667079925537,272400
2003-02-24,4.807339668273926,5.828332901000977,5.90166711807251,5.743332862854004,5.87166690826416,137400
2003-02-25,4.847205638885498,5.876667022705078,5.936666965484619,5.7133331298828125,5.771667003631592,651600
2003-02-26,4.8032145500183105,5.823332786560059,5.989999771118164,5.823332786560059,5.989999771118164,178200
2003-02-27,4.825210094451904,5.849999904632568,6.0,5.681666851043701,5.681666851043701,201600
2003-02-28,4.863700866699219,5.896667003631592,5.9166669845581055,5.796667098999023,5.796667098999023,115800
2003-03-03,4.948932647705078,6.0,6.006667137145996,5.875,5.8983330726623535,217800
2003-03-04,4.713859558105469,5.715000152587891,6.065000057220459,5.684999942779541,5.943333148956299,322800
2003-03-05,4.7578511238098145,5.7683329582214355,5.853332996368408,5.695000171661377,5.800000190734863,149400
2003-03-06,4.738605976104736,5.744999885559082,5.849999904632568,5.608333110809326,5.608333110809326,124200
2003-03-07,4.695988655090332,5.693333148956299,5.781667232513428,5.6666669845581055,5.6666669845581055,108000
2003-03-10,4.660245895385742,5.650000095367432,5.796667098999023,5.650000095367432,5.683332920074463,209400
2003-03-11,4.631373882293701,5.614999771118164,5.743332862854004,5.585000038146973,5.681666851043701,115200
2003-03-12,4.5736403465271,5.545000076293945,5.616666793823242,5.468332767486572,5.593332767486572,201000
2003-03-13,4.750976085662842,5.760000228881836,5.8383331298828125,5.538332939147949,5.579999923706055,200400
2003-03-14,4.836209774017334,5.863333225250244,5.869999885559082,5.751667022705078,5.7916669845581055,144600
2003-03-17,4.962682247161865,6.016666889190674,6.058332920074463,5.761666774749756,5.808332920074463,135600
2003-03-18,5.113897800445557,6.199999809265137,6.199999809265137,6.0283331871032715,6.03000020980835,113400
2003-03-19,4.946183681488037,5.99666690826416,6.230000019073486,5.906667232513428,6.216667175292969,165000
2003-03-20,4.961306095123291,6.014999866485596,6.046667098999023,5.87166690826416,5.99666690826416,95400
2003-03-21,4.983302116394043,6.0416669845581055,6.130000114440918,5.84833288192749,5.876667022705078,187800
2003-03-24,4.880197525024414,5.9166669845581055,6.183332920074463,5.843332767486572,6.183332920074463,109200
2003-03-25,4.922815322875977,5.968332767486572,5.968332767486572,5.843332767486572,5.90166711807251,168600
2003-03-26,4.825210094451904,5.849999904632568,6.045000076293945,5.8333330154418945,5.980000019073486,153000
2003-03-27,4.821086883544922,5.84499979019165,5.900000095367432,5.7783331871032715,5.849999904632568,177000
2003-03-28,4.778469562530518,5.793333053588867,5.841667175292969,5.769999980926514,5.841667175292969,70800
2003-03-31,4.788093090057373,5.804999828338623,5.861667156219482,5.636666774749756,5.766666889190674,174000
2003-04-01,4.837584018707275,5.864999771118164,5.951666831970215,5.673333168029785,5.809999942779541,117600
2003-04-02,4.918688774108887,5.9633331298828125,5.9816670417785645,5.7733330726623535,5.875,106200
2003-04-03,4.928313255310059,5.974999904632568,6.059999942779541,5.945000171661377,5.945000171661377,72600
2003-04-04,5.032789707183838,6.1016669273376465,6.139999866485596,5.97333288192749,6.021667003631592,87000
2003-04-07,5.2926106452941895,6.4166669845581055,6.5833330154418945,6.013332843780518,6.013332843780518,228000
2003-04-08,5.269239902496338,6.388332843780518,6.448332786560059,6.355000019073486,6.376667022705078,165000
2003-04-09,5.204630374908447,6.309999942779541,6.483333110809326,6.2133331298828125,6.355000019073486,181800
2003-04-10,5.317355155944824,6.446667194366455,6.478332996368408,6.211667060852051,6.474999904632568,85800
2003-04-11,5.155138969421387,6.25,6.4816670417785645,6.171667098999023,6.454999923706055,111600
2003-04-14,5.13864278793335,6.230000019073486,6.28000020980835,6.111667156219482,6.28000020980835,88200
2003-04-15,5.102901935577393,6.186666965484619,6.248332977294922,6.0233330726623535,6.218332767486572,198600
2003-04-16,5.164761066436768,6.261666774749756,6.2783331871032715,6.133333206176758,6.133333206176758,67800
2003-04-17,5.163387298583984,6.260000228881836,6.266666889190674,6.21999979019165,6.266666889190674,142200
2003-04-21,5.166136264801025,6.263332843780518,6.281667232513428,6.243332862854004,6.243332862854004,119400
2003-04-22,4.926937580108643,5.97333288192749,6.039999961853027,5.716667175292969,5.783332824707031,531600
2003-04-23,4.9076924324035645,5.949999809265137,5.991666793823242,5.943333148956299,5.966667175292969,199800
2003-04-24,4.946183681488037,5.99666690826416,5.99666690826416,5.941667079925537,5.943333148956299,169200
2003-04-25,4.922815322875977,5.968332767486572,5.994999885559082,5.908332824707031,5.946667194366455,91800
2003-04-28,5.047910213470459,6.119999885559082,6.146667003631592,5.9633331298828125,5.96999979019165,61800
2003-04-29,4.990176200866699,6.050000190734863,6.091667175292969,6.033332824707031,6.066667079925537,128400
2003-04-30,5.089155197143555,6.170000076293945,6.179999828338623,6.034999847412109,6.050000190734863,162600
2003-05-01,5.0589094161987305,6.133333206176758,6.1616668701171875,6.076666831970215,6.1616668701171875,50400
2003-05-02,5.214253902435303,6.321667194366455,6.383333206176758,6.1533331871032715,6.1616668701171875,331800
2003-05-05,5.189506530761719,6.2916669845581055,6.353332996368408,6.241666793823242,6.353332996368408,149400
2003-05-06,5.2788615226745605,6.400000095367432,6.454999923706055,6.2683329582214355,6.2683329582214355,202800
2003-05-07,5.251368522644043,6.366666793823242,6.421667098999023,6.323332786560059,6.3933329582214355,141000
2003-05-08,5.222500801086426,6.331666946411133,6.3983330726623535,6.300000190734863,6.353332996368408,68400
2003-05-09,5.353096961975098,6.489999771118164,6.5,6.329999923706055,6.363333225250244,69600
2003-05-12,5.397087097167969,6.543333053588867,6.543333053588867,6.449999809265137,6.488333225250244,175200
2003-05-13,5.573047161102295,6.756667137145996,6.800000190734863,6.441667079925537,6.550000190734863,523200
2003-05-14,5.567549705505371,6.75,6.796667098999023,6.686666965484619,6.741666793823242,94200
2003-05-15,5.614570140838623,6.766666889190674,6.771667003631592,6.586667060852051,6.586667060852051,83400
2003-05-16,5.264694690704346,6.34499979019165,6.798333168029785,6.340000152587891,6.711667060852051,243600
2003-05-19,5.217676162719727,6.288332939147949,6.366666793823242,6.2216668128967285,6.358333110809326,311400
2003-05-20,5.28267240524292,6.366666793823242,6.513332843780518,6.284999847412109,6.304999828338623,151200
2003-05-21,5.299267768859863,6.386666774749756,6.3933329582214355,6.238333225250244,6.304999828338623,58800
2003-05-22,5.313097953796387,6.4033331871032715,6.4166669845581055,6.2916669845581055,6.329999923706055,58200
2003-05-23,5.284054756164551,6.368332862854004,6.406667232513428,6.331666946411133,6.400000095367432,57000
2003-05-27,5.3213934898376465,6.413332939147949,6.4766669273376465,6.304999828338623,6.400000095367432,165600
2003-05-28,5.367029190063477,6.468332767486572,6.5,6.429999828338623,6.483333110809326,46800
2003-05-29,5.264694690704346,6.34499979019165,6.539999961853027,6.320000171661377,6.5,124800
2003-05-30,5.308948993682861,6.3983330726623535,6.466667175292969,6.3466668128967285,6.433332920074463,180000
2003-06-02,5.307565689086914,6.396667003631592,6.441667079925537,6.293333053588867,6.441667079925537,153000
2003-06-03,5.20937967300415,6.2783331871032715,6.394999980926514,6.150000095367432,6.375,169200
2003-06-04,5.231507301330566,6.304999828338623,6.394999980926514,6.251667022705078,6.266666889190674,225000
2003-06-05,5.508083343505859,6.638332843780518,6.6666669845581055,6.266666889190674,6.358333110809326,139800
2003-06-06,5.447237014770508,6.565000057220459,6.698332786560059,6.448332786560059,6.491666793823242,136800
2003-06-09,5.397454261779785,6.505000114440918,6.641666889190674,6.505000114440918,6.641666889190674,106800
2003-06-10,5.532978534698486,6.668333053588867,6.701666831970215,6.511666774749756,6.525000095367432,93000
2003-06-11,5.60488748550415,6.755000114440918,6.769999980926514,6.658332824707031,6.6666669845581055,165000
2003-06-12,5.716902732849121,6.889999866485596,7.054999828338623,6.775000095367432,6.775000095367432,162600
2003-06-13,5.714138031005859,6.886666774749756,7.021667003631592,6.876667022705078,6.938333034515381,109800
2003-06-16,5.9713568687438965,7.196667194366455,7.211667060852051,6.860000133514404,6.885000228881836,318000
2003-06-17,5.979653358459473,7.206666946411133,7.233333110809326,7.1016669273376465,7.228332996368408,260400
2003-06-18,5.996250152587891,7.2266669273376465,7.3466668128967285,7.193333148956299,7.2133331298828125,151200
2003-06-19,5.972738742828369,7.198332786560059,7.251667022705078,7.1666669845581055,7.25,142800
2003-06-20,6.022520542144775,7.258333206176758,7.266666889190674,7.1666669845581055,7.198332786560059,321600
2003-06-23,5.946463108062744,7.1666669845581055,7.210000038146973,7.150000095367432,7.150000095367432,396000
2003-06-24,6.008695125579834,7.241666793823242,7.40500020980835,7.141666889190674,7.141666889190674,143400
2003-06-25,5.950612545013428,7.171667098999023,7.25,7.146667003631592,7.206666946411133,216000
2003-06-26,5.960292816162109,7.183332920074463,7.216667175292969,7.12166690826416,7.198332786560059,205200
2003-06-27,5.939550399780273,7.158332824707031,7.281667232513428,7.158332824707031,7.179999828338623,197400
2003-06-30,5.947848320007324,7.168333053588867,7.300000190734863,7.016666889190674,7.233333110809326,336600
2003-07-01,5.985185623168945,7.2133331298828125,7.25,7.131667137145996,7.133333206176758,473400
2003-07-02,6.057095527648926,7.300000190734863,7.316667079925537,7.171667098999023,7.2133331298828125,214800
2003-07-03,6.0958170890808105,7.3466668128967285,7.4583330154418945,7.25,7.3333330154418945,186600
2003-07-07,6.088902473449707,7.3383331298828125,7.418333053588867,7.1666669845581055,7.2683329582214355,199800
2003-07-08,6.0985846519470215,7.349999904632568,7.349999904632568,7.315000057220459,7.335000038146973,144600
2003-07-09,6.126241683959961,7.383333206176758,7.4166669845581055,7.3383331298828125,7.34833288192749,145800
2003-07-10,6.072308540344238,7.318333148956299,7.391666889190674,7.308332920074463,7.386666774749756,199800
2003-07-11,6.1068806648254395,7.360000133514404,7.5233330726623535,7.300000190734863,7.324999809265137,100200
2003-07-14,6.164962291717529,7.429999828338623,7.446667194366455,7.329999923706055,7.446667194366455,383400
2003-07-15,6.166345119476318,7.431666851043701,7.440000057220459,7.3933329582214355,7.440000057220459,70800
2003-07-16,6.131773948669434,7.389999866485596,7.456666946411133,7.369999885559082,7.441667079925537,62400
2003-07-17,6.047415733337402,7.288332939147949,7.394999980926514,7.216667175292969,7.364999771118164,250800
2003-07-18,6.271446228027344,7.558332920074463,7.568333148956299,7.2783331871032715,7.320000171661377,123000
2003-07-21,6.247936725616455,7.53000020980835,7.59833288192749,7.505000114440918,7.508333206176758,189600
2003-07-22,5.797112464904785,6.986667156219482,7.516666889190674,6.860000133514404,7.468332767486572,1039800
2003-07-23,5.680947780609131,6.8466668128967285,6.960000038146973,6.718332767486572,6.960000038146973,409200
2003-07-24,5.701691150665283,6.87166690826416,6.921667098999023,6.75,6.75,197400
2003-07-25,5.802642345428467,6.993332862854004,6.993332862854004,6.824999809265137,6.869999885559082,169200
2003-07-28,5.750092506408691,6.929999828338623,7.033332824707031,6.918333053588867,6.918333053588867,98400
2003-07-29,5.863490581512451,7.066667079925537,7.078332901000977,6.914999961853027,7.010000228881836,90600
2003-07-30,5.907746315002441,7.119999885559082,7.164999961853027,6.920000076293945,7.048333168029785,150000
2003-07-31,5.794346809387207,6.983333110809326,7.315000057220459,6.9166669845581055,7.093332767486572,232200
2003-08-01,5.66988468170166,6.8333330154418945,6.980000019073486,6.698332786560059,6.918333053588867,213000
2003-08-04,5.6864800453186035,6.853332996368408,6.900000095367432,6.744999885559082,6.769999980926514,114600
2003-08-05,5.638077259063721,6.795000076293945,6.9033331871032715,6.7916669845581055,6.793333053588867,101400
2003-08-06,5.651905536651611,6.811666965484619,6.906667232513428,6.718332767486572,6.868332862854004,132600
2003-08-07,5.620101451873779,6.7733330726623535,6.853332996368408,6.738333225250244,6.741666793823242,163800
2003-08-08,5.60488748550415,6.755000114440918,6.883333206176758,6.755000114440918,6.766666889190674,166200
2003-08-11,5.687861919403076,6.855000019073486,6.855000019073486,6.7916669845581055,6.8383331298828125,44400
2003-08-12,5.7252020835876465,6.900000095367432,6.9166669845581055,6.758333206176758,6.758333206176758,47400
2003-08-13,5.755804061889648,6.896667003631592,6.9033331871032715,6.8466668128967285,6.883333206176758,96000
2003-08-14,5.741892337799072,6.880000114440918,6.9166669845581055,6.8566670417785645,6.87833309173584,438000
2003-08-15,6.063204765319824,7.264999866485596,7.329999923706055,6.875,6.875,172800
2003-08-18,6.123016834259033,7.336667060852051,7.5,7.051667213439941,7.099999904632568,160200
2003-08-19,6.398425102233887,7.6666669845581055,7.6666669845581055,7.340000152587891,7.394999980926514,151800
2003-08-20,6.502748012542725,7.7916669845581055,7.9116668701171875,7.570000171661377,7.570000171661377,121800
2003-08-21,6.519440650939941,7.811666965484619,7.836667060852051,7.71999979019165,7.755000114440918,72000
2003-08-22,6.3553080558776855,7.614999771118164,7.8983330726623535,7.613333225250244,7.8983330726623535,106200
2003-08-25,6.3594794273376465,7.619999885559082,7.6616668701171875,7.563333034515381,7.59499979019165,118200
2003-08-26,6.689138412475586,8.015000343322754,8.021666526794434,7.543333053588867,7.65500020980835,223200
2003-08-27,6.668271541595459,7.989999771118164,8.021666526794434,7.936666965484619,8.020000457763672,150600
2003-08-28,6.769813537597656,8.111666679382324,8.164999961853027,7.936666965484619,8.021666526794434,88800
2003-08-29,6.793460369110107,8.140000343322754,8.186667442321777,8.0,8.085000038146973,71400
2003-09-02,6.954812526702881,8.333333015441895,8.333333015441895,8.125,8.178333282470703,225600
2003-09-03,6.892219066619873,8.258333206176758,8.383333206176758,8.208333015441895,8.208333015441895,214800
2003-09-04,6.940901756286621,8.316666603088379,8.359999656677246,8.21500015258789,8.21500015258789,318000
2003-09-05,6.835186958312988,8.1899995803833,8.358332633972168,8.164999961853027,8.31833267211914,78600
2003-09-08,6.894998550415039,8.261667251586914,8.331666946411133,8.21833324432373,8.220000267028809,187200
2003-09-09,6.843534469604492,8.199999809265137,8.291666984558105,8.175000190734863,8.291666984558105,126000
2003-09-10,6.50553035736084,7.795000076293945,8.198332786560059,7.795000076293945,8.198332786560059,178200
2003-09-11,6.676617622375488,8.0,8.0,7.761666774749756,7.7916669845581055,126600
2003-09-12,6.469365119934082,7.751667022705078,8.0,7.668333053588867,8.0,141000
2003-09-15,6.4888386726379395,7.775000095367432,7.8516669273376465,7.664999961853027,7.735000133514404,55800
2003-09-16,6.605679035186768,7.914999961853027,7.929999828338623,7.724999904632568,7.788332939147949,62400
2003-09-17,6.61402702331543,7.925000190734863,7.931666851043701,7.866666793823242,7.866666793823242,133200
2003-09-18,6.525003910064697,7.818333148956299,7.925000190734863,7.818333148956299,7.925000190734863,63600
2003-09-19,6.376169204711914,7.639999866485596,7.813333034515381,7.639999866485596,7.806666851043701,282000
2003-09-22,6.135537624359131,7.3516669273376465,7.618332862854004,7.335000038146973,7.618332862854004,346800
2003-09-23,6.168917179107666,7.391666889190674,7.414999961853027,7.216667175292969,7.318333148956299,120000
2003-09-24,6.189781665802002,7.4166669845581055,7.5,7.388332843780518,7.4166669845581055,93600
2003-09-25,6.189781665802002,7.4166669845581055,7.585000038146973,7.366666793823242,7.5833330154418945,134400
2003-09-26,6.1717000007629395,7.394999980926514,7.453332901000977,7.326666831970215,7.4166669845581055,137400
2003-09-29,6.191173553466797,7.418333053588867,7.460000038146973,7.2783331871032715,7.394999980926514,83400
2003-09-30,6.035386562347412,7.2316670417785645,7.5,7.170000076293945,7.465000152587891,237000
2003-10-01,6.451282024383545,7.730000019073486,7.730000019073486,7.203332901000977,7.308332920074463,96600
2003-10-02,6.305233001708984,7.554999828338623,7.736667156219482,7.551667213439941,7.730000019073486,88800
2003-10-03,6.394253730773926,7.6616668701171875,7.6616668701171875,7.446667194366455,7.446667194366455,117600
2003-10-06,6.43876314163208,7.715000152587891,7.75,7.5233330726623535,7.570000171661377,53400
2003-10-07,6.46797513961792,7.75,7.75,7.664999961853027,7.718332767486572,64800
2003-10-08,6.358088493347168,7.618332862854004,7.65500020980835,7.613333225250244,7.613333225250244,40800
2003-10-09,6.306621074676514,7.556666851043701,7.813333034515381,7.514999866485596,7.656667232513428,47400
2003-10-10,6.282976150512695,7.5283331871032715,7.6483330726623535,7.474999904632568,7.5966668128967285,157200
2003-10-13,6.217602252960205,7.449999809265137,7.5283331871032715,7.425000190734863,7.5283331871032715,241200
2003-10-14,6.394253730773926,7.6616668701171875,7.6666669845581055,7.391666889190674,7.391666889190674,67800
2003-10-15,6.340007305145264,7.5966668128967285,7.641666889190674,7.5283331871032715,7.590000152587891,70200
2003-10-16,6.312187671661377,7.563333034515381,7.633333206176758,7.508333206176758,7.539999961853027,68400
2003-10-17,6.2245564460754395,7.4583330154418945,7.633333206176758,7.449999809265137,7.633333206176758,126000
2003-10-20,6.2036919593811035,7.433332920074463,7.466667175292969,7.315000057220459,7.4166669845581055,81000
2003-10-21,6.273238658905029,7.516666889190674,7.546667098999023,7.4166669845581055,7.4166669845581055,37200
2003-10-22,6.170307636260986,7.3933329582214355,7.425000190734863,7.358333110809326,7.406667232513428,197400
2003-10-23,6.146663188934326,7.364999771118164,7.449999809265137,7.3333330154418945,7.349999904632568,42000
2003-10-24,6.132753372192383,7.34833288192749,7.3933329582214355,7.2783331871032715,7.358333110809326,48000
2003-10-27,6.007564544677734,7.198332786560059,7.389999866485596,7.179999828338623,7.349999904632568,223200
2003-10-28,6.022869110107422,7.216667175292969,7.248332977294922,7.171667098999023,7.199999809265137,78600
2003-10-29,6.17448091506958,7.3983330726623535,7.40500020980835,7.170000076293945,7.2316670417785645,120600
2003-10-30,6.184218406677246,7.409999847412109,7.474999904632568,7.320000171661377,7.320000171661377,132000
2003-10-31,6.349743843078613,7.608333110809326,7.733333110809326,7.406667232513428,7.483333110809326,251400
2003-11-03,6.8087592124938965,8.158332824707031,8.158332824707031,7.585000038146973,7.701666831970215,168600
2003-11-04,6.897781848907471,8.265000343322754,8.483332633972168,8.095000267028809,8.166666984558105,277200
2003-11-05,6.871353626251221,8.233332633972168,8.261667251586914,8.119999885559082,8.148332595825195,115800
2003-11-06,6.748950004577637,8.08666706085205,8.255000114440918,8.08666706085205,8.255000114440918,150000
2003-11-07,6.687747955322266,8.013333320617676,8.164999961853027,7.966667175292969,8.135000228881836,227400
2003-11-10,6.328878402709961,7.5833330154418945,7.985000133514404,7.5833330154418945,7.9633331298828125,217200
2003-11-11,6.327489852905273,7.581666946411133,7.6016669273376465,7.428332805633545,7.559999942779541,180000
2003-11-12,6.380344867706299,7.644999980926514,7.646667003631592,7.508333206176758,7.5833330154418945,316800
2003-11-13,6.4838175773620605,7.728332996368408,7.761666774749756,7.506667137145996,7.581666946411133,55200
2003-11-14,6.468435764312744,7.710000038146973,7.801667213439941,7.65166711807251,7.6666669845581055,80400
2003-11-17,6.3369975090026855,7.553332805633545,7.6666669845581055,7.4166669845581055,7.6666669845581055,99000
2003-11-18,6.278270244598389,7.483333110809326,7.664999961853027,7.454999923706055,7.5416669845581055,85200
2003-11-19,6.32301664352417,7.5366668701171875,7.566667079925537,7.40500020980835,7.454999923706055,307200
2003-11-20,6.490807056427002,7.736667156219482,7.736667156219482,7.460000038146973,7.460000038146973,174000
2003-11-21,6.594281196594238,7.860000133514404,7.87166690826416,7.739999771118164,7.739999771118164,235200
2003-11-24,6.76067590713501,8.058333396911621,8.119999885559082,7.793333053588867,7.900000095367432,149400
2003-11-25,7.048722267150879,8.401666641235352,8.46833324432373,7.991666793823242,8.15999984741211,198000
2003-11-26,6.992790222167969,8.335000038146973,8.44333267211914,8.303333282470703,8.44333267211914,250200
2003-11-28,6.96901798248291,8.30666732788086,8.373332977294922,8.305000305175781,8.335000038146973,44400
2003-12-01,7.257063865661621,8.649999618530273,8.649999618530273,8.436667442321777,8.444999694824219,157200
2003-12-02,7.257063865661621,8.649999618530273,8.698332786560059,8.476667404174805,8.476667404174805,238800
2003-12-03,7.648580074310303,9.116666793823242,9.180000305175781,8.671667098999023,8.731666564941406,448800
2003-12-04,7.550704479217529,9.0,9.183333396911621,8.901666641235352,9.073332786560059,329400
2003-12-05,7.5730719566345215,9.026666641235352,9.05666732788086,8.938332557678223,8.976667404174805,249600
2003-12-08,7.613626956939697,9.074999809265137,9.16333293914795,8.953332901000977,9.125,217800
2003-12-09,7.560490608215332,9.011667251586914,9.111666679382324,8.96166706085205,9.083333015441895,144000
2003-12-10,7.539518356323242,8.986666679382324,9.018333435058594,8.876667022705078,9.018333435058594,85200
2003-12-11,7.705913543701172,9.1850004196167,9.1899995803833,8.87166690826416,8.918333053588867,101400
2003-12-12,7.663959980010986,9.135000228881836,9.223333358764648,9.039999961853027,9.125,133800
2003-12-15,7.570278644561768,9.023332595825195,9.331666946411133,8.989999771118164,9.266667366027832,82200
2003-12-16,7.612227439880371,9.073332786560059,9.108332633972168,8.971667289733887,9.010000228881836,106800
2003-12-17,7.666757106781006,9.138333320617676,9.138333320617676,8.976667404174805,9.076666831970215,50400
2003-12-18,7.67374849319458,9.146666526794434,9.146666526794434,8.993332862854004,9.0600004196167,88200
2003-12-19,7.5982489585876465,9.05666732788086,9.221667289733887,8.971667289733887,9.221667289733887,115200
2003-12-22,7.612227439880371,9.073332786560059,9.083333015441895,8.923333168029785,8.923333168029785,127800
2003-12-23,7.830360412597656,9.333333015441895,9.333333015441895,9.001667022705078,9.149999618530273,138000
2003-12-24,7.774428844451904,9.266667366027832,9.416666984558105,9.141667366027832,9.350000381469727,45000
2003-12-26,7.830360412597656,9.333333015441895,9.346667289733887,9.050000190734863,9.194999694824219,20400
2003-12-29,8.012138366699219,9.550000190734863,9.555000305175781,9.213333129882812,9.341667175292969,124800
2003-12-30,7.956204891204834,9.483332633972168,9.608332633972168,9.289999961853027,9.458333015441895,250800
2003-12-31,7.946415424346924,9.471667289733887,9.545000076293945,9.433333396911621,9.513333320617676,88800
2004-01-02,7.79539680480957,9.291666984558105,9.456666946411133,9.25,9.438332557678223,148200
2004-01-05,7.978577136993408,9.510000228881836,9.563332557678223,9.21833324432373,9.354999542236328,325800
2004-01-06,7.837347984313965,9.341667175292969,9.5649995803833,9.341667175292969,9.5649995803833,151200
2004-01-07,7.872308254241943,9.383333206176758,9.430000305175781,9.25333309173584,9.416666984558105,173400
2004-01-08,7.991161823272705,9.524999618530273,9.578332901000977,9.228333473205566,9.456666946411133,222600
2004-01-09,7.773025989532471,9.265000343322754,9.58666706085205,9.261667251586914,9.430000305175781,76200
2004-01-12,7.79539680480957,9.291666984558105,9.399999618530273,9.136667251586914,9.399999618530273,160800
2004-01-13,7.967389106750488,9.49666690826416,9.49666690826416,9.25333309173584,9.25333309173584,119400
2004-01-14,8.026119232177734,9.566666603088379,9.566666603088379,9.324999809265137,9.479999542236328,144600
2004-01-15,7.844342231750488,9.350000381469727,9.505000114440918,9.308333396911621,9.501667022705078,115200
2004-01-16,7.676543235778809,9.149999618530273,9.5649995803833,9.108332633972168,9.421667098999023,132000
2004-01-20,7.837347984313965,9.341667175292969,9.475000381469727,9.043333053588867,9.043333053588867,96000
2004-01-21,7.722691535949707,9.204999923706055,9.34333324432373,9.204999923706055,9.25333309173584,79200
2004-01-22,7.6891350746154785,9.164999961853027,9.338333129882812,9.100000381469727,9.326666831970215,119400
2004-01-23,7.816376686096191,9.316666603088379,9.316666603088379,9.083333015441895,9.141667366027832,99600
2004-01-26,7.725489139556885,9.208333015441895,9.296667098999023,9.18166732788086,9.21166706085205,126000
2004-01-27,8.389671325683594,10.0,10.081666946411133,9.175000190734863,9.278332710266113,739200
2004-01-28,8.24984359741211,9.833333015441895,10.083333015441895,9.583333015441895,10.0,186600
2004-01-29,8.263825416564941,9.850000381469727,9.898332595825195,9.773332595825195,9.898332595825195,265200
2004-01-30,8.235858917236328,9.816666603088379,9.850000381469727,9.738332748413086,9.841667175292969,290400
2004-02-02,8.121199607849121,9.680000305175781,9.841667175292969,9.680000305175781,9.698332786560059,142200
2004-02-03,8.24984359741211,9.833333015441895,9.835000038146973,9.66333293914795,9.751667022705078,163200
2004-02-04,8.149166107177734,9.713333129882812,9.84000015258789,9.699999809265137,9.78166675567627,187200
2004-02-05,8.302978515625,9.896666526794434,9.896666526794434,9.748332977294922,9.748332977294922,54600
2004-02-06,8.326753616333008,9.925000190734863,9.925000190734863,9.783332824707031,9.783332824707031,483000
2004-02-09,8.245647430419922,9.828332901000977,9.926667213439941,9.791666984558105,9.835000038146973,363600
2004-02-10,8.337932586669922,9.938332557678223,9.938332557678223,9.80666732788086,9.880000114440918,147600
2004-02-11,8.263825416564941,9.850000381469727,9.916666984558105,9.805000305175781,9.916666984558105,238200
2004-02-12,8.273612022399902,9.861666679382324,9.908332824707031,9.800000190734863,9.824999809265137,150000
2004-02-13,8.151966094970703,9.716667175292969,9.875,9.71500015258789,9.78499984741211,210600
2004-02-17,8.33027458190918,9.888333320617676,9.903332710266113,9.585000038146973,9.866666793823242,60000
2004-02-18,8.345723152160645,9.90666675567627,9.91333293914795,9.78833293914795,9.869999885559082,105000
2004-02-19,8.271309852600098,9.81833267211914,9.981666564941406,9.768333435058594,9.899999618530273,175800
2004-02-20,8.354146957397461,9.916666984558105,9.979999542236328,9.666666984558105,9.946666717529297,175200
2004-02-23,8.142134666442871,9.664999961853027,9.883333206176758,9.664999961853027,9.866666793823242,219600
2004-02-24,8.114055633544922,9.631667137145996,9.758333206176758,9.585000038146973,9.603333473205566,193200
2004-02-25,8.290964126586914,9.841667175292969,9.84333324432373,9.616666793823242,9.625,222000
2004-02-26,8.368189811706543,9.933333396911621,9.9399995803833,9.75,9.868332862854004,143400
2004-02-27,8.531060218811035,10.126667022705078,10.166666984558105,9.848333358764648,9.864999771118164,187200
2004-03-01,8.76272964477539,10.401666641235352,10.401666641235352,10.058333396911621,10.161666870117188,181200
2004-03-02,8.848377227783203,10.50333309173584,10.640000343322754,10.313332557678223,10.333333015441895,337800
2004-03-03,8.769743919372559,10.40999984741211,10.533332824707031,10.265000343322754,10.533332824707031,426600
2004-03-04,8.830121040344238,10.481666564941406,10.491666793823242,10.316666603088379,10.37833309173584,64800
2004-03-05,8.827312469482422,10.478333473205566,10.5,10.308333396911621,10.426667213439941,79200
2004-03-08,8.695335388183594,10.321666717529297,10.423333168029785,10.31833267211914,10.354999542236328,81000
2004-03-09,8.684103965759277,10.308333396911621,10.448332786560059,10.271666526794434,10.300000190734863,150000
2004-03-10,8.634961128234863,10.25,10.358332633972168,10.033332824707031,10.186667442321777,228600
2004-03-11,8.599855422973633,10.208333015441895,10.333333015441895,10.170000076293945,10.183333396911621,174600
2004-03-12,9.001415252685547,10.6850004196167,10.731666564941406,10.183333396911621,10.233332633972168,284400
2004-03-15,8.747286796569824,10.383333206176758,10.708333015441895,10.383333206176758,10.666666984558105,339000
2004-03-16,8.788002967834473,10.43166732788086,10.520000457763672,10.335000038146973,10.484999656677246,307800
2004-03-17,8.72200870513916,10.353333473205566,10.613332748413086,10.28166675567627,10.454999923706055,229200
2004-03-18,8.653213500976562,10.271666526794434,10.505000114440918,10.175000190734863,10.428333282470703,126600
2004-03-19,8.629343032836914,10.243332862854004,10.543333053588867,10.183333396911621,10.203332901000977,154800
2004-03-22,8.42013931274414,9.994999885559082,10.305000305175781,9.8100004196167,10.1850004196167,143400
2004-03-23,8.359760284423828,9.923333168029785,10.073332786560059,9.895000457763672,9.926667213439941,97200
2004-03-24,8.497361183166504,10.08666706085205,10.136667251586914,9.845000267028809,9.854999542236328,201600
2004-03-25,8.564754486083984,10.166666984558105,10.303333282470703,10.06833267211914,10.176667213439941,178800
2004-03-26,8.661637306213379,10.28166675567627,10.300000190734863,10.036666870117188,10.148332595825195,195600
2004-03-29,8.789403915405273,10.433333396911621,10.583333015441895,10.258333206176758,10.333333015441895,218400
2004-03-30,9.124977111816406,10.831666946411133,10.833333015441895,10.28499984741211,10.430000305175781,246600
2004-03-31,8.949469566345215,10.623332977294922,10.773332595825195,10.574999809265137,10.708333015441895,348600
2004-04-01,8.935426712036133,10.606666564941406,10.671667098999023,10.566666603088379,10.641667366027832,100200
2004-04-02,8.985977172851562,10.666666984558105,10.800000190734863,10.604999542236328,10.604999542236328,183000
2004-04-05,8.985977172851562,10.666666984558105,10.675000190734863,10.611666679382324,10.633333206176758,149400
2004-04-06,8.984572410583496,10.664999961853027,10.708333015441895,10.611666679382324,10.638333320617676,151800
2004-04-07,8.98737907409668,10.668333053588867,10.673333168029785,10.4399995803833,10.664999961853027,99000
2004-04-08,8.845563888549805,10.5,10.680000305175781,10.493332862854004,10.671667098999023,84000
2004-04-12,9.000011444091797,10.683333396911621,10.808333396911621,10.475000381469727,10.53499984741211,245400
2004-04-13,8.667252540588379,10.28833293914795,10.675000190734863,10.271666526794434,10.603333473205566,157200
2004-04-14,8.599855422973633,10.208333015441895,10.50333309173584,10.103333473205566,10.50333309173584,74400
2004-04-15,8.553521156311035,10.153332710266113,10.34000015258789,9.966667175292969,10.234999656677246,139200
2004-04-16,8.84416389465332,10.498332977294922,10.563332557678223,10.158332824707031,10.206666946411133,207000
2004-04-19,8.94244384765625,10.614999771118164,10.6850004196167,10.276666641235352,10.441666603088379,275400
2004-04-20,8.612494468688965,10.223333358764648,10.666666984558105,10.183333396911621,10.626667022705078,140400
2004-04-21,8.927005767822266,10.596667289733887,10.623332977294922,10.09000015258789,10.25333309173584,105000
2004-04-22,9.042140007019043,10.733332633972168,10.829999923706055,10.353333473205566,10.600000381469727,232200
2004-04-23,9.091278076171875,10.791666984558105,10.895000457763672,10.513333320617676,10.751667022705078,195000
2004-04-26,8.985977172851562,10.666666984558105,10.914999961853027,10.625,10.914999961853027,214800
2004-04-27,9.365067481994629,11.116666793823242,11.303333282470703,10.833333015441895,10.91333293914795,423600
2004-04-28,9.18394660949707,10.901666641235352,11.25,10.755000114440918,11.25,197400
2004-04-29,8.90313720703125,10.56833267211914,11.016667366027832,10.56833267211914,10.978333473205566,124200
2004-04-30,8.752901077270508,10.390000343322754,10.66333293914795,10.390000343322754,10.643333435058594,282000
2004-05-03,9.00562858581543,10.6899995803833,10.80666732788086,10.390000343322754,10.4350004196167,556800
2004-05-04,9.2948637008667,11.033332824707031,11.316666603088379,10.720000267028809,10.720000267028809,264600
2004-05-05,9.033714294433594,10.723333358764648,10.981666564941406,10.723333358764648,10.971667289733887,213600
2004-05-06,8.78519058227539,10.428333282470703,10.774999618530273,10.289999961853027,10.748332977294922,416400
2004-05-07,8.72762680053711,10.359999656677246,10.821666717529297,10.313332557678223,10.380000114440918,198600
2004-05-10,8.539484977722168,10.136667251586914,10.350000381469727,9.84000015258789,10.34333324432373,100200
2004-05-11,8.788002967834473,10.43166732788086,10.43166732788086,10.168333053588867,10.21166706085205,304800
2004-05-12,9.084260940551758,10.783332824707031,10.783332824707031,10.286666870117188,10.369999885559082,153000
2004-05-13,8.764130592346191,10.403332710266113,10.696666717529297,10.401666641235352,10.631667137145996,130200
2004-05-14,8.925601959228516,10.595000267028809,10.651666641235352,10.251667022705078,10.426667213439941,150000
2004-05-17,8.590166091918945,10.158332824707031,10.583333015441895,10.135000228881836,10.583333015441895,118200
2004-05-18,8.763516426086426,10.363332748413086,10.380000114440918,10.228333473205566,10.228333473205566,49200
2004-05-19,8.71419620513916,10.305000305175781,10.411666870117188,10.206666946411133,10.286666870117188,313800
2004-05-20,8.70009708404541,10.28833293914795,10.333333015441895,10.050000190734863,10.291666984558105,181200
2004-05-21,8.880499839782715,10.501667022705078,10.501667022705078,10.255000114440918,10.293333053588867,151800
2004-05-24,9.09895133972168,10.760000228881836,10.850000381469727,10.28499984741211,10.28499984741211,152400
2004-05-25,9.372371673583984,11.083333015441895,11.098333358764648,10.601667404174805,10.805000305175781,277200
2004-05-26,9.2032470703125,10.883333206176758,11.058333396911621,10.779999732971191,10.928333282470703,60000
2004-05-27,9.349821090698242,11.05666732788086,11.05666732788086,10.704999923706055,10.744999885559082,72000
2004-05-28,9.299081802368164,10.99666690826416,11.074999809265137,10.869999885559082,11.0,149400
2004-06-01,9.356865882873535,11.0649995803833,11.208333015441895,10.960000038146973,10.960000038146973,249000
2004-06-02,9.214520454406738,10.896666526794434,11.078332901000977,10.856666564941406,11.078332901000977,196200
2004-06-03,9.096136093139648,10.756667137145996,11.033332824707031,10.756667137145996,10.94333267211914,129000
2004-06-04,9.02989673614502,10.678333282470703,11.021666526794434,10.678333282470703,11.018333435058594,120600
2004-06-07,9.57955265045166,11.328332901000977,11.331666946411133,10.686667442321777,10.686667442321777,179400
2004-06-08,9.510489463806152,11.24666690826416,11.329999923706055,10.851667404174805,10.851667404174805,163200
2004-06-09,9.435795783996582,11.158332824707031,11.326666831970215,11.146666526794434,11.326666831970215,94200
2004-06-10,9.38646411895752,11.100000381469727,11.231666564941406,10.973333358764648,11.231666564941406,187200
2004-06-14,9.125734329223633,10.791666984558105,11.095000267028809,10.78499984741211,11.03499984741211,117600
2004-06-15,9.62887954711914,11.386667251586914,11.414999961853027,10.713333129882812,10.75,240000
2004-06-16,9.606329917907715,11.359999656677246,11.449999809265137,11.0600004196167,11.0600004196167,322800
2004-06-17,9.762767791748047,11.545000076293945,11.571666717529297,11.358332633972168,11.46833324432373,160200
2004-06-18,9.883974075317383,11.688332557678223,11.688332557678223,11.376667022705078,11.475000381469727,249000
2004-06-21,9.696532249450684,11.466667175292969,11.664999961853027,11.388333320617676,11.664999961853027,87600
2004-06-22,9.77827262878418,11.563332557678223,11.619999885559082,11.373332977294922,11.373332977294922,159600
2004-06-23,9.861422538757324,11.661666870117188,11.744999885559082,11.446666717529297,11.446666717529297,118800
2004-06-24,9.807869911193848,11.598333358764648,11.741666793823242,11.46166706085205,11.736666679382324,75600
2004-06-25,9.645791053771973,11.40666675567627,11.541666984558105,11.40666675567627,11.501667022705078,217200
2004-06-28,10.085517883300781,11.926667213439941,11.983332633972168,11.425000190734863,11.425000190734863,386400
2004-06-29,10.382896423339844,12.278332710266113,12.286666870117188,11.691666603088379,11.816666603088379,419400
2004-06-30,10.163032531738281,12.018333435058594,12.273332595825195,11.989999771118164,12.194999694824219,217800
2004-07-01,10.020686149597168,11.850000381469727,12.114999771118164,11.819999694824219,11.90666675567627,61200
2004-07-02,10.009410858154297,11.83666706085205,11.936667442321777,11.676667213439941,11.846667289733887,42600
2004-07-06,9.69935131072998,11.470000267028809,11.671667098999023,11.40666675567627,11.668333053588867,133200
2004-07-07,9.788139343261719,11.574999809265137,11.786666870117188,11.536666870117188,11.59000015258789,101400
2004-07-08,9.62887954711914,11.386667251586914,11.623332977294922,11.354999542236328,11.569999694824219,135600
2004-07-09,9.63592529296875,11.395000457763672,11.56833267211914,11.353333473205566,11.423333168029785,82200
2004-07-12,9.513312339782715,11.25,11.483332633972168,11.25,11.433333396911621,129600
2004-07-13,9.817728042602539,11.609999656677246,11.609999656677246,11.391667366027832,11.396666526794434,322800
2004-07-14,9.9755859375,11.796667098999023,11.986666679382324,11.518333435058594,11.543333053588867,279600
2004-07-15,9.998137474060059,11.823332786560059,11.956666946411133,11.748332977294922,11.800000190734863,210600
2004-07-16,9.999547958374023,11.824999809265137,11.966667175292969,11.638333320617676,11.899999618530273,192600
2004-07-19,9.896658897399902,11.703332901000977,11.873332977294922,11.636667251586914,11.636667251586914,108600
2004-07-20,10.130615234375,11.979999542236328,11.979999542236328,11.676667213439941,11.763333320617676,111600
2004-07-21,9.860018730163574,11.65999984741211,12.0,11.65999984741211,11.983332633972168,137400
2004-07-22,9.524584770202637,11.263333320617676,11.841667175292969,11.255000114440918,11.601667404174805,265800
2004-07-23,9.44425106048584,11.168333053588867,11.606666564941406,11.168333053588867,11.606666564941406,211200
2004-07-26,9.297677040100098,10.994999885559082,11.323332786560059,10.739999771118164,11.168333053588867,234000
2004-07-27,8.824125289916992,10.4350004196167,10.741666793823242,10.238332748413086,10.604999542236328,577200
2004-07-28,8.666271209716797,10.248332977294922,10.5,10.143333435058594,10.5,280200
2004-07-29,8.664867401123047,10.24666690826416,10.359999656677246,10.161666870117188,10.303333282470703,198600
2004-07-30,8.649360656738281,10.228333473205566,10.37166690826416,10.108332633972168,10.326666831970215,247800
2004-08-02,8.663453102111816,10.244999885559082,10.393333435058594,9.925000190734863,10.393333435058594,187200
2004-08-03,8.518289566040039,10.073332786560059,10.243332862854004,9.956666946411133,10.101667404174805,268800
2004-08-04,8.597211837768555,10.166666984558105,10.233332633972168,9.850000381469727,10.039999961853027,246600
2004-08-05,8.23077392578125,9.733332633972168,10.166666984558105,9.698332786560059,9.956666946411133,392400
2004-08-06,7.71635103225708,9.125,9.716667175292969,9.125,9.6899995803833,259200
2004-08-09,7.851654052734375,9.28499984741211,9.488332748413086,9.12833309173584,9.426667213439941,181800
2004-08-10,8.079974174499512,9.555000305175781,9.574999809265137,9.28499984741211,9.28499984741211,406800
2004-08-11,8.041918754577637,9.510000228881836,9.640000343322754,9.416666984558105,9.476667404174805,129000
2004-08-12,7.955948829650879,9.408332824707031,9.526666641235352,9.345000267028809,9.43166732788086,151200
2004-08-13,7.9784955978393555,9.4350004196167,9.523332595825195,9.34000015258789,9.40999984741211,94200
2004-08-16,8.212032318115234,9.670000076293945,9.680000305175781,9.348333358764648,9.356666564941406,180600
2004-08-17,8.101633071899414,9.539999961853027,9.743332862854004,9.483332633972168,9.741666793823242,102600
2004-08-18,8.189390182495117,9.643333435058594,9.729999542236328,9.483332633972168,9.488332748413086,85800
2004-08-19,8.183730125427246,9.636667251586914,9.75,9.623332977294922,9.666666984558105,121800
2004-08-20,8.207791328430176,9.664999961853027,9.676667213439941,9.636667251586914,9.666666984558105,124800
2004-08-23,8.413017272949219,9.90666675567627,9.90666675567627,9.555000305175781,9.555000305175781,224400
2004-08-24,8.451233863830566,9.951666831970215,9.951666831970215,9.680000305175781,9.916666984558105,186600
2004-08-25,8.408770561218262,9.901666641235352,9.921667098999023,9.641667366027832,9.921667098999023,96600
2004-08-26,8.223352432250977,9.683333396911621,9.971667289733887,9.653332710266113,9.891667366027832,160800
2004-08-27,8.362066268920898,9.846667289733887,9.846667289733887,9.68166732788086,9.743332862854004,92400
2004-08-30,8.182310104370117,9.635000228881836,9.846667289733887,9.625,9.846667289733887,63600
2004-08-31,8.322428703308105,9.800000190734863,9.800000190734863,9.513333320617676,9.670000076293945,178800
2004-09-01,8.561634063720703,10.081666946411133,10.12166690826416,9.774999618530273,9.800000190734863,244200
2004-09-02,8.537572860717773,10.053333282470703,10.166666984558105,9.930000305175781,9.930000305175781,208200
2004-09-03,8.572952270507812,10.095000267028809,10.28499984741211,10.010000228881836,10.135000228881836,130200
2004-09-07,8.775355339050293,10.333333015441895,10.333333015441895,10.103333473205566,10.166666984558105,60600
2004-09-08,8.858859062194824,10.43166732788086,10.583333015441895,10.28166675567627,10.335000038146973,201600
2004-09-09,9.05701732635498,10.664999961853027,10.664999961853027,10.428333282470703,10.433333396911621,75000
2004-09-10,9.140530586242676,10.763333320617676,10.763333320617676,10.476667404174805,10.648332595825195,648600
2004-09-13,9.317445755004883,10.971667289733887,11.033332824707031,10.778332710266113,10.78499984741211,186000
2004-09-14,9.191474914550781,10.823332786560059,11.071666717529297,10.725000381469727,11.00333309173584,200400
2004-09-15,9.093818664550781,10.708333015441895,10.84000015258789,10.666666984558105,10.741666793823242,181800
2004-09-16,9.2127103805542,10.848333358764648,10.850000381469727,10.723333358764648,10.751667022705078,115200
2004-09-17,9.273568153381348,10.920000076293945,11.119999885559082,10.706666946411133,10.739999771118164,376200
2004-09-20,9.129205703735352,10.75,10.9399995803833,10.748332977294922,10.833333015441895,223200
2004-09-21,9.2947998046875,10.944999694824219,10.975000381469727,10.666666984558105,10.666666984558105,171600
2004-09-22,9.191474914550781,10.823332786560059,10.850000381469727,10.683333396911621,10.84333324432373,231600
2004-09-23,9.115044593811035,10.733332633972168,10.805000305175781,10.69333267211914,10.698332786560059,96600
2004-09-24,9.190059661865234,10.821666717529297,10.84000015258789,10.75,10.755000114440918,48600
2004-09-27,9.051351547241211,10.658332824707031,10.789999961853027,10.658332824707031,10.789999961853027,148200
2004-09-28,9.059844970703125,10.668333053588867,10.80666732788086,10.53499984741211,10.706666946411133,273000
2004-09-29,9.318865776062012,10.973333358764648,10.988332748413086,10.638333320617676,10.638333320617676,159000
2004-09-30,9.552398681640625,11.248332977294922,11.248332977294922,10.903332710266113,10.989999771118164,184800
2004-10-01,9.44765567779541,11.125,11.399999618530273,11.096667289733887,11.25333309173584,226800
2004-10-04,9.381138801574707,11.046667098999023,11.164999961853027,10.975000381469727,11.058333396911621,246000
2004-10-05,9.252340316772461,10.895000457763672,11.074999809265137,10.87166690826416,11.074999809265137,99000
2004-10-06,9.199968338012695,10.833333015441895,10.948332786560059,10.748332977294922,10.948332786560059,162600
2004-10-07,8.972091674804688,10.5649995803833,10.829999923706055,10.5649995803833,10.819999694824219,182400
2004-10-08,8.568708419799805,10.09000015258789,10.558333396911621,10.09000015258789,10.558333396911621,284400
2004-10-11,8.673444747924805,10.213333129882812,10.308333396911621,9.958333015441895,10.081666946411133,313200
2004-10-12,8.768280029296875,10.324999809265137,10.326666831970215,10.010000228881836,10.326666831970215,186600
2004-10-13,8.75129222869873,10.305000305175781,10.430000305175781,10.201666831970215,10.430000305175781,313200
2004-10-14,8.680521011352539,10.221667289733887,10.350000381469727,10.171667098999023,10.24666690826416,177000
2004-10-15,8.664955139160156,10.203332901000977,10.301667213439941,10.191666603088379,10.263333320617676,124800
2004-10-18,8.564468383789062,10.085000038146973,10.255000114440918,10.001667022705078,10.255000114440918,105600
2004-10-19,8.496521949768066,10.005000114440918,10.25333309173584,10.005000114440918,10.09333324432373,87000
2004-10-20,8.44839859008789,9.948332786560059,10.154999732971191,9.928333282470703,10.005000114440918,122400
2004-10-21,8.445566177368164,9.944999694824219,10.016667366027832,9.895000457763672,9.978333473205566,81600
2004-10-22,8.305448532104492,9.779999732971191,9.944999694824219,9.770000457763672,9.944999694824219,93600
2004-10-25,8.434252738952637,9.93166732788086,10.010000228881836,9.75,9.75,117600
2004-10-26,8.497940063476562,10.006667137145996,10.091667175292969,9.914999961853027,10.011667251586914,132600
2004-10-27,8.724400520324707,10.273332595825195,10.273332595825195,10.00333309173584,10.118332862854004,324000
2004-10-28,8.74563217163086,10.298333168029785,10.353333473205566,10.100000381469727,10.28499984741211,82800
2004-10-29,8.570125579833984,10.091667175292969,10.381667137145996,10.0600004196167,10.381667137145996,72000
2004-11-01,8.69184398651123,10.234999656677246,10.346667289733887,10.0,10.055000305175781,126600
2004-11-02,8.690431594848633,10.233332633972168,10.393333435058594,10.183333396911621,10.350000381469727,78600
2004-11-03,8.916887283325195,10.5,10.5,10.300000190734863,10.300000190734863,67200
2004-11-04,8.881509780883789,10.458333015441895,10.548333168029785,10.266667366027832,10.266667366027832,52800
2004-11-05,9.255167961120605,10.898332595825195,10.898332595825195,10.583333015441895,10.596667289733887,246600
2004-11-08,9.293377876281738,10.94333267211914,10.983332633972168,10.800000190734863,10.833333015441895,109800
2004-11-09,9.365565299987793,11.028332710266113,11.051667213439941,10.835000038146973,10.951666831970215,103800
2004-11-10,9.47738265991211,11.15999984741211,11.220000267028809,11.026666641235352,11.09000015258789,72000
2004-11-11,9.582122802734375,11.283332824707031,11.295000076293945,11.09000015258789,11.140000343322754,60600
2004-11-12,9.609014511108398,11.3149995803833,11.31833267211914,11.058333396911621,11.191666603088379,73800
2004-11-15,9.476912498474121,11.119999885559082,11.164999961853027,10.930000305175781,11.095000267028809,121800
2004-11-16,9.232606887817383,10.833333015441895,11.088333129882812,10.78166675567627,10.956666946411133,115800
2004-11-17,9.425783157348633,11.0600004196167,11.158332824707031,10.890000343322754,10.925000190734863,118200
2004-11-18,9.427201271057129,11.061667442321777,11.15999984741211,11.058333396911621,11.058333396911621,26400
2004-11-19,9.172958374023438,10.763333320617676,11.145000457763672,10.761667251586914,11.145000457763672,49800
2004-11-22,9.513847351074219,11.16333293914795,11.16333293914795,10.598333358764648,10.75,137400
2004-11-23,9.459867477416992,11.100000381469727,11.100000381469727,10.703332901000977,10.833333015441895,307200
2004-11-24,10.148762702941895,11.908332824707031,11.981666564941406,11.25,11.40666675567627,475800
2004-11-26,10.27944564819336,12.061667442321777,12.123332977294922,11.826666831970215,11.948332786560059,96000
2004-11-29,10.26666259765625,12.046667098999023,12.225000381469727,11.795000076293945,12.166666984558105,157800
2004-11-30,10.347624778747559,12.141667366027832,12.324999809265137,11.888333320617676,11.951666831970215,253200
2004-12-01,10.316372871398926,12.104999542236328,12.186667442321777,11.916666984558105,12.045000076293945,232800
2004-12-02,10.368927001953125,12.166666984558105,12.323332786560059,12.016667366027832,12.016667366027832,136800
2004-12-03,10.10615062713623,11.858332633972168,12.19333267211914,11.796667098999023,12.19333267211914,132600
2004-12-06,10.012409210205078,11.748332977294922,11.845000267028809,11.694999694824219,11.78166675567627,156600
2004-12-07,9.738272666931152,11.426667213439941,11.725000381469727,11.426667213439941,11.708333015441895,280800
2004-12-08,9.888833045959473,11.603333473205566,11.606666564941406,11.366666793823242,11.561667442321777,393600
2004-12-09,9.898778915405273,11.614999771118164,11.614999771118164,11.194999694824219,11.436667442321777,175800
2004-12-10,10.036555290222168,11.776666641235352,11.793333053588867,11.418333053588867,11.618332862854004,227400
2004-12-13,9.97121524810791,11.699999809265137,11.921667098999023,11.62833309173584,11.773332595825195,159600
2004-12-14,10.168648719787598,11.93166732788086,11.93166732788086,11.71833324432373,11.778332710266113,150000
2004-12-15,10.341940879821777,12.135000228881836,12.135000228881836,11.858332633972168,11.858332633972168,121200
2004-12-16,10.001046180725098,11.734999656677246,12.098333358764648,11.721667289733887,12.0,120000
2004-12-17,10.22689151763916,12.0,12.074999809265137,11.666666984558105,11.851667404174805,129600
2004-12-20,9.991104125976562,11.723333358764648,12.08666706085205,11.723333358764648,11.833333015441895,66000
2004-12-21,10.368927001953125,12.166666984558105,12.166666984558105,11.826666831970215,11.886667251586914,79200
2004-12-22,10.239670753479004,12.015000343322754,12.324999809265137,12.015000343322754,12.026666641235352,136200
2004-12-23,10.127458572387695,11.883333206176758,12.251667022705078,11.883333206176758,12.229999542236328,129600
2004-12-27,10.01382827758789,11.75,12.178333282470703,11.69333267211914,11.99666690826416,236400
2004-12-28,10.212681770324707,11.983332633972168,12.151666641235352,11.816666603088379,12.076666831970215,159600
2004-12-29,10.25103759765625,12.028332710266113,12.243332862854004,11.883333206176758,11.883333206176758,69600
2004-12-30,10.145925521850586,11.904999732971191,12.051667213439941,11.899999618530273,12.020000457763672,94800
2004-12-31,10.171491622924805,11.9350004196167,12.03166675567627,11.835000038146973,11.853333473205566,55200
2005-01-03,10.162971496582031,11.925000190734863,12.104999542236328,11.699999809265137,11.699999809265137,175200
2005-01-04,10.107573509216309,11.859999656677246,12.095000267028809,11.696666717529297,11.984999656677246,214800
2005-01-05,9.523791313171387,11.175000190734863,11.903332710266113,11.175000190734863,11.903332710266113,239400
2005-01-06,9.741110801696777,11.430000305175781,11.683333396911621,11.166666984558105,11.166666984558105,232800
2005-01-07,9.410155296325684,11.041666984558105,11.585000038146973,11.041666984558105,11.521666526794434,141000
2005-01-10,9.660149574279785,11.335000038146973,11.4399995803833,11.005000114440918,11.005000114440918,180000
2005-01-11,9.556456565856934,11.213333129882812,11.354999542236328,11.051667213439941,11.316666603088379,82200
2005-01-12,9.729747772216797,11.416666984558105,11.539999961853027,11.24666690826416,11.24666690826416,102600
2005-01-13,9.699918746948242,11.381667137145996,11.604999542236328,11.1850004196167,11.604999542236328,106200
2005-01-14,9.917242050170898,11.636667251586914,11.646666526794434,11.186667442321777,11.545000076293945,153000
2005-01-18,9.884571075439453,11.598333358764648,11.725000381469727,11.416666984558105,11.416666984558105,186600
2005-01-19,9.731165885925293,11.418333053588867,11.821666717529297,11.418333053588867,11.761667251586914,186600
2005-01-20,9.603331565856934,11.268333435058594,11.411666870117188,11.220000267028809,11.300000190734863,146400
2005-01-21,9.81923770904541,11.521666526794434,11.529999732971191,11.101667404174805,11.493332862854004,204000
2005-01-24,9.428619384765625,11.063332557678223,11.498332977294922,11.024999618530273,11.441666603088379,208200
2005-01-25,9.38175106048584,11.008333206176758,11.385000228881836,11.008333206176758,11.37166690826416,162000
2005-01-26,9.931445121765137,11.653332710266113,11.653332710266113,11.286666870117188,11.40666675567627,156000
2005-01-27,10.103316307067871,11.854999542236328,11.854999542236328,11.520000457763672,11.618332862854004,129000
2005-01-28,9.979740142822266,11.710000038146973,11.831666946411133,11.625,11.773332595825195,163800
2005-01-31,10.118941307067871,11.873332977294922,11.893333435058594,11.734999656677246,11.778332710266113,130800
2005-02-01,10.290804862976074,12.074999809265137,12.09333324432373,11.888333320617676,11.916666984558105,202800
2005-02-02,10.3504638671875,12.145000457763672,12.145000457763672,11.716667175292969,12.081666946411133,310800
2005-02-03,10.376030921936035,12.175000190734863,12.196666717529297,11.925000190734863,12.126667022705078,178200
2005-02-04,10.635961532592773,12.479999542236328,12.483332633972168,12.111666679382324,12.111666679382324,131400
2005-02-07,10.56778335571289,12.399999618530273,12.493332862854004,12.346667289733887,12.396666526794434,65400
2005-02-08,10.439949035644531,12.25,12.359999656677246,12.168333053588867,12.258333206176758,83400
2005-02-09,10.103316307067871,11.854999542236328,12.348333358764648,11.8149995803833,12.173333168029785,190200
2005-02-10,10.162971496582031,11.925000190734863,12.041666984558105,11.821666717529297,11.925000190734863,216000
2005-02-11,10.235664367675781,11.96833324432373,12.016667366027832,11.755000114440918,12.016667366027832,91800
2005-02-14,10.372505187988281,12.12833309173584,12.12833309173584,11.84333324432373,12.041666984558105,55800
2005-02-15,10.309786796569824,12.055000305175781,12.136667251586914,11.903332710266113,11.908332824707031,176400
2005-02-16,10.369651794433594,12.125,12.15999984741211,11.925000190734863,11.998332977294922,191400
2005-02-17,10.341143608093262,12.091667175292969,12.166666984558105,12.03833293914795,12.164999961853027,192000
2005-02-18,10.373927116394043,12.130000114440918,12.15999984741211,12.033332824707031,12.15999984741211,223200
2005-02-22,10.362524032592773,12.116666793823242,12.164999961853027,11.973333358764648,11.99666690826416,390000
2005-02-23,10.34969711303711,12.101667404174805,12.164999961853027,12.033332824707031,12.033332824707031,213000
2005-02-24,10.44804573059082,12.216667175292969,12.216667175292969,12.03499984741211,12.141667366027832,138600
2005-02-25,10.419533729553223,12.183333396911621,12.21166706085205,12.041666984558105,12.125,147600
2005-02-28,10.432368278503418,12.198332786560059,12.266667366027832,12.071666717529297,12.266667366027832,445800
2005-03-01,10.534994125366211,12.31833267211914,12.356666564941406,12.136667251586914,12.199999809265137,306600
2005-03-02,10.497932434082031,12.274999618530273,12.458333015441895,12.183333396911621,12.183333396911621,134400
2005-03-03,10.50220775604248,12.279999732971191,12.375,12.175000190734863,12.375,171000
2005-03-04,10.510766983032227,12.289999961853027,12.375,12.21833324432373,12.375,145800
2005-03-07,10.512187004089355,12.291666984558105,12.433333396911621,12.19333267211914,12.416666984558105,186000
2005-03-08,10.470852851867676,12.243332862854004,12.31833267211914,12.183333396911621,12.199999809265137,162600
2005-03-09,10.221409797668457,11.951666831970215,12.1850004196167,11.951666831970215,12.183333396911621,82200
2005-03-10,10.083144187927246,11.789999961853027,12.114999771118164,11.666666984558105,11.926667213439941,196800
2005-03-11,10.201457023620605,11.928333282470703,11.954999923706055,11.733332633972168,11.831666946411133,138600
2005-03-14,10.265596389770508,12.00333309173584,12.0649995803833,11.808333396911621,11.808333396911621,82200
2005-03-15,10.219986915588379,11.949999809265137,12.161666870117188,11.946666717529297,11.946666717529297,108000
2005-03-16,10.244220733642578,11.978333473205566,12.015000343322754,11.921667098999023,12.0,91800
2005-03-17,10.281275749206543,12.021666526794434,12.158332824707031,11.875,11.875,62400
2005-03-18,10.242791175842285,11.976667404174805,12.15666675567627,11.916666984558105,12.15666675567627,356400
2005-03-21,10.34969711303711,12.101667404174805,12.108332633972168,11.960000038146973,12.091667175292969,66000
2005-03-22,10.227109909057617,11.958333015441895,12.265000343322754,11.958333015441895,12.083333015441895,54600
2005-03-23,10.120207786560059,11.833333015441895,12.0,11.833333015441895,12.0,73800
2005-03-24,10.227109909057617,11.958333015441895,12.133333206176758,11.958333015441895,11.983332633972168,105600
2005-03-28,10.274147987365723,12.013333320617676,12.066666603088379,11.899999618530273,11.899999618530273,57600
2005-03-29,10.120207786560059,11.833333015441895,12.024999618530273,11.833333015441895,11.899999618530273,164400
2005-03-30,10.265596389770508,12.00333309173584,12.085000038146973,11.83666706085205,11.893333435058594,101400
2005-03-31,10.219986915588379,11.949999809265137,12.0649995803833,11.875,11.888333320617676,180600
2005-04-01,10.120207786560059,11.833333015441895,11.988332748413086,11.833333015441895,11.893333435058594,156600
2005-04-04,10.090276718139648,11.798333168029785,11.891667366027832,11.774999618530273,11.833333015441895,73200
2005-04-05,10.01330852508545,11.708333015441895,11.856666564941406,11.704999923706055,11.805000305175781,114000
2005-04-06,9.923505783081055,11.603333473205566,11.850000381469727,11.601667404174805,11.813332557678223,207000
2005-04-07,9.977670669555664,11.666666984558105,11.680000305175781,11.50333309173584,11.680000305175781,144000
2005-04-08,9.642701148986816,11.274999618530273,11.62833309173584,11.261667251586914,11.613332748413086,57000
2005-04-11,9.494468688964844,11.101667404174805,11.388333320617676,11.101667404174805,11.388333320617676,133800
2005-04-12,9.59852409362793,11.223333358764648,11.271666526794434,10.703332901000977,11.08666706085205,180600
2005-04-13,9.380443572998047,10.96833324432373,11.376667022705078,10.966667175292969,11.223333358764648,58200
2005-04-14,9.125292778015137,10.670000076293945,10.925000190734863,10.670000076293945,10.84333324432373,139200
2005-04-15,8.711934089660645,10.186667442321777,10.993332862854004,10.153332710266113,10.649999618530273,225000
2005-04-18,9.048323631286621,10.579999923706055,10.581666946411133,10.041666984558105,10.109999656677246,291600
2005-04-19,9.193717002868652,10.75,10.793333053588867,10.526666641235352,10.526666641235352,153000
2005-04-20,9.123866081237793,10.668333053588867,10.831666946411133,10.518333435058594,10.58666706085205,192600
2005-04-21,9.330547332763672,10.90999984741211,11.079999923706055,10.614999771118164,10.6850004196167,82800
2005-04-22,9.299185752868652,10.873332977294922,11.141667366027832,10.673333168029785,10.911666870117188,78000
2005-04-25,8.961369514465332,10.478333473205566,11.063332557678223,10.363332748413086,11.063332557678223,180600
2005-04-26,9.475936889648438,11.079999923706055,11.658332824707031,10.460000038146973,10.738332748413086,451800
2005-04-27,10.178650856018066,11.901666641235352,12.0,10.958333015441895,11.126667022705078,505800
2005-04-28,9.7510347366333,11.401666641235352,12.0649995803833,11.24666690826416,11.774999618530273,316200
2005-04-29,10.057490348815918,11.760000228881836,11.926667213439941,11.399999618530273,11.658332824707031,142200
2005-05-02,10.34399700164795,12.095000267028809,12.095000267028809,11.616666793823242,11.616666793823242,133800
2005-05-03,10.480831146240234,12.255000114440918,12.305000305175781,11.833333015441895,11.833333015441895,282600
2005-05-04,10.828619956970215,12.661666870117188,12.741666793823242,12.25,12.256667137145996,462000
2005-05-05,10.512187004089355,12.291666984558105,12.699999809265137,12.236666679382324,12.574999809265137,309000
2005-05-06,10.610541343688965,12.40666675567627,12.4350004196167,12.25,12.25,128400
2005-05-09,10.822921752929688,12.654999732971191,12.654999732971191,12.338333129882812,12.473333358764648,164400
2005-05-10,10.851432800292969,12.688332557678223,12.721667289733887,12.399999618530273,12.399999618530273,154200
2005-05-11,10.9369535446167,12.78833293914795,12.886667251586914,12.553333282470703,12.600000381469727,135000
2005-05-12,10.68608570098877,12.494999885559082,12.890000343322754,12.494999885559082,12.890000343322754,116400
2005-05-13,10.438070297241211,12.204999923706055,12.686667442321777,12.119999885559082,12.686667442321777,114000
2005-05-16,10.78991413116455,12.573332786560059,12.573332786560059,12.210000038146973,12.478333473205566,144000
2005-05-17,10.645454406738281,12.404999732971191,12.5,12.248332977294922,12.421667098999023,181800
2005-05-18,11.084550857543945,12.916666984558105,12.970000267028809,12.358332633972168,12.616666793823242,219600
2005-05-19,11.227575302124023,13.083333015441895,13.16333293914795,12.904999732971191,12.904999732971191,152400
2005-05-20,11.106001853942871,12.941666603088379,13.166666984558105,12.876667022705078,13.166666984558105,279000
2005-05-23,11.00731086730957,12.826666831970215,12.994999885559082,12.69333267211914,12.994999885559082,184200
2005-05-24,10.829964637756348,12.619999885559082,12.744999885559082,12.515000343322754,12.638333320617676,256200
2005-05-25,10.778470993041992,12.5600004196167,12.833333015441895,12.46500015258789,12.833333015441895,301200
2005-05-26,10.980140686035156,12.795000076293945,12.8100004196167,12.5,12.708333015441895,136800
2005-05-27,11.091699600219727,12.925000190734863,13.0,12.635000228881836,12.741666793823242,187800
2005-05-31,11.065956115722656,12.895000457763672,13.12166690826416,12.78166675567627,13.069999694824219,168000
2005-06-01,11.323400497436523,13.194999694824219,13.220000267028809,12.875,13.0,238800
2005-06-02,11.25331974029541,13.113332748413086,13.479999542236328,12.958333015441895,13.210000038146973,441000
2005-06-03,11.1203031539917,12.958333015441895,13.066666603088379,12.831666946411133,13.001667022705078,70800
2005-06-06,11.187531471252441,13.036666870117188,13.069999694824219,12.823332786560059,12.869999885559082,80400
2005-06-07,11.29908561706543,13.166666984558105,13.251667022705078,12.846667289733887,13.103333473205566,139800
2005-06-08,11.387767791748047,13.270000457763672,13.319999694824219,13.130000114440918,13.319999694824219,309000
2005-06-09,11.525069236755371,13.430000305175781,13.448332786560059,13.083333015441895,13.233332633972168,275400
2005-06-10,11.47787094116211,13.375,13.433333396911621,13.316666603088379,13.433333396911621,81600
2005-06-13,11.583709716796875,13.498332977294922,13.498332977294922,13.333333015441895,13.333333015441895,92400
2005-06-14,11.628046035766602,13.550000190734863,13.550000190734863,13.333333015441895,13.463333129882812,291000
2005-06-15,11.938417434692383,13.911666870117188,13.91333293914795,13.579999923706055,13.579999923706055,264600
2005-06-16,12.461897850036621,14.521666526794434,14.53499984741211,13.886667251586914,13.899999618530273,358200
2005-06-17,12.36034107208252,14.403332710266113,14.616666793823242,14.388333320617676,14.524999618530273,505200
2005-06-20,12.01279067993164,13.998332977294922,14.4399995803833,13.978333473205566,14.4399995803833,273000
2005-06-21,12.017083168029785,14.00333309173584,14.036666870117188,13.863332748413086,14.033332824707031,75600
2005-06-22,12.128643989562988,14.133333206176758,14.313332557678223,14.055000305175781,14.166666984558105,125400
2005-06-23,12.19300651550293,14.208333015441895,14.533332824707031,14.036666870117188,14.050000190734863,160200
2005-06-24,11.809693336486816,13.761667251586914,14.46833324432373,13.515000343322754,14.12166690826416,236400
2005-06-27,11.719585418701172,13.65666675567627,13.728333473205566,13.411666870117188,13.666666984558105,104400
2005-06-28,12.061416625976562,14.055000305175781,14.071666717529297,13.58666706085205,13.858332633972168,126600
2005-06-29,12.378937721252441,14.425000190734863,14.425000190734863,13.918333053588867,14.118332862854004,121200
2005-06-30,12.01850700378418,14.005000114440918,14.399999618530273,13.87833309173584,14.399999618530273,126600
2005-07-01,12.453311920166016,14.511667251586914,14.511667251586914,14.058333396911621,14.145000457763672,164400
2005-07-05,12.70217514038086,14.801667213439941,14.803333282470703,14.260000228881836,14.31833267211914,162600
2005-07-06,12.687874794006348,14.78499984741211,14.971667289733887,14.741666793823242,14.954999923706055,146400
2005-07-07,12.340322494506836,14.380000114440918,14.8149995803833,14.196666717529297,14.636667251586914,272400
2005-07-08,12.479057312011719,14.541666984558105,14.666666984558105,14.368332862854004,14.408332824707031,171000
2005-07-11,12.586328506469727,14.666666984558105,14.991666793823242,14.399999618530273,14.686667442321777,431400
2005-07-12,12.802301406860352,14.918333053588867,14.99666690826416,14.520000457763672,14.520000457763672,129000
2005-07-13,12.500513076782227,14.566666603088379,14.975000381469727,14.324999809265137,14.975000381469727,127800
2005-07-14,12.231621742248535,14.25333309173584,14.833333015441895,14.166666984558105,14.756667137145996,184800
2005-07-15,12.273099899291992,14.301667213439941,14.351667404174805,13.891667366027832,14.21833324432373,315600
2005-07-18,11.916962623596191,13.886667251586914,14.278332710266113,13.803333282470703,14.278332710266113,93600
2005-07-19,12.697888374328613,14.796667098999023,14.850000381469727,14.016667366027832,14.0600004196167,163200
2005-07-20,12.779412269592285,14.891667366027832,14.891667366027832,14.533332824707031,14.729999542236328,184200
2005-07-21,12.584895133972168,14.664999961853027,14.891667366027832,14.566666603088379,14.891667366027832,121800
2005-07-22,12.80086898803711,14.916666984558105,14.916666984558105,14.526666641235352,14.545000076293945,115200
2005-07-25,12.549139022827148,14.623332977294922,14.916666984558105,14.569999694824219,14.851667404174805,60000
2005-07-26,12.234481811523438,14.256667137145996,14.563332557678223,14.196666717529297,14.563332557678223,146400
2005-07-27,12.320297241210938,14.356666564941406,14.606666564941406,14.331666946411133,14.333333015441895,145200
2005-07-28,12.486204147338867,14.550000190734863,14.828332901000977,14.266667366027832,14.416666984558105,193800
2005-07-29,12.830901145935059,14.951666831970215,14.975000381469727,14.449999809265137,14.449999809265137,213000
2005-08-01,12.852354049682617,14.976667404174805,14.991666793823242,14.729999542236328,14.986666679382324,157800
2005-08-02,12.531975746154785,14.603333473205566,15.0,14.404999732971191,14.976667404174805,292200
2005-08-03,12.560580253601074,14.636667251586914,14.84333324432373,14.550000190734863,14.666666984558105,133800
2005-08-04,12.065709114074707,14.0600004196167,14.636667251586914,14.0600004196167,14.41333293914795,151800
2005-08-05,11.738179206848145,13.678333282470703,14.204999923706055,13.678333282470703,14.204999923706055,112800
2005-08-08,12.01422119140625,14.0,14.005000114440918,13.751667022705078,13.918333053588867,78000
2005-08-09,11.921257019042969,13.891667366027832,14.083333015441895,13.861666679382324,13.861666679382324,37800
2005-08-10,12.191572189331055,14.206666946411133,14.446666717529297,14.010000228881836,14.023332595825195,171000
2005-08-11,12.24592399597168,14.270000457763672,14.438332557678223,14.131667137145996,14.176667213439941,132600
2005-08-12,12.19300651550293,14.208333015441895,14.316666603088379,14.158332824707031,14.216667175292969,177000
2005-08-15,12.130072593688965,14.135000228881836,14.25,14.135000228881836,14.208333015441895,75600
2005-08-16,11.871713638305664,13.78499984741211,14.449999809265137,13.71833324432373,14.06833267211914,154800
2005-08-17,11.850184440612793,13.760000228881836,13.983332633972168,13.666666984558105,13.760000228881836,46800
2005-08-18,11.708081245422363,13.595000267028809,13.8100004196167,13.583333015441895,13.710000038146973,94800
2005-08-19,11.930564880371094,13.853333473205566,13.9350004196167,13.583333015441895,13.583333015441895,46800
2005-08-22,12.174567222595215,14.136667251586914,14.136667251586914,13.826666831970215,14.0,56400
2005-08-23,12.003759384155273,13.938332557678223,14.188332557678223,13.885000228881836,14.09333324432373,53400
2005-08-24,11.769803047180176,13.666666984558105,14.010000228881836,13.666666984558105,13.773332595825195,122400
2005-08-25,11.91190242767334,13.831666946411133,13.84333324432373,13.583333015441895,13.625,63000
2005-08-26,11.69803524017334,13.583333015441895,13.771666526794434,13.583333015441895,13.728333473205566,83400
2005-08-29,11.801374435424805,13.703332901000977,13.744999885559082,13.516667366027832,13.608332633972168,79200
2005-08-30,11.534405708312988,13.393333435058594,13.558333396911621,13.333333015441895,13.506667137145996,100200
2005-08-31,11.705208778381348,13.591667175292969,13.658332824707031,13.283332824707031,13.493332862854004,162600
2005-09-01,11.68081283569336,13.563332557678223,13.573332786560059,13.416666984558105,13.508333206176758,151200
2005-09-02,11.497082710266113,13.350000381469727,13.53499984741211,13.243332862854004,13.5,124800
2005-09-06,11.985098838806152,13.916666984558105,14.164999961853027,13.34333324432373,13.4350004196167,243000
2005-09-07,12.006632804870605,13.941666603088379,13.994999885559082,13.771666526794434,13.891667366027832,63000
2005-09-08,11.992281913757324,13.925000190734863,13.926667213439941,13.708333015441895,13.78166675567627,105600
2005-09-09,12.151603698730469,14.109999656677246,14.109999656677246,13.953332901000977,13.953332901000977,57600
2005-09-12,12.750141143798828,14.805000305175781,14.833333015441895,14.048333168029785,14.083333015441895,255000
2005-09-13,12.250639915466309,14.225000381469727,14.713333129882812,14.183333396911621,14.713333129882812,151200
2005-09-14,12.033907890319824,13.973333358764648,14.359999656677246,13.791666984558105,14.359999656677246,189000
2005-09-15,11.963576316833496,13.891667366027832,13.983332633972168,13.875,13.981666564941406,154200
2005-09-16,11.949216842651367,13.875,14.00333309173584,13.84333324432373,14.00333309173584,520800
2005-09-19,11.564545631408691,13.428333282470703,13.835000038146973,13.354999542236328,13.835000038146973,83400
2005-09-20,11.165520668029785,12.96500015258789,13.46166706085205,12.93166732788086,13.46166706085205,127200
2005-09-21,11.329145431518555,13.154999732971191,13.449999809265137,12.631667137145996,12.96833324432373,268800
2005-09-22,11.458334922790527,13.305000305175781,13.583333015441895,13.055000305175781,13.216667175292969,283200
2005-09-23,11.769803047180176,13.666666984558105,13.763333320617676,13.260000228881836,13.274999618530273,126600
2005-09-26,12.128636360168457,14.083333015441895,14.108332633972168,13.743332862854004,13.743332862854004,125400
2005-09-27,12.19322681427002,14.158332824707031,14.28166675567627,13.81833267211914,14.071666717529297,170400
2005-09-28,11.670763969421387,13.551667213439941,13.979999542236328,13.399999618530273,13.956666946411133,49200
2005-09-29,12.168828964233398,14.130000114440918,14.143333435058594,13.688332557678223,13.748332977294922,76200
2005-09-30,12.20758056640625,14.175000190734863,14.199999809265137,14.0,14.199999809265137,91800
2005-10-03,12.351113319396973,14.341667175292969,14.651666641235352,14.220000267028809,14.25,156000
2005-10-04,12.384129524230957,14.380000114440918,14.588333129882812,14.301667213439941,14.341667175292969,97200
2005-10-05,11.6492338180542,13.526666641235352,14.331666946411133,13.526666641235352,14.300000190734863,278400
2005-10-06,11.388002395629883,13.223333358764648,13.733332633972168,13.158332824707031,13.524999618530273,105000
2005-10-07,11.666454315185547,13.546667098999023,13.686667442321777,13.24666690826416,13.348333358764648,45000
2005-10-10,11.4296236038208,13.271666526794434,13.738332748413086,13.270000457763672,13.566666603088379,57600
2005-10-11,11.38082504272461,13.21500015258789,13.383333206176758,13.175000190734863,13.380000114440918,118200
2005-10-12,11.34206771850586,13.170000076293945,13.273332595825195,12.96833324432373,13.1899995803833,82800
2005-10-13,11.443976402282715,13.28833293914795,13.441666603088379,13.018333435058594,13.103333473205566,63000
2005-10-14,11.366471290588379,13.198332786560059,13.454999923706055,13.088333129882812,13.454999923706055,66600
2005-10-17,11.151166915893555,12.948332786560059,13.300000190734863,12.858332633972168,13.300000190734863,69000
2005-10-18,10.94448184967041,12.708333015441895,13.293333053588867,12.686667442321777,12.908332824707031,156600
2005-10-19,11.346378326416016,13.175000190734863,13.283332824707031,12.550000190734863,12.648332595825195,129600
2005-10-20,11.069355964660645,12.853333473205566,13.348333358764648,12.760000228881836,13.166666984558105,47400
2005-10-21,11.210017204284668,13.016667366027832,13.166666984558105,12.760000228881836,12.760000228881836,187200
2005-10-24,11.445413589477539,13.289999961853027,13.331666946411133,13.013333320617676,13.05666732788086,105600
2005-10-25,11.280345916748047,13.098333358764648,13.438332557678223,13.026666641235352,13.18166732788086,44400
2005-10-26,11.278913497924805,13.096667289733887,13.448332786560059,13.058333396911621,13.229999542236328,83400
2005-10-27,10.925816535949707,12.686667442321777,13.241666793823242,12.653332710266113,13.006667137145996,73800
2005-10-28,11.260254859924316,13.074999809265137,13.074999809265137,12.773332595825195,12.811667442321777,81000
2005-10-31,11.468377113342285,13.316666603088379,13.533332824707031,13.0,13.0,165600
2005-11-01,11.034903526306152,12.813332557678223,13.268333435058594,12.744999885559082,13.236666679382324,208800
2005-11-02,11.432497024536133,13.274999618530273,13.274999618530273,12.896666526794434,12.925000190734863,49200
2005-11-03,11.553061485290527,13.414999961853027,13.691666603088379,13.403332710266113,13.414999961853027,104400
2005-11-04,11.755444526672363,13.649999618530273,13.649999618530273,13.396666526794434,13.598333358764648,43200
2005-11-07,11.778411865234375,13.676667213439941,13.729999542236328,13.363332748413086,13.641667366027832,139200
2005-11-08,11.375085830688477,13.208333015441895,13.585000038146973,13.096667289733887,13.510000228881836,106800
2005-11-09,11.39661693572998,13.233332633972168,13.316666603088379,13.041666984558105,13.316666603088379,29400
2005-11-10,11.340632438659668,13.168333053588867,13.316666603088379,12.766667366027832,13.316666603088379,67800
2005-11-11,11.375085830688477,13.208333015441895,13.426667213439941,13.008333206176758,13.008333206176758,72600
2005-11-14,11.344942092895508,13.173333168029785,13.208333015441895,13.041666984558105,13.12166690826416,10200
2005-11-15,11.125938415527344,12.869999885559082,13.458333015441895,12.869999885559082,13.313332557678223,85200
2005-11-16,10.990501403808594,12.713333129882812,12.893333435058594,12.673333168029785,12.833333015441895,33600
2005-11-17,11.187889099121094,12.941666603088379,13.0,12.595000267028809,12.595000267028809,42000
2005-11-18,11.190773010253906,12.944999694824219,13.151666641235352,12.868332862854004,13.151666641235352,52800
2005-11-21,11.757014274597168,13.600000381469727,13.883333206176758,13.033332824707031,13.033332824707031,86400
2005-11-22,11.530805587768555,13.338333129882812,13.831666946411133,12.921667098999023,13.744999885559082,202200
2005-11-23,11.670560836791992,13.5,13.666666984558105,13.5,13.5,86400
2005-11-25,11.78150749206543,13.62833309173584,13.62833309173584,13.34000015258789,13.34000015258789,12600
2005-11-28,11.60572338104248,13.425000190734863,13.831666946411133,13.260000228881836,13.831666946411133,92400
2005-11-29,11.592761993408203,13.40999984741211,13.616666793823242,13.258333206176758,13.545000076293945,64200
2005-11-30,11.767096519470215,13.611666679382324,13.62166690826416,13.220000267028809,13.438332557678223,191400
2005-12-01,12.282909393310547,14.208333015441895,14.208333015441895,13.59333324432373,13.630000114440918,159600
2005-12-02,11.977458000183105,13.854999542236328,14.244999885559082,13.670000076293945,13.873332977294922,124800
2005-12-05,12.202217102050781,14.114999771118164,14.16333293914795,13.619999885559082,13.680000305175781,96000
2005-12-06,12.0711088180542,13.963333129882812,14.24666690826416,13.883333206176758,14.24666690826416,67800
2005-12-07,11.670560836791992,13.5,13.524999618530273,13.416666984558105,13.524999618530273,165000
2005-12-08,11.988986015319824,13.868332862854004,13.899999618530273,13.265000343322754,13.331666946411133,369000
2005-12-09,12.177724838256836,14.08666706085205,14.283332824707031,13.84333324432373,13.908332824707031,218400
2005-12-12,12.288666725158691,14.21500015258789,14.239999771118164,14.125,14.228333473205566,118200
2005-12-13,12.271382331848145,14.194999694824219,14.194999694824219,13.975000381469727,14.106666564941406,67200
2005-12-14,12.363595962524414,14.301667213439941,14.350000381469727,14.074999809265137,14.1899995803833,91800
2005-12-15,12.062460899353027,13.953332901000977,14.226667404174805,13.883333206176758,14.1899995803833,118800
2005-12-16,11.68497085571289,13.516667366027832,14.166666984558105,13.515000343322754,13.891667366027832,565200
2005-12-19,11.468850135803223,13.266667366027832,13.71166706085205,13.260000228881836,13.476667404174805,142200
2005-12-20,11.692176818847656,13.524999618530273,13.636667251586914,13.28499984741211,13.456666946411133,180600
2005-12-21,11.899651527404785,13.765000343322754,13.78166675567627,13.588333129882812,13.613332748413086,174000
2005-12-22,12.02788257598877,13.91333293914795,14.05666732788086,13.776666641235352,13.833333015441895,106800
2005-12-23,12.408256530761719,14.353333473205566,14.449999809265137,13.835000038146973,14.021666526794434,325800
2005-12-27,12.390969276428223,14.333333015441895,14.483332633972168,14.256667137145996,14.449999809265137,129000
2005-12-28,12.32901382446289,14.261667251586914,14.416666984558105,14.243332862854004,14.416666984558105,80400
2005-12-29,12.464447021484375,14.418333053588867,14.553333282470703,14.251667022705078,14.298333168029785,79800
2005-12-30,12.392411231994629,14.335000038146973,14.5,14.298333168029785,14.341667175292969,124800
2006-01-03,12.679130554199219,14.666666984558105,14.666666984558105,14.30666732788086,14.539999961853027,121200
2006-01-04,12.775663375854492,14.778332710266113,14.951666831970215,14.5600004196167,14.5600004196167,141600
2006-01-05,12.80159854888916,14.808333396911621,14.899999618530273,14.744999885559082,14.833333015441895,74400
2006-01-06,13.200704574584961,15.270000457763672,15.456666946411133,14.816666603088379,14.936667442321777,144600
2006-01-09,13.320294380187988,15.408332824707031,15.433333396911621,15.130000114440918,15.166666984558105,390600
2006-01-10,13.109938621520996,15.164999961853027,15.403332710266113,14.921667098999023,15.333333015441895,132600
2006-01-11,12.76557445526123,14.766667366027832,15.053333282470703,14.728333473205566,15.053333282470703,125400
2006-01-12,12.529290199279785,14.493332862854004,14.770000457763672,14.478333473205566,14.761667251586914,67200
2006-01-13,12.52784538269043,14.491666793823242,14.619999885559082,14.479999542236328,14.619999885559082,49200
2006-01-17,12.463008880615234,14.416666984558105,14.539999961853027,14.333333015441895,14.470000267028809,67200
2006-01-18,12.434192657470703,14.383333206176758,14.526666641235352,14.208333015441895,14.208333015441895,87600
2006-01-19,12.63302230834961,14.613332748413086,14.805000305175781,14.260000228881836,14.471667289733887,140400
2006-01-20,12.584035873413086,14.55666732788086,14.8149995803833,14.523332595825195,14.8149995803833,89400
2006-01-23,12.48173999786377,14.438332557678223,14.8100004196167,14.21833324432373,14.8100004196167,88200
2006-01-24,12.392411231994629,14.335000038146973,14.451666831970215,14.168333053588867,14.168333053588867,229800
2006-01-25,12.90101432800293,14.923333168029785,15.140000343322754,14.444999694824219,14.553333282470703,500400
2006-01-26,13.353428840637207,15.446666717529297,15.448332786560059,15.036666870117188,15.178333282470703,328800
2006-01-27,13.11137580871582,15.166666984558105,15.563332557678223,15.026666641235352,15.494999885559082,247200
2006-01-30,13.462928771972656,15.573332786560059,15.664999961853027,15.098333358764648,15.398332595825195,152400
2006-01-31,13.478781700134277,15.591667175292969,15.666666984558105,15.319999694824219,15.630000114440918,347400
2006-02-01,13.526329040527344,15.646666526794434,15.729999542236328,15.393333435058594,15.704999923706055,121200
2006-02-02,13.35775375366211,15.451666831970215,15.698332786560059,15.335000038146973,15.335000038146973,301200
2006-02-03,13.072469711303711,15.12166690826416,15.666666984558105,15.12166690826416,15.369999885559082,137400
2006-02-06,13.543619155883789,15.666666984558105,15.666666984558105,15.188332557678223,15.234999656677246,154200
2006-02-07,13.797204971313477,15.960000038146973,16.17333221435547,15.46500015258789,15.666666984558105,304800
2006-02-08,13.82169246673584,15.988332748413086,16.106666564941406,15.833333015441895,16.106666564941406,150600
2006-02-09,13.831778526306152,16.0,16.190000534057617,15.841667175292969,16.190000534057617,142800
2006-02-10,13.831778526306152,16.0,16.183332443237305,15.800000190734863,16.183332443237305,42600
2006-02-13,13.732478141784668,15.835000038146973,15.960000038146973,15.71833324432373,15.833333015441895,134400
2006-02-14,14.090930938720703,16.248332977294922,16.321666717529297,15.596667289733887,15.736666679382324,166800
2006-02-15,14.352542877197266,16.549999237060547,16.579999923706055,15.430000305175781,16.395000457763672,224200
2006-02-16,14.612714767456055,16.850000381469727,17.0,16.53499984741211,17.0,267600
2006-02-17,14.261488914489746,16.44499969482422,16.850000381469727,16.059999465942383,16.850000381469727,297800
2006-02-21,14.118396759033203,16.280000686645508,16.604999542236328,16.0,16.604999542236328,247000
2006-02-22,14.20078182220459,16.375,16.524999618530273,16.19499969482422,16.299999237060547,264000
2006-02-23,14.20078182220459,16.375,16.4950008392334,16.184999465942383,16.229999542236328,284200
2006-02-24,14.330863952636719,16.524999618530273,16.670000076293945,16.020000457763672,16.454999923706055,377600
2006-02-27,14.439269065856934,16.649999618530273,16.764999389648438,16.4950008392334,16.69499969482422,325800
2006-02-28,13.9406156539917,16.075000762939453,16.6200008392334,16.020000457763672,16.405000686645508,261600
2006-03-01,14.395913124084473,16.600000381469727,16.65999984741211,15.875,16.114999771118164,115000
2006-03-02,14.23980712890625,16.420000076293945,16.655000686645508,16.200000762939453,16.639999389648438,145600
2006-03-03,13.962297439575195,16.100000381469727,16.489999771118164,16.059999465942383,16.299999237060547,138000
2006-03-06,13.632745742797852,15.720000267028809,16.184999465942383,15.414999961853027,16.125,207600
2006-03-07,13.732478141784668,15.835000038146973,15.96500015258789,15.505000114440918,15.649999618530273,135400
2006-03-08,13.9406156539917,16.075000762939453,16.135000228881836,15.625,15.8149995803833,225200
2006-03-09,13.827878952026367,15.944999694824219,16.19499969482422,15.875,16.19499969482422,103000
2006-03-10,13.953624725341797,16.09000015258789,16.184999465942383,15.779999732971191,16.0049991607666,105400
2006-03-13,13.944950103759766,16.079999923706055,16.34000015258789,15.699999809265137,16.110000610351562,199400
2006-03-14,14.1400785446167,16.30500030517578,16.424999237060547,15.899999618530273,15.96500015258789,310400
2006-03-15,14.317856788635254,16.510000228881836,16.68000030517578,16.165000915527344,16.389999389648438,271600
2006-03-16,14.196449279785156,16.3700008392334,16.8799991607666,16.31999969482422,16.674999237060547,75800
2006-03-17,14.352542877197266,16.549999237060547,16.735000610351562,16.350000381469727,16.450000762939453,480200
2006-03-20,14.38290023803711,16.584999084472656,16.790000915527344,16.354999542236328,16.625,194600
2006-03-21,14.309185981750488,16.5,16.725000381469727,16.270000457763672,16.5,188000
2006-03-22,14.343873023986816,16.540000915527344,16.674999237060547,16.2450008392334,16.440000534057617,133800
2006-03-23,14.4522705078125,16.665000915527344,16.704999923706055,16.43000030517578,16.594999313354492,63400
2006-03-24,14.356886863708496,16.55500030517578,16.790000915527344,16.395000457763672,16.549999237060547,131600
2006-03-27,14.348210334777832,16.545000076293945,16.645000457763672,16.450000762939453,16.645000457763672,76000
2006-03-28,14.309185981750488,16.5,16.899999618530273,16.4950008392334,16.4950008392334,119400
2006-03-29,14.612714767456055,16.850000381469727,16.975000381469727,16.5,16.584999084472656,156400
2006-03-30,14.365551948547363,16.565000534057617,16.954999923706055,16.25,16.834999084472656,94200
2006-03-31,14.417584419250488,16.625,16.735000610351562,16.3799991607666,16.735000610351562,108400
2006-04-03,14.313519477844238,16.5049991607666,16.834999084472656,16.329999923706055,16.625,117400
2006-04-04,14.673418998718262,16.920000076293945,17.065000534057617,16.389999389648438,16.614999771118164,156600
2006-04-05,14.708109855651855,16.959999084472656,17.049999237060547,16.575000762939453,16.90999984741211,139200
2006-04-06,14.517315864562988,16.739999771118164,17.09000015258789,16.530000686645508,16.975000381469727,192800
2006-04-07,14.252811431884766,16.434999465942383,17.184999465942383,16.424999237060547,16.854999542236328,161600
2006-04-10,14.23980712890625,16.420000076293945,16.795000076293945,16.405000686645508,16.475000381469727,151600
2006-04-11,14.20078182220459,16.375,16.610000610351562,16.114999771118164,16.520000457763672,143200
2006-04-12,14.313519477844238,16.5049991607666,16.594999313354492,16.235000610351562,16.329999923706055,64600
2006-04-13,14.6517333984375,16.895000457763672,17.0,16.399999618530273,16.514999389648438,131800
2006-04-17,15.007303237915039,17.30500030517578,17.69499969482422,16.8700008392334,16.8700008392334,287000
2006-04-18,15.219773292541504,17.549999237060547,17.549999237060547,17.200000762939453,17.364999771118164,212600
2006-04-19,16.000274658203125,18.450000762939453,18.469999313354492,17.5049991607666,17.600000381469727,306200
2006-04-20,15.779128074645996,18.19499969482422,18.329999923706055,17.770000457763672,18.25,220800
2006-04-21,15.761784553527832,18.174999237060547,19.440000534057617,18.0,18.454999923706055,244200
2006-04-24,15.544978141784668,17.924999237060547,18.454999923706055,17.7549991607666,18.25,217200
2006-04-25,14.330863952636719,16.524999618530273,16.889999389648438,15.78499984741211,16.395000457763672,1510000
2006-04-26,14.742796897888184,17.0,17.299999237060547,16.360000610351562,16.510000228881836,529600
2006-04-27,14.430599212646484,16.639999389648438,16.954999923706055,16.415000915527344,16.954999923706055,353400
2006-04-28,14.851198196411133,17.125,17.200000762939453,16.434999465942383,16.520000457763672,194400
2006-05-01,14.38723373413086,16.59000015258789,17.315000534057617,16.549999237060547,17.049999237060547,199200
2006-05-02,14.556337356567383,16.78499984741211,17.0,16.459999084472656,16.65999984741211,263800
2006-05-03,14.686424255371094,16.934999465942383,17.0,16.510000228881836,16.915000915527344,232200
2006-05-04,14.573690414428711,16.80500030517578,17.079999923706055,16.700000762939453,16.979999542236328,283400
2006-05-05,14.547670364379883,16.774999618530273,17.0049991607666,16.774999618530273,17.0049991607666,194800
2006-05-08,14.742796897888184,17.0,17.2450008392334,16.610000610351562,16.649999618530273,171800
2006-05-09,14.773152351379395,17.03499984741211,17.079999923706055,16.924999237060547,16.985000610351562,133600
2006-05-10,14.734122276306152,16.989999771118164,17.125,16.94499969482422,17.049999237060547,159200
2006-05-11,14.604043006896973,16.84000015258789,17.040000915527344,16.80500030517578,16.94499969482422,174000
2006-05-12,14.456610679626465,16.670000076293945,16.8799991607666,16.639999389648438,16.774999618530273,242600
2006-05-15,14.05769157409668,16.209999084472656,16.71500015258789,16.0,16.5049991607666,324200
2006-05-16,14.410004615783691,16.565000534057617,16.665000915527344,16.114999771118164,16.270000457763672,162600
2006-05-17,14.344765663146973,16.489999771118164,16.600000381469727,16.114999771118164,16.375,286600
2006-05-18,14.30996322631836,16.450000762939453,16.760000228881836,16.389999389648438,16.625,432000
2006-05-19,13.93590259552002,16.020000457763672,16.764999389648438,15.770000457763672,16.299999237060547,320800
2006-05-22,13.835867881774902,15.904999732971191,16.209999084472656,15.524999618530273,15.9350004196167,307400
2006-05-23,13.58794116973877,15.619999885559082,16.155000686645508,15.5,16.014999389648438,266200
2006-05-24,13.52704906463623,15.550000190734863,15.864999771118164,15.085000038146973,15.574999809265137,408800
2006-05-25,13.583597183227539,15.614999771118164,15.765000343322754,15.510000228881836,15.765000343322754,314000
2006-05-26,13.709725379943848,15.760000228881836,15.854999542236328,15.59000015258789,15.770000457763672,132800
2006-05-30,13.318267822265625,15.3100004196167,15.760000228881836,15.3100004196167,15.649999618530273,151400
2006-05-31,13.770617485046387,15.829999923706055,15.829999923706055,15.359999656677246,15.414999961853027,247000
2006-06-01,13.861963272094727,15.9350004196167,16.094999313354492,15.529999732971191,15.930000305175781,226000
2006-06-02,13.744524955749512,15.800000190734863,16.184999465942383,15.6850004196167,16.0,202800
2006-06-05,13.039899826049805,14.989999771118164,16.040000915527344,14.899999618530273,15.680000305175781,398000
2006-06-06,12.809379577636719,14.725000381469727,15.335000038146973,14.399999618530273,15.050000190734863,328000
2006-06-07,12.883320808410645,14.8100004196167,15.244999885559082,14.729999542236328,14.78499984741211,538600
2006-06-08,13.170391082763672,15.140000343322754,15.329999923706055,14.59000015258789,14.770000457763672,285000
2006-06-09,12.892016410827637,14.819999694824219,15.220000267028809,14.765000343322754,15.204999923706055,266000
2006-06-12,12.791975975036621,14.704999923706055,15.024999618530273,14.694999694824219,14.765000343322754,252200
2006-06-13,12.674539566040039,14.569999694824219,14.930000305175781,14.5,14.739999771118164,300400
2006-06-14,12.765881538391113,14.675000190734863,14.824999809265137,14.470000267028809,14.625,179200
2006-06-15,12.826772689819336,14.744999885559082,14.864999771118164,14.640000343322754,14.850000381469727,409200
2006-06-16,12.848520278930664,14.770000457763672,14.9350004196167,14.699999809265137,14.699999809265137,875600
2006-06-19,12.278726577758789,14.114999771118164,14.885000228881836,14.015000343322754,14.875,199200
2006-06-20,12.087355613708496,13.895000457763672,14.239999771118164,13.880000114440918,14.0600004196167,159000
2006-06-21,12.335277557373047,14.180000305175781,14.244999885559082,13.765000343322754,14.0,248000
2006-06-22,12.256985664367676,14.09000015258789,14.25,13.895000457763672,14.175000190734863,150200
2006-06-23,12.287428855895996,14.125,14.279999732971191,13.789999961853027,14.055000305175781,109400
2006-06-26,12.700639724731445,14.600000381469727,14.645000457763672,14.244999885559082,14.244999885559082,169000
2006-06-27,12.378769874572754,14.229999542236328,14.9399995803833,14.140000343322754,14.654999732971191,195000
2006-06-28,12.313528060913086,14.154999732971191,14.4350004196167,13.930000305175781,14.324999809265137,209400
2006-06-29,13.287823677062988,15.274999618530273,15.329999923706055,14.239999771118164,14.260000228881836,272600
2006-06-30,13.270424842834473,15.255000114440918,15.515000343322754,15.154999732971191,15.34000015258789,336600
2006-07-03,13.366113662719727,15.364999771118164,15.604999542236328,15.274999618530273,15.604999542236328,101200
2006-07-05,13.144288063049316,15.109999656677246,15.194999694824219,14.920000076293945,15.09000015258789,104400
2006-07-06,13.092094421386719,15.050000190734863,15.345000267028809,14.970000267028809,15.170000076293945,170000
2006-07-07,12.944211959838867,14.880000114440918,15.454999923706055,14.875,14.96500015258789,130800
2006-07-10,12.944211959838867,14.880000114440918,15.114999771118164,14.675000190734863,14.875,102000
2006-07-11,13.32261848449707,15.3149995803833,15.319999694824219,14.829999923706055,14.829999923706055,165000
2006-07-12,12.822425842285156,14.739999771118164,15.329999923706055,14.649999618530273,15.255000114440918,206200
2006-07-13,12.404868125915527,14.260000228881836,14.795000076293945,14.260000228881836,14.680000305175781,171800
2006-07-14,12.122147560119629,13.9350004196167,14.260000228881836,13.725000381469727,14.260000228881836,194000
2006-07-17,12.200438499450684,14.024999618530273,14.180000305175781,13.854999542236328,13.90999984741211,304800
2006-07-18,12.574501037597656,14.454999923706055,14.494999885559082,13.975000381469727,14.180000305175781,258400
2006-07-19,13.113842010498047,15.074999809265137,15.175000190734863,14.494999885559082,14.5,328000
2006-07-20,13.009451866149902,14.954999923706055,15.25,14.944999694824219,15.15999984741211,240000
2006-07-21,12.330927848815918,14.175000190734863,14.914999961853027,14.024999618530273,14.914999961853027,185000
2006-07-24,12.848520278930664,14.770000457763672,14.895000457763672,14.255000114440918,14.329999923706055,203200
2006-07-25,12.72673511505127,14.630000114440918,15.25,14.595000267028809,14.739999771118164,262200
2006-07-26,12.687590599060059,14.585000038146973,15.09000015258789,14.085000038146973,14.824999809265137,329000
2006-07-27,12.526657104492188,14.399999618530273,14.800000190734863,14.3100004196167,14.694999694824219,171800
2006-07-28,12.765881538391113,14.675000190734863,14.699999809265137,14.4399995803833,14.545000076293945,159800
2006-07-31,12.748477935791016,14.654999732971191,14.755000114440918,14.4399995803833,14.574999809265137,100200
2006-08-01,13.065998077392578,15.020000457763672,15.210000038146973,14.454999923706055,14.524999618530273,214000
2006-08-02,13.187783241271973,15.15999984741211,15.255000114440918,15.039999961853027,15.149999618530273,154000
2006-08-03,13.065998077392578,15.020000457763672,15.180000305175781,14.875,15.0,157400
2006-08-04,13.044251441955566,14.994999885559082,15.449999809265137,14.734999656677246,15.164999961853027,122800
2006-08-07,12.913765907287598,14.845000267028809,15.055000305175781,14.574999809265137,14.845000267028809,93200
2006-08-08,12.939858436584473,14.875,15.03499984741211,14.829999923706055,14.949999809265137,212800
2006-08-09,12.979005813598633,14.920000076293945,15.104999542236328,14.800000190734863,15.029999732971191,378800
2006-08-10,12.878968238830566,14.805000305175781,14.994999885559082,14.675000190734863,14.875,172200
2006-08-11,12.905065536499023,14.835000038146973,15.0,14.550000190734863,14.805000305175781,135800
2006-08-14,13.02685260772705,14.975000381469727,15.295000076293945,14.925000190734863,15.015000343322754,161200
2006-08-15,13.631434440612793,15.670000076293945,15.699999809265137,15.265000343322754,15.270000457763672,186000
2006-08-16,13.976147651672363,16.014999389648438,16.065000534057617,15.829999923706055,15.890000343322754,151600
2006-08-17,13.976147651672363,16.014999389648438,16.28499984741211,15.920000076293945,16.010000228881836,102800
2006-08-18,14.159415245056152,16.225000381469727,16.235000610351562,15.854999542236328,16.125,71400
2006-08-21,13.853976249694824,15.875,16.184999465942383,15.770000457763672,15.960000038146973,58000
2006-08-22,13.845247268676758,15.864999771118164,15.984999656677246,15.694999694824219,15.800000190734863,167800
2006-08-23,13.788521766662598,15.800000190734863,16.075000762939453,15.65999984741211,15.835000038146973,73600
2006-08-24,13.600893020629883,15.585000038146973,15.949999809265137,15.5600004196167,15.854999542236328,129800
2006-08-25,13.526713371276855,15.5,15.795000076293945,15.484999656677246,15.5,96600
2006-08-28,14.037237167358398,16.084999084472656,16.1299991607666,15.420000076293945,15.420000076293945,157000
2006-08-29,14.399407386779785,16.5,16.5,15.880000114440918,16.190000534057617,140000
2006-08-30,14.49103832244873,16.604999542236328,16.764999389648438,16.235000610351562,16.5,164400
2006-08-31,14.691757202148438,16.834999084472656,16.989999771118164,16.600000381469727,16.719999313354492,180800
2006-09-01,14.669939994812012,16.809999465942383,17.0,16.709999084472656,16.920000076293945,107600
2006-09-05,14.76157283782959,16.915000915527344,17.03499984741211,16.799999237060547,16.860000610351562,114600
2006-09-06,14.146327018737793,16.209999084472656,16.920000076293945,16.209999084472656,16.75,130600
2006-09-07,14.059059143066406,16.110000610351562,16.5,15.90999984741211,16.114999771118164,111600
2006-09-08,14.13759994506836,16.200000762939453,16.21500015258789,15.925000190734863,16.209999084472656,68800
2006-09-11,13.98924446105957,16.030000686645508,16.100000381469727,15.75,16.049999237060547,90800
2006-09-12,14.44304084777832,16.549999237060547,16.549999237060547,15.975000381469727,16.094999313354492,120000
2006-09-13,14.211776733398438,16.28499984741211,16.780000686645508,16.03499984741211,16.4950008392334,206800
2006-09-14,14.43431282043457,16.540000915527344,16.565000534057617,16.15999984741211,16.15999984741211,102200
2006-09-15,14.3906831741333,16.489999771118164,16.895000457763672,16.385000228881836,16.704999923706055,453400
2006-09-18,14.299047470092773,16.385000228881836,16.780000686645508,16.28499984741211,16.415000915527344,69200
2006-09-19,14.303401947021484,16.389999389648438,16.565000534057617,15.9399995803833,16.454999923706055,109000
2006-09-20,14.416857719421387,16.520000457763672,16.809999465942383,16.34000015258789,16.5,192600
2006-09-21,14.37321949005127,16.469999313354492,16.864999771118164,16.30500030517578,16.614999771118164,88600
2006-09-22,14.150684356689453,16.21500015258789,16.575000762939453,16.010000228881836,16.40999984741211,112000
2006-09-25,14.403767585754395,16.5049991607666,16.7549991607666,16.30500030517578,16.30500030517578,233600
2006-09-26,14.560851097106934,16.684999465942383,16.985000610351562,16.44499969482422,16.5,178800
2006-09-27,14.595757484436035,16.725000381469727,16.8799991607666,16.584999084472656,16.594999313354492,172600
2006-09-28,14.70484733581543,16.850000381469727,16.975000381469727,16.46500015258789,16.790000915527344,194600
2006-09-29,14.635031700134277,16.770000457763672,16.954999923706055,16.75,16.915000915527344,363800
2006-10-02,14.482311248779297,16.594999313354492,16.8799991607666,16.579999923706055,16.78499984741211,154400
2006-10-03,14.364493370056152,16.459999084472656,16.674999237060547,16.325000762939453,16.565000534057617,123000
2006-10-04,15.053922653198242,17.25,17.329999923706055,16.450000762939453,16.475000381469727,329800
2006-10-05,15.437910079956055,17.690000534057617,17.690000534057617,17.200000762939453,17.25,160000
2006-10-06,15.363726615905762,17.604999542236328,17.875,17.44499969482422,17.559999465942383,138200
2006-10-09,15.564448356628418,17.834999084472656,17.864999771118164,17.434999465942383,17.5049991607666,81600
2006-10-10,15.629900932312012,17.90999984741211,18.059999465942383,17.56999969482422,17.799999237060547,147400
2006-10-11,15.542632102966309,17.809999465942383,18.274999618530273,17.719999313354492,17.770000457763672,154000
2006-10-12,16.271324157714844,18.645000457763672,18.75,17.739999771118164,17.739999771118164,219600
2006-10-13,16.21023941040039,18.575000762939453,18.875,18.415000915527344,18.600000381469727,168800
2006-10-16,16.31060218811035,18.690000534057617,18.799999237060547,18.5,18.5,144600
2006-10-17,15.97024917602539,18.299999237060547,18.790000915527344,18.200000762939453,18.625,192400
2006-10-18,15.861164093017578,18.174999237060547,18.924999237060547,18.079999923706055,18.354999542236328,269800
2006-10-19,16.07497215270996,18.420000076293945,18.43000030517578,18.079999923706055,18.079999923706055,202000
2006-10-20,15.651713371276855,17.934999465942383,18.549999237060547,17.90999984741211,18.334999084472656,165800
2006-10-23,15.756438255310059,18.05500030517578,18.3700008392334,17.899999618530273,17.924999237060547,127600
2006-10-24,15.800071716308594,18.104999542236328,18.174999237060547,17.899999618530273,17.899999618530273,117000
2006-10-25,15.782621383666992,18.084999084472656,18.344999313354492,17.950000762939453,18.344999313354492,102000
2006-10-26,15.791351318359375,18.094999313354492,18.350000381469727,17.850000381469727,17.850000381469727,209600
2006-10-27,15.599356651306152,17.875,18.170000076293945,17.780000686645508,18.065000534057617,152400
2006-10-30,15.660444259643555,17.94499969482422,18.079999923706055,17.579999923706055,17.610000610351562,150400
2006-10-31,15.581896781921387,17.854999542236328,18.31999969482422,17.75,18.21500015258789,129800
2006-11-01,14.844478607177734,17.010000228881836,18.280000686645508,17.0,17.815000534057617,395000
2006-11-02,14.918651580810547,17.094999313354492,17.290000915527344,16.979999542236328,16.9950008392334,134200
2006-11-03,14.971014976501465,17.155000686645508,17.4950008392334,16.96500015258789,17.25,193800
2006-11-06,15.363726615905762,17.604999542236328,17.645000457763672,17.145000457763672,17.145000457763672,144800
2006-11-07,15.634258270263672,17.915000915527344,18.100000381469727,17.579999923706055,17.594999313354492,194800
2006-11-08,15.673531532287598,17.959999084472656,17.985000610351562,17.655000686645508,17.65999984741211,192000
2006-11-09,15.355003356933594,17.594999313354492,18.0,17.524999618530273,18.0,119000
2006-11-10,15.533907890319824,17.799999237060547,18.0,17.725000381469727,17.760000228881836,125600
2006-11-13,15.49463939666748,17.7549991607666,18.0,17.71500015258789,17.860000610351562,198600
2006-11-14,16.56368637084961,18.979999542236328,19.34000015258789,18.25,18.565000534057617,532200
2006-11-15,16.178680419921875,18.489999771118164,19.094999313354492,18.454999923706055,19.06999969482422,618200
2006-11-16,16.213687896728516,18.530000686645508,18.889999389648438,18.46500015258789,18.549999237060547,309800
2006-11-17,16.213687896728516,18.530000686645508,18.815000534057617,18.454999923706055,18.565000534057617,508400
2006-11-20,16.16992950439453,18.479999542236328,18.780000686645508,18.270000457763672,18.645000457763672,302800
2006-11-21,16.095556259155273,18.395000457763672,18.575000762939453,18.209999084472656,18.459999084472656,300200
2006-11-22,16.441186904907227,18.790000915527344,18.889999389648438,18.44499969482422,18.44499969482422,193400
2006-11-24,16.42368507385254,18.770000457763672,18.864999771118164,18.53499984741211,18.635000228881836,37400
2006-11-27,15.819934844970703,18.079999923706055,18.899999618530273,18.0,18.8700008392334,315800
2006-11-28,16.07367706298828,18.3700008392334,18.3799991607666,18.045000076293945,18.06999969482422,142800
2006-11-29,16.51117515563965,18.8700008392334,18.875,18.475000381469727,18.475000381469727,210000
2006-11-30,16.646800994873047,19.024999618530273,19.139999389648438,18.53499984741211,18.864999771118164,270000
2006-12-01,16.362436294555664,18.700000762939453,19.145000457763672,18.149999618530273,19.03499984741211,214200
2006-12-04,16.76930046081543,19.165000915527344,19.25,18.729999542236328,18.770000457763672,171200
2006-12-05,16.891799926757812,19.30500030517578,19.600000381469727,19.09000015258789,19.350000381469727,123200
2006-12-06,16.97492790222168,19.399999618530273,19.524999618530273,19.235000610351562,19.309999465942383,114600
2006-12-07,16.922420501708984,19.34000015258789,19.635000228881836,19.174999237060547,19.420000076293945,177000
2006-12-08,17.053678512573242,19.489999771118164,19.700000762939453,19.09000015258789,19.18000030517578,146400
2006-12-11,17.202423095703125,19.65999984741211,19.739999771118164,19.479999542236328,19.594999313354492,157800
2006-12-12,17.079917907714844,19.520000457763672,19.75,19.344999313354492,19.674999237060547,301400
2006-12-13,16.996797561645508,19.424999237060547,19.825000762939453,19.18000030517578,19.684999465942383,291600
2006-12-14,17.324932098388672,19.799999237060547,20.0,19.3799991607666,19.5,149400
2006-12-15,17.272418975830078,19.739999771118164,20.219999313354492,19.704999923706055,19.725000381469727,346400
2006-12-18,16.646800994873047,19.024999618530273,19.81999969482422,19.014999389648438,19.81999969482422,223400
2006-12-19,17.14992332458496,19.600000381469727,19.790000915527344,19.0,19.0,163600
2006-12-20,17.359928131103516,19.84000015258789,19.93000030517578,19.6299991607666,19.665000915527344,159600
2006-12-21,16.655553817749023,19.03499984741211,19.954999923706055,18.989999771118164,19.899999618530273,423800
2006-12-22,16.843679428100586,19.25,19.28499984741211,19.045000076293945,19.110000610351562,129800
2006-12-26,17.075546264648438,19.514999389648438,19.665000915527344,19.30500030517578,19.405000686645508,168400
2006-12-27,17.70992088317871,20.239999771118164,20.239999771118164,19.604999542236328,19.604999542236328,203000
2006-12-28,17.644298553466797,20.165000915527344,20.459999084472656,19.950000762939453,20.209999084472656,218000
2006-12-29,17.373048782348633,19.854999542236328,20.469999313354492,19.81999969482422,20.21500015258789,171400
2007-01-03,17.228683471679688,19.690000534057617,20.274999618530273,19.5,20.094999313354492,340400
2007-01-04,17.4299259185791,19.920000076293945,20.0,19.309999465942383,19.614999771118164,218200
2007-01-05,16.922420501708984,19.34000015258789,19.934999465942383,19.264999389648438,19.93000030517578,187400
2007-01-08,17.093048095703125,19.53499984741211,19.625,19.174999237060547,19.415000915527344,146400
2007-01-09,17.05805015563965,19.4950008392334,19.649999618530273,19.44499969482422,19.579999923706055,207800
2007-01-10,17.2636661529541,19.729999542236328,19.75,19.295000076293945,19.424999237060547,90200
2007-01-11,17.46055793762207,19.954999923706055,20.014999389648438,19.665000915527344,19.80500030517578,151000
2007-01-12,17.508668899536133,20.010000228881836,20.079999923706055,19.774999618530273,19.905000686645508,74600
2007-01-16,17.373048782348633,19.854999542236328,20.18000030517578,19.690000534057617,20.09000015258789,132800
2007-01-17,17.508668899536133,20.010000228881836,20.2450008392334,19.565000534057617,19.790000915527344,160600
2007-01-18,17.412416458129883,19.899999618530273,20.09000015258789,19.795000076293945,19.8799991607666,151000
2007-01-19,17.648679733276367,20.170000076293945,20.209999084472656,19.71500015258789,19.780000686645508,124400
2007-01-22,17.215545654296875,19.674999237060547,20.200000762939453,19.5049991607666,20.200000762939453,184600
2007-01-23,18.309295654296875,20.924999237060547,21.485000610351562,19.674999237060547,19.674999237060547,593400
2007-01-24,17.93305206298828,20.4950008392334,20.829999923706055,20.270000457763672,20.75,526800
2007-01-25,17.670551300048828,20.19499969482422,20.649999618530273,19.889999389648438,20.5,235600
2007-01-26,17.70992088317871,20.239999771118164,20.28499984741211,19.96500015258789,20.2549991607666,252000
2007-01-29,17.644298553466797,20.165000915527344,20.3700008392334,19.920000076293945,20.174999237060547,350200
2007-01-30,18.15179443359375,20.7450008392334,20.809999465942383,20.1200008392334,20.165000915527344,306400
2007-01-31,18.30491828918457,20.920000076293945,21.219999313354492,20.625,20.670000076293945,373600
2007-02-01,18.87367057800293,21.56999969482422,21.655000686645508,20.94499969482422,21.225000381469727,313800
2007-02-02,18.414295196533203,21.045000076293945,21.65999984741211,21.045000076293945,21.65999984741211,336200
2007-02-05,18.554292678833008,21.204999923706055,21.3799991607666,21.010000228881836,21.010000228881836,260000
2007-02-06,18.689924240112305,21.360000610351562,21.389999389648438,20.90999984741211,21.299999237060547,173400
2007-02-07,18.808040618896484,21.4950008392334,21.514999389648438,21.200000762939453,21.30500030517578,137200
2007-02-08,19.02679443359375,21.7450008392334,21.825000762939453,21.450000762939453,21.565000534057617,209400
2007-02-09,18.4405517578125,21.075000762939453,21.690000534057617,20.96500015258789,21.690000534057617,210600
2007-02-12,18.781787872314453,21.46500015258789,21.46500015258789,20.954999923706055,21.065000534057617,189400
2007-02-13,19.325687408447266,22.030000686645508,22.040000915527344,21.545000076293945,21.559999465942383,265200
2007-02-14,19.409027099609375,22.125,22.545000076293945,22.0049991607666,22.114999771118164,328600
2007-02-15,19.023033142089844,21.684999465942383,22.2549991607666,21.684999465942383,22.2549991607666,280600
2007-02-16,19.400253295898438,22.114999771118164,22.165000915527344,21.510000228881836,21.684999465942383,228600
2007-02-20,19.452878952026367,22.174999237060547,22.225000381469727,21.610000610351562,22.100000381469727,148800
2007-02-21,19.242347717285156,21.934999465942383,22.045000076293945,21.704999923706055,22.03499984741211,233800
2007-02-22,19.163400650024414,21.844999313354492,22.05500030517578,21.594999313354492,21.96500015258789,218000
2007-02-23,19.237957000732422,21.93000030517578,22.165000915527344,21.594999313354492,21.854999542236328,162000
2007-02-26,19.251123428344727,21.94499969482422,22.274999618530273,21.514999389648438,22.100000381469727,234800
2007-02-27,18.45722007751465,21.040000915527344,21.760000228881836,20.875,21.579999923706055,285200
2007-02-28,18.272987365722656,20.829999923706055,21.125,20.375,21.0049991607666,266400
2007-03-01,18.408971786499023,20.985000610351562,21.145000457763672,20.270000457763672,20.5,183800
2007-03-02,17.64575958251953,20.114999771118164,20.875,20.079999923706055,20.875,211800
2007-03-05,17.277313232421875,19.69499969482422,20.40999984741211,19.674999237060547,20.024999618530273,202400
2007-03-06,17.531719207763672,19.985000610351562,20.040000915527344,19.690000534057617,19.915000915527344,203200
2007-03-07,17.413286209106445,19.850000381469727,20.25,19.635000228881836,19.924999237060547,272400
2007-03-08,17.873849868774414,20.375,20.459999084472656,20.079999923706055,20.079999923706055,368200
2007-03-09,17.98788833618164,20.5049991607666,20.725000381469727,20.229999542236328,20.649999618530273,136000
2007-03-12,18.07999610900879,20.610000610351562,20.674999237060547,20.075000762939453,20.4950008392334,83600
2007-03-13,17.189594268798828,19.594999313354492,20.850000381469727,19.565000534057617,20.389999389648438,215600
2007-03-14,17.50101661682129,19.950000762939453,19.975000381469727,19.290000915527344,19.549999237060547,145400
2007-03-15,17.391355514526367,19.825000762939453,20.030000686645508,19.440000534057617,19.94499969482422,173200
2007-03-16,17.290477752685547,19.709999084472656,19.934999465942383,19.524999618530273,19.81999969482422,430600
2007-03-19,17.64575958251953,20.114999771118164,20.309999465942383,19.674999237060547,19.915000915527344,225400
2007-03-20,17.80805206298828,20.299999237060547,20.350000381469727,19.860000610351562,20.065000534057617,128000
2007-03-21,18.202808380126953,20.75,20.809999465942383,20.204999923706055,20.350000381469727,176200
2007-03-22,18.242286682128906,20.795000076293945,20.834999084472656,20.540000915527344,20.829999923706055,152000
2007-03-23,18.001052856445312,20.520000457763672,20.975000381469727,20.459999084472656,20.760000228881836,245000
2007-03-26,18.268606185913086,20.825000762939453,20.84000015258789,20.454999923706055,20.520000457763672,201400
2007-03-27,17.81682777404785,20.309999465942383,20.719999313354492,20.084999084472656,20.719999313354492,176400
2007-03-28,17.764188766479492,20.25,20.389999389648438,20.065000534057617,20.174999237060547,220200
2007-03-29,17.917707443237305,20.424999237060547,20.524999618530273,20.079999923706055,20.459999084472656,171200
2007-03-30,18.05807113647461,20.584999084472656,20.649999618530273,20.299999237060547,20.4950008392334,244800
2007-04-02,18.093156814575195,20.625,20.725000381469727,20.325000762939453,20.670000076293945,127600
2007-04-03,18.369491577148438,20.940000534057617,21.075000762939453,20.739999771118164,20.739999771118164,169200
2007-04-04,18.43966293334961,21.020000457763672,21.225000381469727,20.81999969482422,21.030000686645508,139600
2007-04-05,18.277376174926758,20.834999084472656,21.18000030517578,20.834999084472656,20.989999771118164,126800
2007-04-09,18.246671676635742,20.799999237060547,21.0,20.639999389648438,20.8799991607666,91400
2007-04-10,18.523014068603516,21.114999771118164,21.21500015258789,20.84000015258789,20.84000015258789,231000
2007-04-11,18.145797729492188,20.684999465942383,21.1200008392334,20.5049991607666,21.079999923706055,195600
2007-04-12,18.1677188873291,20.709999084472656,20.709999084472656,20.385000228881836,20.575000762939453,237400
2007-04-13,18.198421478271484,20.7450008392334,20.7450008392334,20.454999923706055,20.68000030517578,459400
2007-04-16,18.650209426879883,21.260000228881836,21.28499984741211,20.760000228881836,20.875,123400
2007-04-17,18.549325942993164,21.145000457763672,21.21500015258789,20.989999771118164,21.21500015258789,133400
2007-04-18,18.42211151123047,21.0,21.469999313354492,20.940000534057617,21.059999465942383,151200
2007-04-19,18.259830474853516,20.815000534057617,21.280000686645508,20.71500015258789,21.280000686645508,274600
2007-04-20,18.43966293334961,21.020000457763672,21.209999084472656,20.739999771118164,21.209999084472656,243400
2007-04-23,18.830039978027344,21.46500015258789,21.520000457763672,21.05500030517578,21.15999984741211,298400
2007-04-24,21.92670249938965,24.9950008392334,26.094999313354492,23.80500030517578,24.209999084472656,1908600
2007-04-25,21.97496223449707,25.049999237060547,25.34000015258789,24.844999313354492,24.989999771118164,700800
2007-04-26,21.92670249938965,24.9950008392334,25.44499969482422,24.920000076293945,25.125,527400
2007-04-27,22.194265365600586,25.299999237060547,25.389999389648438,24.735000610351562,24.735000610351562,451400
2007-04-30,21.645999908447266,24.674999237060547,25.584999084472656,24.639999389648438,25.389999389648438,685800
2007-05-01,22.290771484375,25.40999984741211,25.469999313354492,24.665000915527344,24.665000915527344,354800
2007-05-02,22.92677116394043,26.135000228881836,26.21500015258789,25.190000534057617,25.489999771118164,566800
2007-05-03,23.110986709594727,26.344999313354492,26.514999389648438,25.690000534057617,26.25,529000
2007-05-04,23.246963500976562,26.5,26.545000076293945,26.030000686645508,26.030000686645508,359400
2007-05-07,23.409250259399414,26.684999465942383,26.69499969482422,26.020000457763672,26.479999542236328,425400
2007-05-08,23.040815353393555,26.264999389648438,26.5,25.850000381469727,26.5,362800
2007-05-09,23.207489013671875,26.454999923706055,26.700000762939453,25.735000610351562,25.864999771118164,231200
2007-05-10,22.896080017089844,26.100000381469727,26.44499969482422,25.84000015258789,26.309999465942383,354800
2007-05-11,23.61540985107422,26.920000076293945,26.975000381469727,26.219999313354492,26.219999313354492,364400
2007-05-14,23.15485191345215,26.395000457763672,27.100000381469727,26.2450008392334,26.81999969482422,515000
2007-05-15,23.001331329345703,26.219999313354492,26.920000076293945,26.125,26.424999237060547,336600
2007-05-16,23.44967269897461,26.674999237060547,26.764999389648438,25.96500015258789,26.354999542236328,210200
2007-05-17,23.128801345825195,26.309999465942383,26.59000015258789,26.1299991607666,26.55500030517578,184800
2007-05-18,23.480445861816406,26.709999084472656,26.78499984741211,26.229999542236328,26.354999542236328,128200
2007-05-21,23.95514678955078,27.25,27.389999389648438,26.514999389648438,26.56999969482422,193400
2007-05-22,24.29799461364746,27.639999389648438,27.75,27.149999618530273,27.184999465942383,274600
2007-05-23,24.17491912841797,27.5,27.7450008392334,27.290000915527344,27.719999313354492,214200
2007-05-24,23.6694393157959,26.924999237060547,27.854999542236328,26.739999771118164,27.415000915527344,212400
2007-05-25,23.845258712768555,27.125,27.799999237060547,26.760000228881836,27.03499984741211,229400
2007-05-29,24.130964279174805,27.450000762939453,27.450000762939453,26.940000534057617,27.170000076293945,238600
2007-05-30,24.535350799560547,27.90999984741211,27.940000534057617,26.684999465942383,27.209999084472656,353400
2007-05-31,24.280410766601562,27.6200008392334,28.15999984741211,27.559999465942383,27.920000076293945,217800
2007-06-01,24.44304084777832,27.80500030517578,28.209999084472656,27.725000381469727,27.799999237060547,129200
2007-06-04,24.566112518310547,27.94499969482422,28.1200008392334,27.415000915527344,27.649999618530273,215600
2007-06-05,24.258426666259766,27.594999313354492,28.020000457763672,27.2450008392334,27.719999313354492,205600
2007-06-06,24.2232723236084,27.55500030517578,27.684999465942383,27.274999618530273,27.3799991607666,186600
2007-06-07,23.594717025756836,26.84000015258789,27.405000686645508,26.625,27.364999771118164,216600
2007-06-08,24.034269332885742,27.34000015258789,27.600000381469727,26.334999084472656,26.725000381469727,317400
2007-06-11,23.933170318603516,27.225000381469727,27.565000534057617,27.075000762939453,27.31999969482422,216800
2007-06-12,24.007892608642578,27.309999465942383,27.5049991607666,26.635000228881836,27.15999984741211,305800
2007-06-13,24.333154678344727,27.68000030517578,27.954999923706055,26.9950008392334,27.479999542236328,290000
2007-06-14,24.22766876220703,27.559999465942383,28.4950008392334,27.549999237060547,27.75,280400
2007-06-15,25.291358947753906,28.770000457763672,28.829999923706055,27.790000915527344,28.1200008392334,521400
2007-06-18,24.944116592407227,28.375,28.8799991607666,28.25,28.815000534057617,211800
2007-06-19,25.33970832824707,28.825000762939453,28.864999771118164,27.739999771118164,28.280000686645508,234400
2007-06-20,25.506732940673828,29.014999389648438,29.5,28.829999923706055,28.844999313354492,384600
2007-06-21,24.649621963500977,28.040000915527344,28.9950008392334,27.915000915527344,28.915000915527344,342400
2007-06-22,23.744171142578125,27.010000228881836,28.34000015258789,27.010000228881836,28.040000915527344,2018800
2007-06-25,23.28704071044922,26.489999771118164,27.010000228881836,26.25,26.985000610351562,709800
2007-06-26,23.599119186401367,26.844999313354492,26.94499969482422,26.454999923706055,26.600000381469727,436000
2007-06-27,24.236448287963867,27.56999969482422,27.575000762939453,26.0,26.719999313354492,588200
2007-06-28,23.792512893676758,27.065000534057617,27.69499969482422,26.78499984741211,27.559999465942383,375200
2007-06-29,23.590320587158203,26.834999084472656,27.395000457763672,26.834999084472656,27.350000381469727,343600
2007-07-02,24.17931365966797,27.5049991607666,27.559999465942383,26.80500030517578,27.014999389648438,186000
2007-07-03,24.12216567993164,27.440000534057617,27.725000381469727,27.1299991607666,27.584999084472656,97600
2007-07-05,24.271617889404297,27.610000610351562,27.815000534057617,27.40999984741211,27.53499984741211,167800
2007-07-06,24.293596267700195,27.635000228881836,27.78499984741211,27.34000015258789,27.614999771118164,176600
2007-07-09,24.719961166381836,28.1200008392334,28.125,27.514999389648438,27.6299991607666,306200
2007-07-10,24.324365615844727,27.670000076293945,28.125,27.354999542236328,27.950000762939453,373000
2007-07-11,24.341949462890625,27.690000534057617,27.729999542236328,27.3700008392334,27.600000381469727,259000
2007-07-12,25.260587692260742,28.735000610351562,28.825000762939453,27.635000228881836,27.7549991607666,408600
2007-07-13,25.621021270751953,29.145000457763672,29.5,28.40999984741211,28.709999084472656,229000
2007-07-16,25.814422607421875,29.364999771118164,29.780000686645508,29.174999237060547,29.364999771118164,338200
2007-07-17,27.708858489990234,31.520000457763672,32.04999923706055,30.524999618530273,30.700000762939453,1583600
2007-07-18,27.546220779418945,31.334999084472656,31.479999542236328,30.950000762939453,31.280000686645508,856200
2007-07-19,28.491239547729492,32.40999984741211,33.13999938964844,31.375,31.760000228881836,627200
2007-07-20,27.7440185546875,31.559999465942383,32.47999954223633,31.079999923706055,32.35499954223633,673800
2007-07-23,27.911048889160156,31.75,32.59000015258789,31.614999771118164,32.05500030517578,740400
2007-07-24,27.089088439941406,30.815000534057617,31.520000457763672,29.655000686645508,30.260000228881836,1360000
2007-07-25,26.640762329101562,30.30500030517578,31.875,30.125,31.114999771118164,619400
2007-07-26,25.730907440185547,29.270000457763672,30.479999542236328,28.545000076293945,30.0,664000
2007-07-27,25.221040725708008,28.690000534057617,29.280000686645508,28.084999084472656,29.21500015258789,460800
2007-07-30,25.9946346282959,29.56999969482422,29.954999923706055,28.674999237060547,28.674999237060547,425200
2007-07-31,25.383665084838867,28.875,30.049999237060547,28.850000381469727,29.989999771118164,340200
2007-08-01,25.533105850219727,29.045000076293945,29.264999389648438,28.2549991607666,28.889999389648438,353200
2007-08-02,26.16165542602539,29.760000228881836,29.934999465942383,29.05500030517578,29.309999465942383,339200
2007-08-03,25.13312339782715,28.59000015258789,30.0,28.510000228881836,29.80500030517578,392600
2007-08-06,24.359529495239258,27.709999084472656,28.924999237060547,27.0,28.670000076293945,602600
2007-08-07,25.243005752563477,28.71500015258789,29.0049991607666,27.55500030517578,27.665000915527344,459200
2007-08-08,26.11770248413086,29.709999084472656,30.295000076293945,28.760000228881836,29.010000228881836,779400
2007-08-09,27.546220779418945,31.334999084472656,31.559999465942383,28.375,29.084999084472656,771400
2007-08-10,26.80339813232422,30.489999771118164,31.094999313354492,27.71500015258789,28.575000762939453,731000
2007-08-13,26.548458099365234,30.200000762939453,31.024999618530273,30.010000228881836,31.0,363400
2007-08-14,26.548458099365234,30.200000762939453,30.575000762939453,29.795000076293945,30.059999465942383,459600
2007-08-15,26.126497268676758,29.719999313354492,30.639999389648438,29.600000381469727,29.829999923706055,414400
2007-08-16,25.329444885253906,28.760000228881836,29.774999618530273,27.815000534057617,28.559999465942383,553400
2007-08-17,26.756210327148438,30.3799991607666,31.155000686645508,29.3799991607666,31.0,524200
2007-08-20,26.67694091796875,30.290000915527344,31.040000915527344,29.549999237060547,30.514999389648438,172200
2007-08-21,26.52281951904297,30.114999771118164,30.364999771118164,29.700000762939453,30.25,153600
2007-08-22,27.038047790527344,30.700000762939453,30.795000076293945,30.079999923706055,30.385000228881836,204200
2007-08-23,26.434743881225586,30.014999389648438,31.0,29.80500030517578,31.0,183200
2007-08-24,26.562448501586914,30.15999984741211,30.334999084472656,29.5,29.9950008392334,219600
2007-08-27,26.003190994262695,29.524999618530273,30.0049991607666,29.260000228881836,30.0049991607666,251000
2007-08-28,24.8714656829834,28.239999771118164,29.30500030517578,28.204999923706055,29.270000457763672,238200
2007-08-29,25.923931121826172,29.434999465942383,29.524999618530273,28.469999313354492,28.5,227000
2007-08-30,25.465961456298828,28.915000915527344,29.520000457763672,28.670000076293945,29.149999618530273,211000
2007-08-31,25.862274169921875,29.364999771118164,29.600000381469727,29.125,29.424999237060547,211800
2007-09-04,26.06043815612793,29.59000015258789,30.0,29.25,29.299999237060547,270000
2007-09-05,25.377885818481445,28.815000534057617,29.5,28.764999389648438,29.360000610351562,387600
2007-09-06,26.16172218322754,29.704999923706055,29.825000762939453,28.850000381469727,28.850000381469727,276600
2007-09-07,25.320632934570312,28.75,29.80500030517578,28.600000381469727,29.15999984741211,246000
2007-09-10,25.060827255249023,28.454999923706055,29.309999465942383,27.825000762939453,28.989999771118164,330600
2007-09-11,25.250181198120117,28.670000076293945,28.825000762939453,27.9950008392334,28.489999771118164,357400
2007-09-12,25.025596618652344,28.415000915527344,28.780000686645508,28.21500015258789,28.610000610351562,354600
2007-09-13,25.250181198120117,28.670000076293945,29.385000228881836,28.229999542236328,28.610000610351562,306000
2007-09-14,25.41751480102539,28.860000610351562,29.020000457763672,28.040000915527344,28.31999969482422,237400
2007-09-17,24.805416107177734,28.165000915527344,28.96500015258789,28.040000915527344,28.719999313354492,466400
2007-09-18,25.954748153686523,29.469999313354492,29.7549991607666,28.020000457763672,28.375,334000
2007-09-19,27.205373764038086,30.889999389648438,31.625,29.43000030517578,29.43000030517578,661600
2007-09-20,27.26702880859375,30.959999084472656,31.059999465942383,30.5,30.899999618530273,175000
2007-09-21,27.34628677368164,31.049999237060547,31.80500030517578,30.899999618530273,31.219999313354492,508200
2007-09-24,27.496013641357422,31.219999313354492,31.770000457763672,30.860000610351562,31.104999542236328,233800
2007-09-25,27.557659149169922,31.290000915527344,31.3799991607666,30.579999923706055,30.959999084472656,198000
2007-09-26,27.93636703491211,31.719999313354492,31.889999389648438,31.295000076293945,31.4950008392334,226400
2007-09-27,27.66774559020996,31.415000915527344,31.764999389648438,31.100000381469727,31.764999389648438,200200
2007-09-28,27.4783992767334,31.200000762939453,31.639999389648438,31.014999389648438,31.329999923706055,304000
2007-10-01,28.13893699645996,31.950000762939453,32.0,30.760000228881836,31.1299991607666,199000
2007-10-02,28.623327255249023,32.5,32.595001220703125,31.7450008392334,31.864999771118164,268400
2007-10-03,28.847911834716797,32.755001068115234,33.345001220703125,32.01499938964844,32.01499938964844,332400
2007-10-04,28.85231590270996,32.7599983215332,33.3849983215332,32.459999084472656,32.974998474121094,139400
2007-10-05,29.671382904052734,33.689998626708984,33.875,32.93000030517578,33.150001525878906,215400
2007-10-08,29.006452560424805,32.935001373291016,33.88999938964844,32.79499816894531,33.66999816894531,298800
2007-10-09,29.0196533203125,32.95000076293945,33.3849983215332,32.349998474121094,32.959999084472656,305600
2007-10-10,28.579294204711914,32.45000076293945,33.474998474121094,32.35499954223633,32.814998626708984,261800
2007-10-11,28.200586318969727,32.02000045776367,32.904998779296875,31.690000534057617,32.68000030517578,345200
2007-10-12,28.279848098754883,32.11000061035156,32.599998474121094,31.6299991607666,32.150001525878906,179800
2007-10-15,28.020036697387695,31.815000534057617,32.665000915527344,31.600000381469727,32.08000183105469,416000
2007-10-16,27.87032127380371,31.645000457763672,32.470001220703125,31.600000381469727,31.665000915527344,311000
2007-10-17,27.67214584350586,31.420000076293945,32.619998931884766,31.225000381469727,32.07500076293945,255200
2007-10-18,28.469207763671875,32.32500076293945,32.39500045776367,31.225000381469727,31.274999618530273,343000
2007-10-19,26.663724899291992,30.274999618530273,32.33000183105469,30.274999618530273,32.33000183105469,312200
2007-10-22,27.148120880126953,30.825000762939453,31.0,29.684999465942383,30.059999465942383,378200
2007-10-23,27.531238555908203,31.260000228881836,31.360000610351562,30.424999237060547,31.190000534057617,292000
2007-10-24,27.993623733520508,31.78499984741211,31.829999923706055,30.450000762939453,31.084999084472656,291400
2007-10-25,28.478004455566406,32.334999084472656,32.845001220703125,31.75,31.829999923706055,407800
2007-10-26,28.627723693847656,32.505001068115234,32.994998931884766,32.25,32.65999984741211,488400
2007-10-29,28.605716705322266,32.47999954223633,32.994998931884766,32.33000183105469,32.61000061035156,263000
2007-10-30,28.658565521240234,32.540000915527344,32.95000076293945,32.25,32.38999938964844,198400
2007-10-31,29.504047393798828,33.5,33.650001525878906,32.48500061035156,32.79999923706055,261200
2007-11-01,28.623327255249023,32.5,33.14500045776367,32.32500076293945,33.07500076293945,395600
2007-11-02,29.231016159057617,33.189998626708984,33.3650016784668,32.45000076293945,33.01499938964844,258600
2007-11-05,29.068090438842773,33.005001068115234,33.28499984741211,32.5,32.69499969482422,343400
2007-11-06,29.548084259033203,33.54999923706055,33.60499954223633,32.3849983215332,33.05500030517578,197600
2007-11-07,28.21379280090332,32.03499984741211,33.35499954223633,32.0,33.07500076293945,192400
2007-11-08,28.557279586791992,32.42499923706055,33.15999984741211,31.7549991607666,32.349998474121094,304000
2007-11-09,28.65415382385254,32.53499984741211,32.98500061035156,31.7549991607666,32.0,250200
2007-11-12,28.002424240112305,31.795000076293945,32.72999954223633,31.575000762939453,32.5,307600
2007-11-13,28.746620178222656,32.63999938964844,32.83000183105469,31.475000381469727,32.029998779296875,271600
2007-11-14,28.433975219726562,32.28499984741211,32.83000183105469,32.11000061035156,32.540000915527344,208600
2007-11-15,29.12211036682129,33.0099983215332,34.75,30.780000686645508,34.494998931884766,1551200
2007-11-16,28.87508201599121,32.72999954223633,33.21500015258789,32.13999938964844,33.0,574600
2007-11-19,28.55307388305664,32.3650016784668,33.45000076293945,32.11000061035156,32.44499969482422,442800
2007-11-20,29.638198852539062,33.595001220703125,33.595001220703125,32.0,32.22999954223633,596600
2007-11-21,28.733932495117188,32.56999969482422,33.54499816894531,32.53499984741211,33.334999084472656,458200
2007-11-23,29.439706802368164,33.369998931884766,33.56999969482422,32.584999084472656,32.775001525878906,122200
2007-11-26,29.245616912841797,33.150001525878906,33.994998931884766,33.025001525878906,33.345001220703125,300800
2007-11-27,29.505878448486328,33.44499969482422,33.974998474121094,33.095001220703125,33.189998626708984,361000
2007-11-28,30.69687843322754,34.79499816894531,34.84000015258789,33.54499816894531,33.75,332600
2007-11-29,30.10578155517578,34.125,34.974998474121094,33.994998931884766,34.56999969482422,477200
2007-11-30,30.23370933532715,34.27000045776367,34.97999954223633,33.744998931884766,34.95500183105469,568600
2007-12-03,30.207242965698242,34.2400016784668,35.23500061035156,34.14500045776367,35.23500061035156,529800
2007-12-04,29.841108322143555,33.82500076293945,34.60499954223633,33.5,33.85499954223633,363400
2007-12-05,30.957128524780273,35.09000015258789,35.435001373291016,34.3650016784668,34.435001373291016,253400
2007-12-06,31.949630737304688,36.21500015258789,36.21500015258789,35.04999923706055,35.04999923706055,268400
2007-12-07,31.261484146118164,35.435001373291016,36.21500015258789,35.16999816894531,36.21500015258789,284400
2007-12-10,31.093875885009766,35.244998931884766,35.47999954223633,34.775001525878906,35.435001373291016,278200
2007-12-11,29.514699935913086,33.45500183105469,35.494998931884766,33.45500183105469,35.279998779296875,346200
2007-12-12,30.763044357299805,34.869998931884766,35.224998474121094,34.150001525878906,34.459999084472656,399000
2007-12-13,31.001230239868164,35.13999938964844,35.369998931884766,34.380001068115234,34.5,342200
2007-12-14,30.30428123474121,34.349998474121094,35.084999084472656,34.125,34.525001525878906,279800
2007-12-17,29.55881118774414,33.505001068115234,34.4900016784668,33.505001068115234,34.095001220703125,175400
2007-12-18,30.10578155517578,34.125,34.22999954223633,32.73500061035156,33.98500061035156,320400
2007-12-19,30.171939849853516,34.20000076293945,34.40999984741211,33.48500061035156,34.130001068115234,260000
2007-12-20,30.75421142578125,34.86000061035156,34.88999938964844,33.63999938964844,34.154998779296875,283200
2007-12-21,31.25709342956543,35.43000030517578,35.564998626708984,34.935001373291016,35.04999923706055,1056400
2007-12-24,31.759950637817383,36.0,36.0,35.60499954223633,35.654998779296875,124400
2007-12-26,31.623207092285156,35.845001220703125,36.130001068115234,35.529998779296875,35.79999923706055,309400
2007-12-27,30.29987907409668,34.345001220703125,35.84000015258789,34.279998779296875,35.84000015258789,244000
2007-12-28,30.40574073791504,34.46500015258789,35.26499938964844,34.189998626708984,34.595001220703125,245200
2007-12-31,29.97346305847168,33.974998474121094,34.69499969482422,33.775001525878906,34.22999954223633,231600
2008-01-02,29.210330963134766,33.11000061035156,34.099998474121094,32.85499954223633,33.92499923706055,223800
2008-01-03,29.964616775512695,33.96500015258789,34.51499938964844,33.244998931884766,33.244998931884766,287400
2008-01-04,28.089906692504883,31.84000015258789,34.099998474121094,31.684999465942383,33.46500015258789,295000
2008-01-07,28.76040267944336,32.599998474121094,33.435001373291016,31.854999542236328,32.05500030517578,411200
2008-01-08,26.91213607788086,30.5049991607666,33.084999084472656,30.5049991607666,32.689998626708984,472800
2008-01-09,26.7753963470459,30.350000381469727,30.584999084472656,28.924999237060547,30.264999389648438,663000
2008-01-10,27.33119773864746,30.979999542236328,31.2450008392334,29.809999465942383,30.114999771118164,446600
2008-01-11,26.232831954956055,29.735000610351562,30.895000457763672,29.670000076293945,30.75,330800
2008-01-14,26.126968383789062,29.614999771118164,30.19499969482422,29.405000686645508,29.81999969482422,788400
2008-01-15,25.64615249633789,29.06999969482422,29.760000228881836,28.815000534057617,29.28499984741211,811000
2008-01-16,25.469715118408203,28.8700008392334,29.520000457763672,28.094999313354492,28.934999465942383,568200
2008-01-17,22.06874656677246,25.014999389648438,29.024999618530273,24.950000762939453,28.915000915527344,1109600
2008-01-18,23.05243492126465,26.1299991607666,26.434999465942383,25.0,25.024999618530273,926400
2008-01-22,24.93596649169922,28.264999389648438,29.385000228881836,24.5,24.5,1407400
2008-01-23,24.57424545288086,27.854999542236328,28.149999618530273,26.559999465942383,28.049999237060547,1289200
2008-01-24,26.387218475341797,29.90999984741211,30.549999237060547,28.03499984741211,28.469999313354492,1031000
2008-01-25,25.8975887298584,29.354999542236328,30.915000915527344,29.200000762939453,30.405000686645508,879600
2008-01-28,26.748931884765625,30.31999969482422,30.540000915527344,29.06999969482422,29.354999542236328,505600
2008-01-29,26.890092849731445,30.479999542236328,30.94499969482422,29.80500030517578,30.565000534057617,543600
2008-01-30,26.22841453552246,29.729999542236328,30.825000762939453,29.600000381469727,30.290000915527344,533600
2008-01-31,27.69290542602539,31.389999389648438,31.875,29.0,29.229999542236328,602400
2008-02-01,28.072267532348633,31.81999969482422,32.084999084472656,30.7450008392334,31.485000610351562,544400
2008-02-04,28.19576644897461,31.959999084472656,32.150001525878906,30.9950008392334,31.795000076293945,469400
2008-02-05,27.626739501953125,31.315000534057617,31.7450008392334,31.260000228881836,31.260000228881836,717600
2008-02-06,26.568073272705078,30.114999771118164,31.735000610351562,30.030000686645508,31.735000610351562,496000
2008-02-07,26.210777282714844,29.709999084472656,30.485000610351562,29.290000915527344,30.0049991607666,656400
2008-02-08,26.65630531311035,30.21500015258789,30.594999313354492,29.450000762939453,29.579999923706055,688000
2008-02-11,27.43265151977539,31.094999313354492,31.19499969482422,29.90999984741211,30.28499984741211,466600
2008-02-12,28.010515213012695,31.75,31.985000610351562,31.25,31.31999969482422,433000
2008-02-13,28.955387115478516,32.790000915527344,32.94499969482422,31.59000015258789,32.125,584600
2008-02-14,27.847139358520508,31.53499984741211,33.43000030517578,31.149999618530273,32.82500076293945,480800
2008-02-15,28.116466522216797,31.84000015258789,31.989999771118164,30.90999984741211,31.43000030517578,338200
2008-02-19,28.169458389282227,31.899999618530273,32.470001220703125,31.540000915527344,32.33000183105469,469600
2008-02-20,28.81407928466797,32.630001068115234,32.75,31.639999389648438,31.700000762939453,370800
2008-02-21,27.30406379699707,30.920000076293945,32.93000030517578,30.770000457763672,32.93000030517578,480100
2008-02-22,27.68377685546875,31.350000381469727,31.399999618530273,30.270000457763672,31.030000686645508,314700
2008-02-25,27.9045467376709,31.600000381469727,31.81999969482422,30.510000228881836,31.420000076293945,293500
2008-02-26,28.363727569580078,32.119998931884766,32.59000015258789,31.3700008392334,31.450000762939453,318000
2008-02-27,27.780914306640625,31.459999084472656,32.279998779296875,31.209999084472656,31.739999771118164,216000
2008-02-28,26.650606155395508,30.18000030517578,31.170000076293945,30.049999237060547,31.139999389648438,486500
2008-02-29,25.22888946533203,28.56999969482422,29.959999084472656,28.489999771118164,29.959999084472656,884800
2008-03-03,25.22888946533203,28.56999969482422,29.06999969482422,27.709999084472656,28.649999618530273,968900
2008-03-04,24.981639862060547,28.290000915527344,28.68000030517578,27.809999465942383,28.329999923706055,779900
2008-03-05,24.981639862060547,28.290000915527344,28.899999618530273,28.010000228881836,28.40999984741211,482700
2008-03-06,24.460622787475586,27.700000762939453,28.489999771118164,27.5,28.079999923706055,434300
2008-03-07,24.7608585357666,28.040000915527344,28.56999969482422,27.5,27.5,405600
2008-03-10,23.621726989746094,26.75,28.25,26.639999389648438,28.139999389648438,456800
2008-03-11,25.264204025268555,28.610000610351562,28.649999618530273,27.450000762939453,27.670000076293945,401100
2008-03-12,24.90216064453125,28.200000762939453,29.260000228881836,28.18000030517578,28.709999084472656,576300
2008-03-13,25.49380111694336,28.8700008392334,29.0,27.59000015258789,28.049999237060547,356000
2008-03-14,24.398807525634766,27.6299991607666,29.170000076293945,26.940000534057617,29.059999465942383,591100
2008-03-17,23.913137435913086,27.079999923706055,27.56999969482422,26.469999313354492,26.81999969482422,389800
2008-03-18,25.864683151245117,29.290000915527344,29.309999465942383,27.959999084472656,28.579999923706055,454600
2008-03-19,24.752029418945312,28.030000686645508,29.979999542236328,28.030000686645508,29.6299991607666,341600
2008-03-20,24.725543975830078,28.0,28.31999969482422,27.100000381469727,28.31999969482422,1155200
2008-03-24,25.56444549560547,28.950000762939453,29.3799991607666,28.030000686645508,28.219999313354492,377400
2008-03-25,25.599773406982422,28.989999771118164,29.170000076293945,28.34000015258789,29.030000686645508,316300
2008-03-26,25.343677520751953,28.700000762939453,28.8700008392334,28.299999237060547,28.790000915527344,309500
2008-03-27,24.275182723999023,27.489999771118164,28.670000076293945,27.420000076293945,28.670000076293945,473600
2008-03-28,23.860149383544922,27.020000457763672,27.93000030517578,26.950000762939453,27.59000015258789,515200
2008-03-31,23.59524154663086,26.719999313354492,27.31999969482422,26.459999084472656,27.100000381469727,625200
2008-04-01,24.93747901916504,28.239999771118164,28.239999771118164,27.030000686645508,27.219999313354492,665200
2008-04-02,25.37900161743164,28.739999771118164,29.020000457763672,27.780000686645508,28.110000610351562,433600
2008-04-03,25.44964599609375,28.81999969482422,29.020000457763672,28.200000762939453,28.510000228881836,296000
2008-04-04,25.44964599609375,28.81999969482422,29.290000915527344,28.43000030517578,28.969999313354492,215800
2008-04-07,24.972797393798828,28.280000686645508,29.389999389648438,28.200000762939453,29.0,260200
2008-04-08,24.62840461730957,27.889999389648438,28.200000762939453,27.670000076293945,28.040000915527344,214400
2008-04-09,24.610748291015625,27.8700008392334,28.3700008392334,27.6200008392334,27.979999542236328,232400
2008-04-10,24.610748291015625,27.8700008392334,27.959999084472656,27.350000381469727,27.850000381469727,232400
2008-04-11,23.692367553710938,26.829999923706055,27.459999084472656,26.6299991607666,27.25,236000
2008-04-14,23.206697463989258,26.280000686645508,26.8700008392334,26.270000457763672,26.8700008392334,578100
2008-04-15,23.736520767211914,26.8799991607666,26.989999771118164,26.399999618530273,26.40999984741211,563700
2008-04-16,24.354652404785156,27.579999923706055,27.65999984741211,27.020000457763672,27.1299991607666,328000
2008-04-17,23.983781814575195,27.15999984741211,27.739999771118164,27.15999984741211,27.43000030517578,288000
2008-04-18,24.699045181274414,27.969999313354492,28.229999542236328,27.299999237060547,27.719999313354492,502800
2008-04-21,26.00597381591797,29.450000762939453,29.809999465942383,27.979999542236328,28.0,715100
2008-04-22,30.006200790405273,33.97999954223633,34.77000045776367,31.219999313354492,31.25,2101600
2008-04-23,30.73031997680664,34.79999923706055,35.290000915527344,32.15999984741211,32.15999984741211,1119000
2008-04-24,30.465402603149414,34.5,34.970001220703125,33.75,34.66999816894531,550900
2008-04-25,31.215993881225586,35.349998474121094,35.439998626708984,34.25,34.56999969482422,653200
2008-04-28,31.260149002075195,35.400001525878906,35.5,34.939998626708984,35.220001220703125,551400
2008-04-29,30.92459487915039,35.02000045776367,35.63999938964844,34.86000061035156,35.47999954223633,343600
2008-04-30,31.021739959716797,35.130001068115234,35.59000015258789,34.880001068115234,35.20000076293945,652400
2008-05-01,31.1012020111084,35.220001220703125,35.459999084472656,34.779998779296875,35.0,468900
2008-05-02,30.341768264770508,34.36000061035156,35.72999954223633,34.25,35.2400016784668,449700
2008-05-05,30.271137237548828,34.279998779296875,34.59000015258789,34.0,34.439998626708984,299200
2008-05-06,30.509546279907227,34.54999923706055,34.880001068115234,33.83000183105469,34.0099983215332,315600
2008-05-07,29.343923568725586,33.22999954223633,34.709999084472656,33.119998931884766,34.599998474121094,334500
2008-05-08,29.635330200195312,33.560001373291016,34.040000915527344,33.13999938964844,33.29999923706055,243700
2008-05-09,30.006200790405273,33.97999954223633,34.13999938964844,32.650001525878906,33.06999969482422,267100
2008-05-12,30.73031997680664,34.79999923706055,34.959999084472656,33.720001220703125,34.119998931884766,435000
2008-05-13,30.74799156188965,34.81999969482422,34.9900016784668,34.15999984741211,34.83000183105469,369100
2008-05-14,30.641826629638672,34.63999938964844,35.33000183105469,34.58000183105469,34.81999969482422,558100
2008-05-15,34.62242126464844,39.13999938964844,39.20000076293945,36.90999984741211,37.099998474121094,2550200
2008-05-16,35.984703063964844,40.68000030517578,42.77000045776367,39.25,41.06999969482422,2569400
2008-05-19,34.66665267944336,39.189998626708984,41.58000183105469,39.130001068115234,41.58000183105469,1347700
2008-05-20,34.100547790527344,38.54999923706055,39.20000076293945,37.849998474121094,38.400001525878906,1688100
2008-05-21,34.171302795410156,38.630001068115234,39.849998474121094,38.36000061035156,39.150001525878906,1021400
2008-05-22,34.03861999511719,38.47999954223633,38.84000015258789,37.869998931884766,38.560001373291016,712400
2008-05-23,33.667083740234375,38.060001373291016,38.45000076293945,37.2400016784668,37.869998931884766,576200
2008-05-27,34.99395751953125,39.560001373291016,39.599998474121094,38.0,38.400001525878906,672500
2008-05-28,34.83475112915039,39.380001068115234,39.9900016784668,38.290000915527344,39.79999923706055,464000
2008-05-29,35.312408447265625,39.91999816894531,41.16999816894531,38.70000076293945,39.04999923706055,1099400
2008-05-30,35.62201690673828,40.27000045776367,40.630001068115234,39.720001220703125,40.400001525878906,535300
2008-06-02,35.06473922729492,39.63999938964844,40.20000076293945,39.0,40.150001525878906,592300
2008-06-03,34.71974563598633,39.25,40.150001525878906,38.68000030517578,39.720001220703125,531000
2008-06-04,34.19784164428711,38.65999984741211,39.529998779296875,38.459999084472656,38.9900016784668,831900
2008-06-05,35.807769775390625,40.47999954223633,40.619998931884766,38.91999816894531,39.7599983215332,704600
2008-06-06,33.96785354614258,38.400001525878906,41.5,38.380001068115234,40.400001525878906,1068800
2008-06-09,34.144744873046875,38.599998474121094,38.97999954223633,37.77000045776367,38.650001525878906,704400
2008-06-10,34.33936309814453,38.81999969482422,39.2599983215332,37.95000076293945,39.209999084472656,738000
2008-06-11,33.47248458862305,37.84000015258789,39.40999984741211,37.84000015258789,38.63999938964844,679600
2008-06-12,33.41940689086914,37.779998779296875,39.09000015258789,37.619998931884766,38.209999084472656,515100
2008-06-13,35.18854904174805,39.779998779296875,39.84000015258789,37.540000915527344,38.2599983215332,671900
2008-06-16,35.1354866027832,39.720001220703125,39.869998931884766,38.81999969482422,39.709999084472656,376400
2008-06-17,34.710914611816406,39.2400016784668,39.849998474121094,38.79999923706055,39.7599983215332,438800
2008-06-18,34.43667221069336,38.93000030517578,39.310001373291016,38.40999984741211,39.220001220703125,339300
2008-06-19,35.24164581298828,39.84000015258789,39.849998474121094,38.5099983215332,38.939998626708984,399500
2008-06-20,35.692771911621094,40.349998474121094,40.599998474121094,39.400001525878906,39.54999923706055,1160300
2008-06-23,35.445098876953125,40.06999969482422,40.900001525878906,39.59000015258789,40.7599983215332,462900
2008-06-24,34.83475112915039,39.380001068115234,40.439998626708984,39.2400016784668,40.029998779296875,398700
2008-06-25,33.684783935546875,38.08000183105469,39.560001373291016,37.939998626708984,39.560001373291016,776300
2008-06-26,32.74711608886719,37.02000045776367,37.88999938964844,36.650001525878906,37.79999923706055,615000
2008-06-27,32.26060104370117,36.470001220703125,37.36000061035156,35.880001068115234,36.86000061035156,1484100
2008-06-30,31.544116973876953,35.65999984741211,36.7599983215332,35.619998931884766,36.40999984741211,606500
2008-07-01,32.517127990722656,36.7599983215332,37.0,35.25,35.599998474121094,696200
2008-07-02,29.45649528503418,33.29999923706055,36.70000076293945,33.25,36.65999984741211,981500
2008-07-03,30.871816635131836,34.900001525878906,35.290000915527344,33.31999969482422,34.88999938964844,602100
2008-07-07,31.084129333496094,35.13999938964844,35.63999938964844,34.09000015258789,35.18000030517578,758000
2008-07-08,31.420246124267578,35.52000045776367,35.619998931884766,34.18000030517578,35.130001068115234,495100
2008-07-09,31.46449089050293,35.56999969482422,36.91999816894531,35.5099983215332,35.939998626708984,575600
2008-07-10,31.76523780822754,35.90999984741211,36.220001220703125,34.880001068115234,35.38999938964844,349400
2008-07-11,31.261035919189453,35.34000015258789,35.65999984741211,34.099998474121094,35.52000045776367,419800
2008-07-14,31.526403427124023,35.63999938964844,36.43000030517578,35.099998474121094,35.650001525878906,366600
2008-07-15,30.933752059936523,34.970001220703125,35.79999923706055,33.619998931884766,34.970001220703125,473600
2008-07-16,32.61444854736328,36.869998931884766,36.959999084472656,34.75,35.61000061035156,678600
2008-07-17,32.86212158203125,37.150001525878906,37.95000076293945,36.75,37.0,557100
2008-07-18,33.01250457763672,37.31999969482422,38.0,36.709999084472656,37.869998931884766,547700
2008-07-21,33.8263053894043,38.2400016784668,38.459999084472656,37.11000061035156,38.0,906900
2008-07-22,39.92991638183594,45.13999938964844,45.25,41.189998626708984,41.400001525878906,2339800
2008-07-23,38.1607551574707,43.13999938964844,44.97999954223633,42.130001068115234,44.630001068115234,1331200
2008-07-24,38.49689865112305,43.52000045776367,44.599998474121094,43.029998779296875,43.5,927300
2008-07-25,39.231082916259766,44.349998474121094,44.650001525878906,43.20000076293945,43.90999984741211,584400
2008-07-28,40.10683059692383,45.34000015258789,46.75,44.0,45.5,864600
2008-07-29,40.531429290771484,45.81999969482422,46.099998474121094,44.20000076293945,44.20000076293945,706200
2008-07-30,40.947181701660156,46.290000915527344,47.599998474121094,44.709999084472656,46.150001525878906,805300
2008-07-31,39.80607604980469,45.0,46.5,45.0,45.75,604200
2008-08-01,41.25677490234375,46.63999938964844,46.83000183105469,44.5099983215332,45.0099983215332,584900
2008-08-04,39.478782653808594,44.630001068115234,47.150001525878906,44.20000076293945,47.150001525878906,546500
2008-08-05,41.433692932128906,46.84000015258789,46.880001068115234,44.9900016784668,44.9900016784668,657000
2008-08-06,41.026790618896484,46.380001068115234,46.68000030517578,45.779998779296875,46.619998931884766,459600
2008-08-07,40.6906623840332,46.0,46.45000076293945,45.38999938964844,45.7599983215332,271600
2008-08-08,42.397891998291016,47.93000030517578,48.25,45.099998474121094,45.5,578500
2008-08-11,42.57480239868164,48.130001068115234,48.619998931884766,46.2599983215332,46.2599983215332,620200
2008-08-12,41.37178421020508,46.77000045776367,47.2599983215332,46.220001220703125,46.7599983215332,678300
2008-08-13,41.513484954833984,46.869998931884766,47.2400016784668,45.939998626708984,45.939998626708984,520500
2008-08-14,41.548919677734375,46.90999984741211,47.11000061035156,46.369998931884766,46.54999923706055,464000
2008-08-15,41.389488220214844,46.72999954223633,47.5,46.040000915527344,47.470001220703125,471700
2008-08-18,40.63663101196289,45.880001068115234,46.79999923706055,45.18000030517578,46.77000045776367,326600
2008-08-19,39.325782775878906,44.400001525878906,45.93000030517578,43.459999084472656,45.540000915527344,783300
2008-08-20,40.57465362548828,45.810001373291016,46.040000915527344,44.029998779296875,44.4900016784668,702800
2008-08-21,40.122920989990234,45.29999923706055,45.9900016784668,44.58000183105469,45.0099983215332,408600
2008-08-22,41.04405975341797,46.34000015258789,46.47999954223633,44.779998779296875,45.290000915527344,492200
2008-08-25,39.733219146728516,44.86000061035156,45.97999954223633,44.68000030517578,45.97999954223633,410500
2008-08-26,40.11407470703125,45.290000915527344,45.790000915527344,44.33000183105469,44.33000183105469,502800
2008-08-27,39.83063888549805,44.970001220703125,45.88999938964844,44.83000183105469,45.38999938964844,532200
2008-08-28,41.41606140136719,46.7599983215332,46.77000045776367,44.970001220703125,45.04999923706055,666000
2008-08-29,41.03521728515625,46.33000183105469,46.66999816894531,45.88999938964844,46.66999816894531,441700
2008-09-02,40.63663101196289,45.880001068115234,47.70000076293945,45.4900016784668,46.9900016784668,423800
2008-09-03,39.18406295776367,44.2400016784668,46.04999923706055,44.15999984741211,45.880001068115234,670500
2008-09-04,35.26033020019531,39.810001373291016,44.34000015258789,39.779998779296875,44.0,1126300
2008-09-05,36.757198333740234,41.5,41.77000045776367,39.29999923706055,39.61000061035156,727700
2008-09-08,35.729759216308594,40.34000015258789,43.0,39.400001525878906,42.13999938964844,773300
2008-09-09,33.30290985107422,37.599998474121094,40.66999816894531,37.41999816894531,39.91999816894531,665100
2008-09-10,35.2957763671875,39.849998474121094,40.290000915527344,37.65999984741211,38.15999984741211,933400
2008-09-11,36.854618072509766,41.61000061035156,41.79999923706055,39.54999923706055,40.45000076293945,892900
2008-09-12,36.82807540893555,41.58000183105469,41.83000183105469,40.220001220703125,41.540000915527344,428100
2008-09-15,33.48007583618164,37.79999923706055,40.880001068115234,37.400001525878906,40.18000030517578,676900
2008-09-16,34.914913177490234,39.41999816894531,39.630001068115234,36.369998931884766,37.29999923706055,867800
2008-09-17,31.84148406982422,35.95000076293945,39.38999938964844,35.0,38.75,964000
2008-09-18,33.19662094116211,37.47999954223633,37.939998626708984,33.720001220703125,37.34000015258789,1124800
2008-09-19,35.3754768371582,39.939998626708984,41.43000030517578,39.02000045776367,39.130001068115234,1676200
2008-09-22,34.330352783203125,38.7599983215332,40.25,38.61000061035156,39.900001525878906,711600
2008-09-23,33.524330139160156,37.849998474121094,39.38999938964844,37.5,38.869998931884766,419700
2008-09-24,33.48891067504883,37.810001373291016,38.689998626708984,37.5,38.0,468200
2008-09-25,33.98490905761719,38.369998931884766,38.86000061035156,37.77000045776367,37.9900016784668,340400
2008-09-26,34.18862533569336,38.599998474121094,38.689998626708984,36.81999969482422,37.5,449900
2008-09-29,30.397754669189453,34.31999969482422,37.83000183105469,33.0,37.83000183105469,629700
2008-09-30,31.23920249938965,35.27000045776367,35.560001373291016,34.0099983215332,34.790000915527344,645600
2008-10-01,29.66262435913086,33.4900016784668,35.9900016784668,33.189998626708984,35.66999816894531,820600
2008-10-02,26.6600399017334,30.100000381469727,34.13999938964844,29.81999969482422,33.77000045776367,819500
2008-10-03,26.37662124633789,29.780000686645508,32.33000183105469,29.68000030517578,31.149999618530273,838900
2008-10-06,25.065746307373047,28.299999237060547,29.68000030517578,26.270000457763672,29.139999389648438,1008700
2008-10-07,23.50688362121582,26.540000915527344,29.34000015258789,26.440000534057617,28.799999237060547,872200
2008-10-08,23.205753326416016,26.200000762939453,28.110000610351562,25.610000610351562,25.829999923706055,1099500
2008-10-09,22.231470108032227,25.100000381469727,27.899999618530273,25.010000228881836,26.850000381469727,1013300
2008-10-10,25.02146339416504,28.25,29.299999237060547,24.260000228881836,24.6299991607666,1340300
2008-10-13,28.71489906311035,32.41999816894531,32.4900016784668,28.579999923706055,29.31999969482422,1006800
2008-10-14,26.784048080444336,30.239999771118164,35.150001525878906,29.75,35.0,1055800
2008-10-15,24.454607009887695,27.610000610351562,30.649999618530273,27.600000381469727,29.68000030517578,974800
2008-10-16,27.84689712524414,31.440000534057617,31.739999771118164,27.510000228881836,28.09000015258789,1033000
2008-10-17,27.873472213745117,31.469999313354492,33.66999816894531,28.979999542236328,30.6299991607666,1109200
2008-10-20,29.644908905029297,33.470001220703125,33.47999954223633,31.420000076293945,31.899999618530273,1149500
2008-10-21,28.422611236572266,32.09000015258789,34.06999969482422,32.0,33.04999923706055,661900
2008-10-22,25.490894317626953,28.780000686645508,31.979999542236328,28.0,31.450000762939453,769100
2008-10-23,25.101179122924805,28.34000015258789,30.010000228881836,26.540000915527344,29.1299991607666,826700
2008-10-24,24.01175880432129,27.110000610351562,28.059999465942383,25.34000015258789,25.6200008392334,819100
2008-10-27,22.993173599243164,25.959999084472656,28.239999771118164,25.93000030517578,26.739999771118164,527400
2008-10-28,26.562610626220703,29.989999771118164,30.09000015258789,25.440000534057617,27.969999313354492,794000
2008-10-29,27.25346565246582,30.770000457763672,32.65999984741211,28.75,30.3799991607666,1005000
2008-10-30,28.378326416015625,32.040000915527344,32.97999954223633,30.81999969482422,31.68000030517578,497400
2008-10-31,28.431467056274414,32.099998474121094,33.560001373291016,30.8700008392334,32.0099983215332,842400
2008-11-03,28.599761962890625,32.290000915527344,32.79999923706055,31.229999542236328,31.93000030517578,626500
2008-11-04,28.60862159729004,32.29999923706055,34.099998474121094,31.540000915527344,33.18000030517578,672400
2008-11-05,26.057750701904297,29.420000076293945,32.77000045776367,29.25,31.90999984741211,813900
2008-11-06,24.481163024902344,27.639999389648438,29.950000762939453,27.56999969482422,29.06999969482422,653200
2008-11-07,24.932889938354492,28.149999618530273,29.329999923706055,27.239999771118164,27.979999542236328,749700
2008-11-10,24.31289291381836,27.450000762939453,29.020000457763672,26.790000915527344,29.0,533200
2008-11-11,23.790321350097656,26.860000610351562,28.1299991607666,26.209999084472656,27.149999618530273,523700
2008-11-12,21.939176559448242,24.770000457763672,27.329999923706055,24.75,26.31999969482422,744400
2008-11-13,23.39527702331543,26.350000381469727,26.5,22.75,24.850000381469727,1015600
2008-11-14,21.983572006225586,24.760000228881836,26.649999618530273,24.579999923706055,25.760000228881836,703300
2008-11-17,21.255517959594727,23.940000534057617,24.989999771118164,23.459999084472656,24.450000762939453,698900
2008-11-18,21.468608856201172,24.18000030517578,24.93000030517578,23.010000228881836,23.93000030517578,1027400
2008-11-19,19.604084014892578,22.079999923706055,24.31999969482422,22.030000686645508,24.170000076293945,919300
2008-11-20,15.146998405456543,17.059999465942383,19.600000381469727,15.880000114440918,17.739999771118164,3636200
2008-11-21,15.804019927978516,17.799999237060547,18.5,16.209999084472656,17.479999542236328,1663300
2008-11-24,16.57646369934082,18.670000076293945,19.040000915527344,17.649999618530273,17.799999237060547,1067300
2008-11-25,17.224611282348633,19.399999618530273,19.510000228881836,18.200000762939453,18.799999237060547,1460600
2008-11-26,18.716224670410156,21.079999923706055,21.190000534057617,17.81999969482422,18.75,724400
2008-11-28,18.858280181884766,21.239999771118164,21.270000457763672,20.450000762939453,20.940000534057617,420600
2008-12-01,16.82506561279297,18.950000762939453,20.8700008392334,18.8700008392334,20.479999542236328,1023900
2008-12-02,17.84610939025879,20.100000381469727,20.200000762939453,18.809999465942383,19.469999313354492,1003600
2008-12-03,18.52089500427246,20.860000610351562,21.0,19.0,19.600000381469727,984500
2008-12-04,17.437694549560547,19.639999389648438,21.0,19.209999084472656,19.979999542236328,703400
2008-12-05,18.361064910888672,20.68000030517578,20.760000228881836,18.959999084472656,19.190000534057617,895800
2008-12-08,19.95035171508789,22.469999313354492,22.860000610351562,21.06999969482422,21.239999771118164,887500
2008-12-09,18.130239486694336,20.420000076293945,22.690000534057617,20.299999237060547,22.209999084472656,920400
2008-12-10,18.094717025756836,20.3799991607666,21.40999984741211,20.0,20.75,948600
2008-12-11,17.251239776611328,19.43000030517578,20.979999542236328,19.209999084472656,20.030000686645508,736900
2008-12-12,18.42322540283203,20.75,20.850000381469727,19.0,19.0,706100
2008-12-15,17.881620407104492,20.139999389648438,21.049999237060547,19.780000686645508,20.860000610351562,468300
2008-12-16,19.373249053955078,21.81999969482422,21.920000076293945,20.290000915527344,20.670000076293945,936200
2008-12-17,20.021390914916992,22.549999237060547,22.68000030517578,20.920000076293945,21.469999313354492,744700
2008-12-18,19.2933406829834,21.729999542236328,22.920000076293945,21.139999389648438,22.670000076293945,5766400
2008-12-19,20.030263900756836,22.559999465942383,23.170000076293945,21.020000457763672,22.290000915527344,1492400
2008-12-22,19.23118019104004,21.65999984741211,22.639999389648438,20.969999313354492,22.540000915527344,621100
2008-12-23,18.929309844970703,21.31999969482422,22.200000762939453,21.059999465942383,21.90999984741211,516000
2008-12-24,19.55970001220703,22.030000686645508,22.059999465942383,21.06999969482422,21.299999237060547,152700
2008-12-26,19.666231155395508,22.149999618530273,22.18000030517578,21.309999465942383,22.06999969482422,209200
2008-12-29,18.87604522705078,21.260000228881836,22.170000076293945,20.979999542236328,22.149999618530273,389800
2008-12-30,19.639602661132812,22.1200008392334,22.18000030517578,21.290000915527344,21.530000686645508,320600
2008-12-31,20.438678741455078,23.020000457763672,23.200000762939453,22.239999771118164,22.239999771118164,559200
2009-01-02,21.397579193115234,24.100000381469727,24.420000076293945,22.6299991607666,23.149999618530273,410100
2009-01-05,21.317665100097656,24.010000228881836,24.309999465942383,23.079999923706055,23.959999084472656,393200
2009-01-06,21.93917465209961,24.709999084472656,25.100000381469727,23.510000228881836,24.209999084472656,385100
2009-01-07,20.713916778564453,23.329999923706055,24.239999771118164,23.06999969482422,24.1299991607666,496700
2009-01-08,20.847097396850586,23.479999542236328,23.760000228881836,22.940000534057617,23.270000457763672,587300
2009-01-09,20.039138793945312,22.56999969482422,23.790000915527344,22.31999969482422,23.5,407000
2009-01-12,18.955951690673828,21.350000381469727,22.549999237060547,21.06999969482422,22.5,694500
2009-01-13,19.25782012939453,21.690000534057617,21.850000381469727,21.15999984741211,21.170000076293945,387000
2009-01-14,18.192380905151367,20.489999771118164,21.860000610351562,20.450000762939453,21.489999771118164,583300
2009-01-15,18.698457717895508,21.059999465942383,21.200000762939453,19.700000762939453,20.360000610351562,828200
2009-01-16,18.93818473815918,21.329999923706055,21.770000457763672,20.56999969482422,21.3700008392334,459400
2009-01-20,17.66853141784668,19.899999618530273,21.56999969482422,19.56999969482422,21.1299991607666,744700
2009-01-21,20.79383087158203,23.420000076293945,25.399999618530273,22.799999237060547,23.950000762939453,3065600
2009-01-22,19.772783279418945,22.270000457763672,23.0,21.459999084472656,22.799999237060547,1143500
2009-01-23,19.87044334411621,22.3799991607666,22.719999313354492,21.350000381469727,21.520000457763672,1042500
2009-01-26,19.595216751098633,22.06999969482422,23.18000030517578,21.559999465942383,22.399999618530273,831000
2009-01-27,19.541933059692383,22.010000228881836,22.440000534057617,21.6299991607666,22.1299991607666,548600
2009-01-28,20.127927780151367,22.670000076293945,22.93000030517578,22.229999542236328,22.450000762939453,437000
2009-01-29,19.160154342651367,21.579999923706055,22.5,21.290000915527344,22.309999465942383,644200
2009-01-30,18.26341438293457,20.56999969482422,22.030000686645508,20.34000015258789,21.940000534057617,528700
2009-02-02,17.970417022705078,20.239999771118164,20.450000762939453,19.639999389648438,20.030000686645508,630600
2009-02-03,17.757326126098633,20.0,20.290000915527344,19.479999542236328,20.270000457763672,592700
2009-02-04,17.499845504760742,19.709999084472656,20.549999237060547,19.43000030517578,19.8799991607666,595900
2009-02-05,17.721813201904297,19.959999084472656,20.40999984741211,19.200000762939453,19.5,498700
2009-02-06,18.325571060180664,20.639999389648438,20.719999313354492,19.649999618530273,19.90999984741211,593700
2009-02-09,18.041452407836914,20.31999969482422,20.719999313354492,20.020000457763672,20.549999237060547,485600
2009-02-10,17.260116577148438,19.440000534057617,20.350000381469727,19.329999923706055,20.030000686645508,897000
2009-02-11,17.019657135009766,19.110000610351562,19.799999237060547,18.8700008392334,19.469999313354492,522900
2009-02-12,17.11762809753418,19.219999313354492,19.299999237060547,18.450000762939453,18.899999618530273,515200
2009-02-13,17.07309341430664,19.170000076293945,19.649999618530273,18.84000015258789,19.5,748900
2009-02-17,16.47637939453125,18.5,19.170000076293945,18.3700008392334,18.809999465942383,1010800
2009-02-18,16.06670379638672,18.040000915527344,18.950000762939453,18.0,18.75,596000
2009-02-19,15.844045639038086,17.790000915527344,18.540000915527344,17.790000915527344,18.280000686645508,489200
2009-02-20,15.398736953735352,17.290000915527344,17.719999313354492,16.760000228881836,17.459999084472656,795100
2009-02-23,14.757493019104004,16.56999969482422,17.530000686645508,16.530000686645508,17.399999618530273,925900
2009-02-24,15.7193603515625,17.649999618530273,17.850000381469727,16.68000030517578,16.729999542236328,944700
2009-02-25,15.318582534790039,17.200000762939453,17.68000030517578,16.959999084472656,17.540000915527344,887900
2009-02-26,15.229520797729492,17.100000381469727,17.860000610351562,17.079999923706055,17.510000228881836,546300
2009-02-27,15.336398124694824,17.219999313354492,17.6200008392334,16.709999084472656,16.729999542236328,718200
2009-03-02,10.286602020263672,11.550000190734863,15.199999809265137,10.979999542236328,14.989999771118164,4684800
2009-03-03,10.402386665344238,11.680000305175781,12.140000343322754,11.619999885559082,11.800000190734863,1421500
2009-03-04,10.135199546813965,11.380000114440918,11.989999771118164,10.4399995803833,11.989999771118164,1412400
2009-03-05,9.10208511352539,10.220000267028809,11.1899995803833,10.130000114440918,11.050000190734863,1438300
2009-03-06,8.086784362792969,9.079999923706055,10.300000190734863,8.609999656677246,10.180000305175781,2327900
2009-03-09,7.160547733306885,8.039999961853027,9.100000381469727,8.0,8.920000076293945,2114900
2009-03-10,7.579136848449707,8.510000228881836,8.729999542236328,8.0600004196167,8.319999694824219,1917000
2009-03-11,8.149126052856445,9.149999618530273,9.399999618530273,8.609999656677246,8.729999542236328,1371800
2009-03-12,8.362874031066895,9.390000343322754,9.90999984741211,8.520000457763672,9.90999984741211,861900
2009-03-13,8.416318893432617,9.449999809265137,9.640000343322754,9.260000228881836,9.510000228881836,637200
2009-03-16,8.104593276977539,9.100000381469727,9.670000076293945,9.09000015258789,9.609999656677246,897500
2009-03-17,8.541001319885254,9.59000015258789,9.600000381469727,9.0,9.079999923706055,1003100
2009-03-18,8.6122465133667,9.670000076293945,9.789999961853027,9.119999885559082,9.5,1287800
2009-03-19,8.549903869628906,9.600000381469727,9.899999618530273,9.5,9.899999618530273,784000
2009-03-20,7.8374104499816895,8.800000190734863,9.770000457763672,8.789999961853027,9.729999542236328,1288000
2009-03-23,8.772558212280273,9.850000381469727,9.850000381469727,9.220000267028809,9.220000267028809,952100
2009-03-24,8.425222396850586,9.460000038146973,9.710000038146973,9.350000381469727,9.539999961853027,918300
2009-03-25,9.057557106018066,10.170000076293945,10.329999923706055,9.5,9.600000381469727,1633300
2009-03-26,11.008003234863281,12.359999656677246,12.430000305175781,10.699999809265137,10.8100004196167,2821600
2009-03-27,10.509256362915039,11.800000190734863,12.1899995803833,11.640000343322754,12.100000381469727,1298700
2009-03-30,9.82348346710205,11.029999732971191,11.5,10.829999923706055,11.4399995803833,884500
2009-03-31,9.957079887390137,11.180000305175781,11.600000381469727,11.0,11.25,665100
2009-04-01,10.10848331451416,11.350000381469727,11.380000114440918,10.65999984741211,10.960000038146973,598000
2009-04-02,10.990196228027344,12.34000015258789,12.670000076293945,11.710000038146973,11.720000267028809,1030000
2009-04-03,11.168313980102539,12.539999961853027,12.609999656677246,11.960000038146973,12.229999542236328,583000
2009-04-06,11.435497283935547,12.84000015258789,12.880000114440918,12.390000343322754,12.479999542236328,612000
2009-04-07,10.767537117004395,12.09000015258789,12.720000267028809,12.0600004196167,12.609999656677246,650000
2009-04-08,11.159408569335938,12.529999732971191,12.649999618530273,12.1899995803833,12.239999771118164,442100
2009-04-09,12.343923568725586,13.859999656677246,13.9399995803833,12.859999656677246,12.949999809265137,810300
2009-04-13,12.299394607543945,13.8100004196167,14.220000267028809,13.270000457763672,13.5,654700
2009-04-14,12.165801048278809,13.65999984741211,14.020000457763672,13.199999809265137,13.5600004196167,702600
2009-04-15,12.33502197265625,13.850000381469727,13.890000343322754,13.399999618530273,13.5,446200
2009-04-16,13.002984046936035,14.600000381469727,14.789999961853027,13.899999618530273,13.960000038146973,582100
2009-04-17,13.216730117797852,14.84000015258789,14.979999542236328,14.270000457763672,14.59000015258789,558600
2009-04-20,12.08564281463623,13.569999694824219,14.40999984741211,13.350000381469727,14.390000343322754,635600
2009-04-21,12.628923416137695,14.180000305175781,14.210000038146973,13.25,13.369999885559082,587600
2009-04-22,13.35922622680664,15.0,15.470000267028809,13.8100004196167,13.8100004196167,1311800
2009-04-23,16.12013816833496,18.100000381469727,19.059999465942383,16.989999771118164,18.760000228881836,3066100
2009-04-24,16.663406372070312,18.709999084472656,18.899999618530273,18.09000015258789,18.309999465942383,1326200
2009-04-27,16.556535720825195,18.59000015258789,19.1200008392334,17.899999618530273,18.25,984000
2009-04-28,16.592159271240234,18.6299991607666,19.030000686645508,18.170000076293945,18.399999618530273,568700
2009-04-29,18.417911529541016,20.68000030517578,20.850000381469727,18.950000762939453,18.950000762939453,1051500
2009-04-30,17.77667808532715,19.959999084472656,21.5,19.940000534057617,20.979999542236328,832400
2009-05-01,18.034963607788086,20.25,20.84000015258789,19.770000457763672,19.959999084472656,637000
2009-05-04,18.85432243347168,21.170000076293945,21.190000534057617,20.420000076293945,20.780000686645508,787300
2009-05-05,18.52479362487793,20.799999237060547,21.43000030517578,20.469999313354492,21.1299991607666,538900
2009-05-06,18.587141036987305,20.8700008392334,21.549999237060547,20.25,21.229999542236328,839000
2009-05-07,17.696521759033203,19.8700008392334,21.170000076293945,19.56999969482422,21.010000228881836,736200
2009-05-08,19.4421329498291,21.829999923706055,21.829999923706055,19.459999084472656,19.459999084472656,672700
2009-05-11,18.925579071044922,21.25,21.639999389648438,20.940000534057617,21.459999084472656,592400
2009-05-12,19.183847427368164,21.540000915527344,21.790000915527344,20.989999771118164,21.559999465942383,703900
2009-05-13,17.785579681396484,19.969999313354492,21.170000076293945,19.90999984741211,21.170000076293945,785300
2009-05-14,18.071447372436523,20.229999542236328,20.649999618530273,19.850000381469727,20.1200008392334,479700
2009-05-15,17.30321502685547,19.3700008392334,20.18000030517578,19.229999542236328,20.15999984741211,631400
2009-05-18,17.883848190307617,20.020000457763672,20.09000015258789,19.229999542236328,19.719999313354492,616200
2009-05-19,17.83917808532715,19.969999313354492,20.239999771118164,19.469999313354492,19.829999923706055,522600
2009-05-20,17.723051071166992,19.84000015258789,20.889999389648438,19.700000762939453,20.100000381469727,442500
2009-05-21,17.231739044189453,19.290000915527344,19.3799991607666,18.790000915527344,19.350000381469727,488400
2009-05-22,16.64215850830078,18.6299991607666,19.6299991607666,18.59000015258789,19.6299991607666,394500
2009-05-26,17.660524368286133,19.770000457763672,19.809999465942383,18.510000228881836,18.610000610351562,588500
2009-05-27,17.374664306640625,19.450000762939453,20.049999237060547,19.3799991607666,19.59000015258789,448900
2009-05-28,18.089311599731445,20.25,20.6299991607666,19.43000030517578,19.600000381469727,801600
2009-05-29,18.33942985534668,20.530000686645508,20.989999771118164,20.200000762939453,20.520000457763672,851800
2009-06-01,19.974172592163086,22.360000610351562,22.540000915527344,20.93000030517578,21.079999923706055,746800
2009-06-02,20.492280960083008,22.940000534057617,23.280000686645508,22.09000015258789,22.270000457763672,640700
2009-06-03,19.938438415527344,22.31999969482422,23.190000534057617,22.149999618530273,22.700000762939453,743800
2009-06-04,20.519075393676758,22.969999313354492,23.030000686645508,22.31999969482422,22.59000015258789,497300
2009-06-05,20.653078079223633,23.1200008392334,23.489999771118164,22.670000076293945,23.190000534057617,484500
2009-06-08,19.84017562866211,22.209999084472656,23.100000381469727,21.75,23.100000381469727,449600
2009-06-09,19.974172592163086,22.360000610351562,22.469999313354492,22.040000915527344,22.3799991607666,443000
2009-06-10,19.87590789794922,22.25,23.09000015258789,21.59000015258789,22.540000915527344,536600
2009-06-11,19.456052780151367,21.780000686645508,22.93000030517578,21.770000457763672,22.360000610351562,470700
2009-06-12,19.268457412719727,21.56999969482422,21.649999618530273,20.940000534057617,21.649999618530273,434600
2009-06-15,18.250093460083008,20.43000030517578,21.479999542236328,20.0,21.260000228881836,423200
2009-06-16,17.865976333618164,20.0,20.989999771118164,19.889999389648438,20.860000610351562,418800
2009-06-17,17.794519424438477,19.920000076293945,20.219999313354492,19.219999313354492,20.020000457763672,294300
2009-06-18,18.098241806030273,20.260000228881836,20.389999389648438,19.459999084472656,19.81999969482422,362700
2009-06-19,18.455556869506836,20.65999984741211,21.15999984741211,20.389999389648438,20.649999618530273,583800
2009-06-22,17.294267654418945,19.360000610351562,20.329999923706055,19.329999923706055,20.329999923706055,408900
2009-06-23,16.76722526550293,18.770000457763672,19.530000686645508,18.610000610351562,19.40999984741211,401600
2009-06-24,17.13347816467285,19.18000030517578,19.6299991607666,18.760000228881836,18.979999542236328,351500
2009-06-25,17.615854263305664,19.719999313354492,19.75,18.790000915527344,19.100000381469727,451600
2009-06-26,17.6069278717041,19.709999084472656,19.8700008392334,19.34000015258789,19.610000610351562,677300
2009-06-29,17.937448501586914,20.079999923706055,20.190000534057617,19.260000228881836,19.719999313354492,440600
2009-06-30,17.68730926513672,19.799999237060547,20.3700008392334,19.719999313354492,20.0,517300
2009-07-01,18.098241806030273,20.260000228881836,21.139999389648438,20.1200008392334,20.1200008392334,707000
2009-07-02,17.115602493286133,19.15999984741211,20.229999542236328,19.010000228881836,20.100000381469727,527400
2009-07-06,16.32056427001953,18.270000457763672,19.1299991607666,17.969999313354492,19.09000015258789,764100
2009-07-07,15.579129219055176,17.440000534057617,18.299999237060547,17.399999618530273,17.979999542236328,749900
2009-07-08,15.17715072631836,16.989999771118164,17.860000610351562,16.549999237060547,17.59000015258789,722100
2009-07-09,15.016351699829102,16.809999465942383,17.860000610351562,16.760000228881836,17.25,698800
2009-07-10,15.454068183898926,17.299999237060547,17.389999389648438,16.43000030517578,16.59000015258789,759400
2009-07-13,15.739934921264648,17.6200008392334,17.690000534057617,16.31999969482422,17.309999465942383,678300
2009-07-14,15.864991188049316,17.760000228881836,18.059999465942383,17.420000076293945,17.65999984741211,246100
2009-07-15,17.02627944946289,19.059999465942383,19.100000381469727,17.889999389648438,18.06999969482422,477000
2009-07-16,17.490795135498047,19.579999923706055,19.68000030517578,18.549999237060547,18.860000610351562,374300
2009-07-17,16.633237838745117,18.6200008392334,19.670000076293945,18.489999771118164,19.670000076293945,726000
2009-07-20,17.008411407470703,19.040000915527344,19.18000030517578,18.6299991607666,18.84000015258789,609700
2009-07-21,17.50865364074707,19.600000381469727,19.770000457763672,19.06999969482422,19.31999969482422,557400
2009-07-22,18.241174697875977,20.420000076293945,20.450000762939453,19.34000015258789,19.479999542236328,781200
2009-07-23,19.08087158203125,21.360000610351562,21.5,20.010000228881836,20.43000030517578,1088800
2009-07-24,18.955806732177734,21.219999313354492,22.110000610351562,19.600000381469727,19.8799991607666,1052000
2009-07-27,18.17863655090332,20.350000381469727,21.190000534057617,20.110000610351562,21.059999465942383,842000
2009-07-28,17.446136474609375,19.530000686645508,19.690000534057617,18.280000686645508,18.40999984741211,1030200
2009-07-29,17.330005645751953,19.399999618530273,19.770000457763672,19.010000228881836,19.309999465942383,518800
2009-07-30,17.883848190307617,20.020000457763672,20.5,19.770000457763672,19.850000381469727,532600
2009-07-31,17.54439353942871,19.639999389648438,20.0,19.559999465942383,19.799999237060547,494900
2009-08-03,17.848114013671875,19.979999542236328,20.100000381469727,19.610000610351562,19.920000076293945,471300
2009-08-04,18.330495834350586,20.520000457763672,20.639999389648438,19.600000381469727,19.719999313354492,303800
2009-08-05,17.660524368286133,19.770000457763672,20.520000457763672,19.530000686645508,20.520000457763672,429800
2009-08-06,17.38359832763672,19.459999084472656,20.360000610351562,19.360000610351562,19.799999237060547,322300
2009-08-07,17.78559112548828,19.90999984741211,20.389999389648438,19.459999084472656,20.020000457763672,496200
2009-08-10,17.821308135986328,19.950000762939453,20.200000762939453,19.6299991607666,19.709999084472656,230000
2009-08-11,17.249595642089844,19.309999465942383,19.889999389648438,19.209999084472656,19.780000686645508,211000
2009-08-12,17.928512573242188,20.06999969482422,20.34000015258789,19.3799991607666,19.3799991607666,348400
2009-08-13,18.08036994934082,20.239999771118164,20.440000534057617,19.90999984741211,20.190000534057617,371300
2009-08-14,17.92806625366211,20.010000228881836,20.190000534057617,19.760000228881836,20.139999389648438,320600
2009-08-17,17.184423446655273,19.18000030517578,19.639999389648438,19.020000457763672,19.549999237060547,341900
2009-08-18,17.623435974121094,19.670000076293945,19.75,19.1200008392334,19.299999237060547,314200
2009-08-19,17.78471565246582,19.850000381469727,19.989999771118164,19.1299991607666,19.149999618530273,210800
2009-08-20,18.125173568725586,20.229999542236328,20.440000534057617,19.639999389648438,19.700000762939453,281900
2009-08-21,18.806100845336914,20.989999771118164,21.18000030517578,20.459999084472656,20.530000686645508,544100
2009-08-24,18.573139190673828,20.729999542236328,21.15999984741211,20.579999923706055,21.0,239600
2009-08-25,18.67170524597168,20.84000015258789,21.100000381469727,20.600000381469727,20.719999313354492,165400
2009-08-26,18.528343200683594,20.68000030517578,20.959999084472656,20.559999465942383,20.739999771118164,183900
2009-08-27,19.092798233032227,21.309999465942383,21.459999084472656,20.5,20.559999465942383,377400
2009-08-28,19.164474487304688,21.389999389648438,21.739999771118164,20.799999237060547,21.549999237060547,260000
2009-08-31,18.806100845336914,20.989999771118164,21.25,20.65999984741211,21.200000762939453,321600
2009-09-01,18.30435562133789,20.43000030517578,21.520000457763672,20.299999237060547,20.790000915527344,442900
2009-09-02,18.295406341552734,20.420000076293945,20.760000228881836,20.25,20.31999969482422,397000
2009-09-03,18.779216766357422,20.959999084472656,21.0,20.459999084472656,20.639999389648438,381000
2009-09-04,19.36158561706543,21.610000610351562,21.75,20.920000076293945,20.979999542236328,377700
2009-09-08,19.80060577392578,22.100000381469727,22.15999984741211,21.549999237060547,21.81999969482422,304800
2009-09-09,20.36505699157715,22.729999542236328,22.940000534057617,21.8700008392334,22.15999984741211,397600
2009-09-10,20.759279251098633,23.170000076293945,23.18000030517578,22.600000381469727,22.639999389648438,332500
2009-09-11,20.526334762573242,22.90999984741211,23.200000762939453,22.40999984741211,23.170000076293945,266300
2009-09-14,20.804075241088867,23.219999313354492,23.25,22.530000686645508,22.729999542236328,197800
2009-09-15,21.601478576660156,24.110000610351562,24.270000457763672,23.0,23.200000762939453,370400
2009-09-16,22.578067779541016,25.200000762939453,25.239999771118164,24.200000762939453,24.280000686645508,556000
2009-09-17,22.757265090942383,25.399999618530273,25.8700008392334,25.0,25.209999084472656,568600
2009-09-18,22.32720184326172,24.920000076293945,25.84000015258789,24.899999618530273,25.479999542236328,572000
2009-09-21,22.219680786132812,24.799999237060547,24.959999084472656,24.309999465942383,24.540000915527344,233500
2009-09-22,22.309280395507812,24.899999618530273,25.31999969482422,24.639999389648438,24.899999618530273,308500
2009-09-23,21.897138595581055,24.440000534057617,25.100000381469727,24.420000076293945,25.09000015258789,222100
2009-09-24,21.55667495727539,24.059999465942383,24.739999771118164,23.780000686645508,24.440000534057617,295100
2009-09-25,20.94742774963379,23.3799991607666,23.989999771118164,23.280000686645508,23.940000534057617,265800
2009-09-28,21.80754852294922,24.34000015258789,24.600000381469727,23.18000030517578,23.600000381469727,261400
2009-09-29,21.63730812072754,24.149999618530273,24.6299991607666,24.0,24.420000076293945,222000
2009-09-30,21.735868453979492,24.260000228881836,24.8700008392334,23.510000228881836,24.06999969482422,451000
2009-10-01,20.768238067626953,23.18000030517578,24.260000228881836,23.15999984741211,24.100000381469727,501400
2009-10-02,20.57113265991211,22.959999084472656,23.479999542236328,22.709999084472656,22.950000762939453,353400
2009-10-05,20.902629852294922,23.329999923706055,23.530000686645508,22.489999771118164,23.020000457763672,421700
2009-10-06,21.67315101623535,24.190000534057617,24.3700008392334,23.510000228881836,23.540000915527344,430300
2009-10-07,22.013612747192383,24.56999969482422,24.729999542236328,24.09000015258789,24.09000015258789,338700
2009-10-08,22.371997833251953,24.969999313354492,25.3700008392334,24.579999923706055,24.81999969482422,486500
2009-10-09,22.62287139892578,25.25,25.479999542236328,24.829999923706055,24.829999923706055,191200
2009-10-12,22.354076385498047,24.950000762939453,25.489999771118164,24.899999618530273,25.280000686645508,155400
2009-10-13,22.470552444458008,25.079999923706055,25.239999771118164,24.34000015258789,24.920000076293945,306100
2009-10-14,23.01708984375,25.690000534057617,25.780000686645508,25.139999389648438,25.479999542236328,457200
2009-10-15,22.748302459716797,25.389999389648438,25.639999389648438,25.190000534057617,25.350000381469727,424900
2009-10-16,22.667665481567383,25.299999237060547,25.610000610351562,25.0,25.34000015258789,378000
2009-10-19,23.294824600219727,26.0,26.479999542236328,25.030000686645508,25.469999313354492,266600
2009-10-20,23.01708984375,25.690000534057617,26.329999923706055,25.3700008392334,26.170000076293945,278300
2009-10-21,22.891651153564453,25.549999237060547,26.81999969482422,25.360000610351562,25.549999237060547,393300
2009-10-22,23.285871505737305,25.989999771118164,26.229999542236328,25.0,25.549999237060547,322000
2009-10-23,22.802053451538086,25.450000762939453,26.479999542236328,25.389999389648438,26.200000762939453,414300
2009-10-26,22.604944229125977,25.229999542236328,26.329999923706055,24.950000762939453,25.399999618530273,534400
2009-10-27,22.425752639770508,25.030000686645508,25.920000076293945,24.950000762939453,25.290000915527344,479500
2009-10-28,21.511878967285156,24.010000228881836,24.889999389648438,23.920000076293945,24.889999389648438,622800
2009-10-29,21.314775466918945,23.790000915527344,24.389999389648438,23.68000030517578,24.260000228881836,1221200
2009-10-30,21.063901901245117,23.510000228881836,23.889999389648438,23.139999389648438,23.600000381469727,640300
2009-11-02,21.090784072875977,23.540000915527344,24.1200008392334,23.110000610351562,23.719999313354492,617900
2009-11-03,21.45812225341797,23.950000762939453,24.100000381469727,23.309999465942383,23.440000534057617,514000
2009-11-04,20.857826232910156,23.280000686645508,24.15999984741211,23.260000228881836,24.15999984741211,391100
2009-11-05,21.78962516784668,24.31999969482422,24.549999237060547,23.360000610351562,23.639999389648438,381200
2009-11-06,21.59251594543457,24.100000381469727,24.75,23.780000686645508,24.079999923706055,358800
2009-11-09,22.148012161254883,24.719999313354492,24.8799991607666,24.290000915527344,24.459999084472656,296300
2009-11-10,22.210718154907227,24.790000915527344,25.190000534057617,24.540000915527344,24.540000915527344,303400
2009-11-11,22.291366577148438,24.8799991607666,25.260000228881836,24.59000015258789,25.09000015258789,198000
2009-11-12,21.601478576660156,24.110000610351562,25.110000610351562,24.040000915527344,24.75,197000
2009-11-13,22.05057144165039,24.549999237060547,24.780000686645508,23.90999984741211,24.170000076293945,242600
2009-11-16,23.110431671142578,25.729999542236328,25.989999771118164,24.489999771118164,24.84000015258789,361600
2009-11-17,23.415817260742188,26.06999969482422,26.110000610351562,25.450000762939453,25.5,326600
2009-11-18,23.17330551147461,25.799999237060547,26.149999618530273,25.479999542236328,26.100000381469727,377400
2009-11-19,21.28711700439453,23.700000762939453,24.610000610351562,23.510000228881836,24.530000686645508,1107100
2009-11-20,20.78412437438965,23.139999389648438,23.420000076293945,22.6200008392334,23.420000076293945,649400
2009-11-23,21.33202362060547,23.75,24.280000686645508,23.559999465942383,23.600000381469727,431700
2009-11-24,21.28711700439453,23.700000762939453,23.889999389648438,23.31999969482422,23.81999969482422,273200
2009-11-25,21.69129180908203,24.149999618530273,24.290000915527344,23.760000228881836,23.829999923706055,243200
2009-11-27,20.945791244506836,23.31999969482422,23.81999969482422,23.010000228881836,23.010000228881836,190800
2009-11-30,20.891910552978516,23.260000228881836,23.43000030517578,22.670000076293945,23.209999084472656,380500
2009-12-01,21.457773208618164,23.889999389648438,24.149999618530273,23.450000762939453,23.690000534057617,319900
2009-12-02,21.781116485595703,24.25,24.59000015258789,23.959999084472656,23.969999313354492,458300
2009-12-03,21.61943817138672,24.06999969482422,24.889999389648438,24.049999237060547,24.469999313354492,283700
2009-12-04,22.068532943725586,24.56999969482422,25.280000686645508,24.360000610351562,24.65999984741211,528600
2009-12-07,22.36493682861328,24.899999618530273,24.979999542236328,24.420000076293945,24.420000076293945,506200
2009-12-08,21.95177459716797,24.440000534057617,24.93000030517578,24.34000015258789,24.729999542236328,371700
2009-12-09,21.69129180908203,24.149999618530273,24.670000076293945,23.75,24.510000228881836,298900
2009-12-10,21.50267791748047,23.940000534057617,24.559999465942383,23.790000915527344,24.329999923706055,174300
2009-12-11,21.897878646850586,24.3799991607666,24.510000228881836,23.889999389648438,24.010000228881836,226100
2009-12-14,22.45475959777832,25.0,25.0,24.280000686645508,24.670000076293945,185800
2009-12-15,22.311050415039062,24.84000015258789,25.239999771118164,24.65999984741211,24.81999969482422,266600
2009-12-16,22.760143280029297,25.34000015258789,25.360000610351562,24.719999313354492,24.979999542236328,323800
2009-12-17,22.38290786743164,24.920000076293945,25.139999389648438,24.59000015258789,25.040000915527344,229800
2009-12-18,22.85894775390625,25.450000762939453,25.459999084472656,24.950000762939453,25.219999313354492,692700
2009-12-21,22.9757137298584,25.579999923706055,25.75,25.290000915527344,25.290000915527344,240000
2009-12-22,23.110431671142578,25.729999542236328,25.75,25.3700008392334,25.59000015258789,233500
2009-12-23,23.49665641784668,26.15999984741211,26.239999771118164,25.440000534057617,25.760000228881836,208200
2009-12-24,23.568511962890625,26.239999771118164,26.360000610351562,26.190000534057617,26.190000534057617,36100
2009-12-28,23.62240219116211,26.299999237060547,26.43000030517578,26.0,26.34000015258789,175000
2009-12-29,23.51462173461914,26.18000030517578,26.420000076293945,26.059999465942383,26.420000076293945,112300
2009-12-30,23.442771911621094,26.100000381469727,26.469999313354492,25.889999389648438,26.0,158200
2009-12-31,23.146366119384766,25.770000457763672,26.1299991607666,25.719999313354492,25.979999542236328,316800
2010-01-04,23.77509117126465,26.469999313354492,26.989999771118164,25.940000534057617,25.940000534057617,360200
2010-01-05,24.08946990966797,26.81999969482422,27.329999923706055,26.260000228881836,26.3700008392334,195100
2010-01-06,24.098453521728516,26.829999923706055,27.440000534057617,26.739999771118164,26.739999771118164,170300
2010-01-07,24.20623207092285,26.950000762939453,27.25,26.489999771118164,26.829999923706055,131800
2010-01-08,24.75412368774414,27.559999465942383,27.579999923706055,26.600000381469727,26.93000030517578,243300
2010-01-11,24.843944549560547,27.65999984741211,27.75,27.15999984741211,27.579999923706055,238400
2010-01-12,26.36188507080078,29.350000381469727,29.739999771118164,28.25,28.25,754800
2010-01-13,26.442726135253906,29.440000534057617,29.940000534057617,29.25,29.440000534057617,467200
2010-01-14,26.33493423461914,29.31999969482422,29.420000076293945,28.729999542236328,29.239999771118164,315900
2010-01-15,25.454708099365234,28.34000015258789,29.479999542236328,28.15999984741211,29.479999542236328,324800
2010-01-19,26.352903366088867,29.34000015258789,29.34000015258789,28.31999969482422,28.489999771118164,471400
2010-01-20,25.993623733520508,28.940000534057617,29.280000686645508,28.350000381469727,29.0,335600
2010-01-21,24.26910400390625,27.020000457763672,28.84000015258789,26.829999923706055,28.18000030517578,1031600
2010-01-22,23.900846481323242,26.610000610351562,27.399999618530273,26.3799991607666,27.030000686645508,438300
2010-01-25,23.990665435791016,26.709999084472656,27.0,26.260000228881836,26.8799991607666,264900
2010-01-26,23.784072875976562,26.479999542236328,26.84000015258789,26.43000030517578,26.649999618530273,354900
2010-01-27,24.134376525878906,26.8700008392334,26.940000534057617,25.8799991607666,26.399999618530273,254000
2010-01-28,23.61342430114746,26.290000915527344,27.020000457763672,26.100000381469727,26.8700008392334,242800
2010-01-29,22.84097671508789,25.43000030517578,26.889999389648438,25.25,26.450000762939453,359400
2010-02-01,23.065519332885742,25.68000030517578,25.860000610351562,24.600000381469727,25.450000762939453,788000
2010-02-02,23.299055099487305,25.940000534057617,26.010000228881836,25.450000762939453,25.68000030517578,345300
2010-02-03,23.64935302734375,26.329999923706055,26.34000015258789,25.540000915527344,25.709999084472656,377200
2010-02-04,22.93079376220703,25.530000686645508,26.350000381469727,25.469999313354492,26.06999969482422,500300
2010-02-05,22.91283416748047,25.510000228881836,25.540000915527344,24.59000015258789,25.510000228881836,369600
2010-02-08,22.616439819335938,25.18000030517578,26.0,25.100000381469727,25.559999465942383,230200
2010-02-09,22.84097671508789,25.43000030517578,25.799999237060547,25.09000015258789,25.700000762939453,289300
2010-02-10,22.751163482666016,25.329999923706055,25.729999542236328,25.0,25.260000228881836,290000
2010-02-11,23.111284255981445,25.670000076293945,25.829999923706055,25.100000381469727,25.18000030517578,244100
2010-02-12,23.19231605529785,25.760000228881836,25.90999984741211,25.0,25.25,328500
2010-02-16,23.471416473388672,26.06999969482422,26.219999313354492,25.59000015258789,26.219999313354492,287900
2010-02-17,23.71449851989746,26.34000015258789,26.43000030517578,25.829999923706055,26.229999542236328,263500
2010-02-18,24.722871780395508,27.459999084472656,27.479999542236328,26.389999389648438,26.389999389648438,245700
2010-02-19,25.27206802368164,28.06999969482422,28.170000076293945,24.989999771118164,27.450000762939453,477700
2010-02-22,25.407108306884766,28.219999313354492,28.360000610351562,27.899999618530273,28.06999969482422,218800
2010-02-23,25.100994110107422,27.8799991607666,28.15999984741211,27.6200008392334,28.040000915527344,273200
2010-02-24,25.587177276611328,28.420000076293945,28.739999771118164,28.0,28.059999465942383,214900
2010-02-25,25.6682071685791,28.510000228881836,28.700000762939453,27.829999923706055,27.8799991607666,219200
2010-02-26,25.9202938079834,28.790000915527344,28.940000534057617,28.440000534057617,28.469999313354492,220700
2010-03-01,26.244413375854492,29.149999618530273,29.860000610351562,28.850000381469727,28.899999618530273,435000
2010-03-02,26.5145206451416,29.450000762939453,29.670000076293945,29.229999542236328,29.329999923706055,167200
2010-03-03,26.253414154052734,29.15999984741211,29.989999771118164,28.899999618530273,29.639999389648438,321400
2010-03-04,26.208402633666992,29.110000610351562,29.56999969482422,28.829999923706055,29.170000076293945,253700
2010-03-05,26.8026123046875,29.770000457763672,29.829999923706055,29.420000076293945,29.43000030517578,250700
2010-03-08,26.703577041625977,29.65999984741211,29.959999084472656,29.59000015258789,29.649999618530273,95600
2010-03-09,27.153738021850586,30.15999984741211,30.3799991607666,29.559999465942383,29.559999465942383,259900
2010-03-10,27.261781692504883,30.280000686645508,30.739999771118164,29.969999313354492,30.049999237060547,163400
2010-03-11,27.540876388549805,30.59000015258789,30.600000381469727,29.75,30.06999969482422,145400
2010-03-12,27.738950729370117,30.809999465942383,30.8799991607666,30.34000015258789,30.670000076293945,118900
2010-03-15,27.63091278076172,30.690000534057617,31.1299991607666,30.3700008392334,30.729999542236328,141600
2010-03-16,27.729936599731445,30.799999237060547,30.81999969482422,30.299999237060547,30.719999313354492,142800
2010-03-17,28.3061580657959,31.440000534057617,31.780000686645508,30.93000030517578,30.93000030517578,186100
2010-03-18,28.43219757080078,31.579999923706055,31.889999389648438,31.25,31.510000228881836,148000
2010-03-19,27.928016662597656,31.020000457763672,31.809999465942383,30.770000457763672,31.799999237060547,413000
2010-03-22,28.14409637451172,31.260000228881836,31.31999969482422,30.25,30.809999465942383,146500
2010-03-23,28.63926124572754,31.809999465942383,31.899999618530273,30.770000457763672,31.209999084472656,203000
2010-03-24,27.883005142211914,30.969999313354492,31.6200008392334,30.899999618530273,31.6200008392334,153900
2010-03-25,27.68492889404297,30.75,31.8799991607666,30.700000762939453,31.290000915527344,138500
2010-03-26,27.90101432800293,30.989999771118164,31.190000534057617,30.420000076293945,30.790000915527344,206800
2010-03-29,28.414199829101562,31.559999465942383,31.670000076293945,30.860000610351562,31.059999465942383,153600
2010-03-30,29.13445281982422,32.36000061035156,32.470001220703125,31.030000686645508,31.59000015258789,430100
2010-03-31,28.792327880859375,31.979999542236328,32.43000030517578,31.81999969482422,32.11000061035156,371300
2010-04-01,29.314516067504883,32.560001373291016,32.84000015258789,32.0,32.119998931884766,224800
2010-04-05,30.016775131225586,33.34000015258789,33.34000015258789,32.36000061035156,32.66999816894531,278800
2010-04-06,30.142820358276367,33.47999954223633,33.66999816894531,32.95000076293945,33.060001373291016,310600
2010-04-07,30.124805450439453,33.459999084472656,33.59000015258789,33.11000061035156,33.290000915527344,432500
2010-04-08,30.205827713012695,33.54999923706055,34.0099983215332,33.0099983215332,33.22999954223633,239900
2010-04-09,30.3588924407959,33.720001220703125,34.16999816894531,33.459999084472656,33.599998474121094,354100
2010-04-12,30.37688636779785,33.7400016784668,34.0,33.599998474121094,33.650001525878906,199400
2010-04-13,30.18783187866211,33.529998779296875,33.77000045776367,33.310001373291016,33.619998931884766,270400
2010-04-14,30.827054977416992,34.2400016784668,34.25,33.61000061035156,33.79999923706055,304100
2010-04-15,31.061141967773438,34.5,34.7599983215332,34.11000061035156,34.11000061035156,187900
2010-04-16,30.16081428527832,33.5,34.58000183105469,33.38999938964844,34.47999954223633,383200
2010-04-19,29.593616485595703,32.869998931884766,33.4900016784668,32.209999084472656,33.29999923706055,341800
2010-04-20,29.728662490844727,33.02000045776367,33.349998474121094,32.33000183105469,33.0,651200
2010-04-21,29.143463134765625,32.369998931884766,32.97999954223633,32.060001373291016,32.88999938964844,609000
2010-04-22,29.818693161010742,33.119998931884766,33.369998931884766,31.790000915527344,32.02000045776367,799100
2010-04-23,31.322240829467773,34.790000915527344,34.97999954223633,32.689998626708984,32.849998474121094,516100
2010-04-26,30.71001625061035,34.11000061035156,35.209999084472656,34.08000183105469,34.66999816894531,326100
2010-04-27,30.304872512817383,33.65999984741211,34.84000015258789,33.61000061035156,34.0,377000
2010-04-28,30.043773651123047,33.369998931884766,34.18000030517578,33.290000915527344,33.83000183105469,236100
2010-04-29,30.214845657348633,33.560001373291016,33.900001525878906,33.220001220703125,33.66999816894531,483100
2010-04-30,28.855350494384766,32.04999923706055,33.619998931884766,32.029998779296875,33.599998474121094,445800
2010-05-03,29.764671325683594,33.060001373291016,33.130001068115234,31.729999542236328,32.18000030517578,428600
2010-05-04,28.081069946289062,31.190000534057617,32.650001525878906,30.940000534057617,32.650001525878906,386500
2010-05-05,27.97304344177246,31.06999969482422,31.170000076293945,30.40999984741211,30.81999969482422,358400
2010-05-06,26.937664031982422,29.920000076293945,31.649999618530273,27.299999237060547,30.920000076293945,595700
2010-05-07,25.767244338989258,28.6200008392334,29.8799991607666,28.3799991607666,29.8799991607666,486300
2010-05-10,27.729936599731445,30.799999237060547,30.860000610351562,29.3700008392334,29.479999542236328,360000
2010-05-11,27.946027755737305,31.040000915527344,31.799999237060547,30.25,30.25,322500
2010-05-12,28.810331344604492,32.0,32.06999969482422,31.25,31.25,348700
2010-05-13,28.66628074645996,31.84000015258789,32.25,31.719999313354492,31.81999969482422,286700
2010-05-14,27.980741500854492,31.020000457763672,31.899999618530273,30.639999389648438,31.3799991607666,388000
2010-05-17,27.46659278869629,30.450000762939453,31.809999465942383,29.8700008392334,31.260000228881836,274400
2010-05-18,27.069704055786133,30.010000228881836,31.209999084472656,29.809999465942383,31.0,271900
2010-05-19,26.43828010559082,29.309999465942383,30.190000534057617,28.760000228881836,29.809999465942383,318600
2010-05-20,24.426767349243164,27.079999923706055,28.510000228881836,27.040000915527344,28.510000228881836,342400
2010-05-21,24.625226974487305,27.299999237060547,27.420000076293945,26.059999465942383,26.8700008392334,684100
2010-05-24,24.32755470275879,26.969999313354492,27.420000076293945,26.469999313354492,27.100000381469727,332200
2010-05-25,24.661300659179688,27.34000015258789,27.440000534057617,25.739999771118164,26.25,581400
2010-05-26,24.949947357177734,27.65999984741211,28.280000686645508,27.299999237060547,27.549999237060547,743100
2010-05-27,26.54652976989746,29.43000030517578,29.459999084472656,28.139999389648438,28.43000030517578,381200
2010-05-28,25.888059616088867,28.700000762939453,29.40999984741211,28.450000762939453,29.40999984741211,320700
2010-06-01,24.94091796875,27.649999618530273,28.829999923706055,27.600000381469727,28.440000534057617,357900
2010-06-02,25.310760498046875,28.059999465942383,28.079999923706055,27.139999389648438,27.809999465942383,462300
2010-06-03,25.71666717529297,28.510000228881836,28.65999984741211,27.709999084472656,27.969999313354492,294400
2010-06-04,24.868764877319336,27.56999969482422,28.40999984741211,27.420000076293945,27.65999984741211,623500
2010-06-07,24.120086669921875,26.739999771118164,28.09000015258789,26.719999313354492,27.670000076293945,565800
2010-06-08,23.99380874633789,26.600000381469727,26.850000381469727,25.790000915527344,26.510000228881836,345500
2010-06-09,23.804378509521484,26.389999389648438,27.209999084472656,26.260000228881836,26.899999618530273,373700
2010-06-10,25.040151596069336,27.760000228881836,27.790000915527344,26.959999084472656,26.959999084472656,236300
2010-06-11,25.184473037719727,27.920000076293945,27.959999084472656,27.219999313354492,27.309999465942383,128000
2010-06-14,25.409976959228516,28.170000076293945,28.950000762939453,28.049999237060547,28.3799991607666,90700
2010-06-15,26.564573287963867,29.450000762939453,29.540000915527344,28.059999465942383,28.350000381469727,315100
2010-06-16,26.943424224853516,29.8700008392334,30.110000610351562,29.200000762939453,29.200000762939453,255900
2010-06-17,26.465347290039062,29.34000015258789,30.239999771118164,29.049999237060547,29.989999771118164,223700
2010-06-18,26.59162712097168,29.479999542236328,30.010000228881836,29.09000015258789,29.559999465942383,394500
2010-06-21,26.248859405517578,29.100000381469727,30.559999465942383,28.889999389648438,30.270000457763672,161500
2010-06-22,25.446062088012695,28.209999084472656,29.610000610351562,28.18000030517578,29.239999771118164,177000
2010-06-23,24.949947357177734,27.65999984741211,28.149999618530273,27.450000762939453,28.09000015258789,486900
2010-06-24,24.70640754699707,27.389999389648438,27.760000228881836,27.100000381469727,27.5,306800
2010-06-25,24.94091796875,27.649999618530273,28.06999969482422,27.299999237060547,27.579999923706055,947800
2010-06-28,24.616199493408203,27.290000915527344,27.790000915527344,27.229999542236328,27.56999969482422,257600
2010-06-29,23.479646682739258,26.030000686645508,27.010000228881836,25.799999237060547,26.93000030517578,318400
2010-06-30,23.028635025024414,25.530000686645508,26.399999618530273,25.520000457763672,26.030000686645508,221400
2010-07-01,22.586647033691406,25.040000915527344,25.559999465942383,24.479999542236328,25.540000915527344,340000
2010-07-02,22.361143112182617,24.790000915527344,25.469999313354492,24.65999984741211,25.229999542236328,208100
2010-07-06,22.22583770751953,24.639999389648438,25.670000076293945,24.440000534057617,25.389999389648438,265700
2010-07-07,23.939672470092773,26.540000915527344,26.579999923706055,24.780000686645508,24.780000686645508,453800
2010-07-08,24.36363983154297,27.010000228881836,27.309999465942383,26.459999084472656,26.75,234000
2010-07-09,25.04918098449707,27.770000457763672,27.799999237060547,26.940000534057617,27.040000915527344,155900
2010-07-12,24.39069175720215,27.040000915527344,27.75,26.649999618530273,27.579999923706055,163100
2010-07-13,25.50920295715332,28.280000686645508,28.389999389648438,27.229999542236328,27.43000030517578,237000
2010-07-14,25.897066116333008,28.709999084472656,28.860000610351562,27.899999618530273,28.34000015258789,280500
2010-07-15,25.572343826293945,28.350000381469727,28.860000610351562,27.84000015258789,28.670000076293945,264400
2010-07-16,24.228330612182617,26.860000610351562,28.09000015258789,26.75,28.040000915527344,326200
2010-07-19,24.30049705505371,26.940000534057617,27.06999969482422,26.170000076293945,26.90999984741211,131000
2010-07-20,24.82366371154785,27.520000457763672,27.6200008392334,26.25,26.43000030517578,158000
2010-07-21,24.219301223754883,26.850000381469727,27.8799991607666,26.770000457763672,27.790000915527344,286000
2010-07-22,25.220550537109375,27.959999084472656,28.040000915527344,27.31999969482422,27.420000076293945,448900
2010-07-23,25.50920295715332,28.280000686645508,28.360000610351562,27.530000686645508,27.739999771118164,451600
2010-07-26,26.140615463256836,28.979999542236328,29.0,28.06999969482422,28.459999084472656,242300
2010-07-27,26.85321617126465,29.770000457763672,30.229999542236328,29.229999542236328,29.229999542236328,370000
2010-07-28,26.17670249938965,29.020000457763672,29.989999771118164,28.5,29.6299991607666,380700
2010-07-29,27.44854736328125,30.43000030517578,31.899999618530273,29.020000457763672,29.469999313354492,626200
2010-07-30,27.277164459228516,30.239999771118164,30.739999771118164,29.799999237060547,29.799999237060547,334100
2010-08-02,27.37639617919922,30.350000381469727,30.899999618530273,30.0,30.899999618530273,433900
2010-08-03,27.511686325073242,30.5,30.969999313354492,29.989999771118164,30.190000534057617,301200
2010-08-04,27.70111846923828,30.709999084472656,30.889999389648438,30.5,30.600000381469727,320800
2010-08-05,27.484638214111328,30.469999313354492,30.950000762939453,30.290000915527344,30.43000030517578,191600
2010-08-06,27.385408401489258,30.360000610351562,30.489999771118164,29.420000076293945,30.059999465942383,271700
2010-08-09,27.592876434326172,30.59000015258789,30.75,30.110000610351562,30.6200008392334,234200
2010-08-10,27.168926239013672,30.1200008392334,30.530000686645508,29.489999771118164,30.09000015258789,224900
2010-08-11,25.71666717529297,28.510000228881836,29.780000686645508,28.43000030517578,29.479999542236328,392800
2010-08-12,25.391935348510742,28.149999618530273,28.399999618530273,27.520000457763672,27.959999084472656,241300
2010-08-13,25.25663948059082,28.0,28.389999389648438,27.81999969482422,27.950000762939453,245400
2010-08-16,25.356061935424805,28.049999237060547,28.3700008392334,27.399999618530273,27.729999542236328,198400
2010-08-17,26.115392684936523,28.889999389648438,29.280000686645508,28.350000381469727,28.389999389648438,193600
2010-08-18,25.970762252807617,28.729999542236328,29.049999237060547,28.399999618530273,28.81999969482422,284000
2010-08-19,24.99448585510254,27.649999618530273,28.510000228881836,27.549999237060547,28.469999313354492,226300
2010-08-20,24.732337951660156,27.360000610351562,27.780000686645508,26.770000457763672,27.40999984741211,210600
2010-08-23,24.009170532226562,26.559999465942383,27.6200008392334,26.520000457763672,27.5,154500
2010-08-24,23.566226959228516,26.06999969482422,26.68000030517578,25.65999984741211,26.09000015258789,221900
2010-08-25,23.765106201171875,26.290000915527344,26.43000030517578,25.549999237060547,25.84000015258789,217600
2010-08-26,23.475845336914062,25.969999313354492,26.899999618530273,25.940000534057617,26.350000381469727,189800
2010-08-27,24.43403434753418,27.030000686645508,27.09000015258789,25.610000610351562,26.389999389648438,185400
2010-08-30,23.521038055419922,26.020000457763672,26.989999771118164,25.989999771118164,26.81999969482422,230400
2010-08-31,23.611431121826172,26.1200008392334,26.739999771118164,25.860000610351562,25.90999984741211,242900
2010-09-01,25.211435317993164,27.889999389648438,27.90999984741211,26.649999618530273,26.729999542236328,291300
2010-09-02,25.69053840637207,28.420000076293945,28.469999313354492,27.700000762939453,27.799999237060547,225300
2010-09-03,26.495058059692383,29.309999465942383,29.389999389648438,28.559999465942383,28.860000610351562,199100
2010-09-07,25.789966583251953,28.530000686645508,29.239999771118164,28.40999984741211,29.229999542236328,163000
2010-09-08,26.250991821289062,29.040000915527344,29.559999465942383,28.3700008392334,28.670000076293945,154300
2010-09-09,25.961727142333984,28.719999313354492,29.600000381469727,28.5,29.459999084472656,135800
2010-09-10,25.817092895507812,28.559999465942383,28.979999542236328,28.329999923706055,28.739999771118164,161700
2010-09-13,27.100711822509766,29.979999542236328,30.34000015258789,28.90999984741211,28.90999984741211,323300
2010-09-14,26.766244888305664,29.610000610351562,30.030000686645508,29.5,29.90999984741211,158200
2010-09-15,26.838563919067383,29.690000534057617,29.8799991607666,28.829999923706055,29.440000534057617,167400
2010-09-16,26.422740936279297,29.229999542236328,29.790000915527344,28.940000534057617,29.530000686645508,158400
2010-09-17,26.72105598449707,29.559999465942383,29.860000610351562,28.719999313354492,29.670000076293945,522500
2010-09-20,27.92331314086914,30.889999389648438,30.959999084472656,29.149999618530273,29.6200008392334,257300
2010-09-21,27.92331314086914,30.889999389648438,31.149999618530273,30.559999465942383,30.93000030517578,267500
2010-09-22,27.15495491027832,30.040000915527344,31.229999542236328,29.93000030517578,30.670000076293945,154900
2010-09-23,26.58545684814453,29.40999984741211,30.149999618530273,29.350000381469727,29.65999984741211,180900
2010-09-24,27.92331314086914,30.889999389648438,30.979999542236328,29.93000030517578,30.030000686645508,212200
2010-09-27,27.462297439575195,30.3799991607666,30.8700008392334,30.09000015258789,30.850000381469727,120400
2010-09-28,28.29393768310547,31.299999237060547,31.389999389648438,29.81999969482422,30.440000534057617,227200
2010-09-29,28.91766357421875,31.989999771118164,32.20000076293945,31.190000534057617,31.200000762939453,304300
2010-09-30,29.306379318237305,32.41999816894531,33.18000030517578,31.780000686645508,32.439998626708984,553300
2010-10-01,28.962871551513672,32.040000915527344,32.900001525878906,31.770000457763672,32.900001525878906,211200
2010-10-04,28.004667282104492,30.979999542236328,32.13999938964844,30.639999389648438,31.799999237060547,202100
2010-10-05,29.43292808532715,32.560001373291016,32.77000045776367,31.06999969482422,31.520000457763672,213500
2010-10-06,29.55044174194336,32.689998626708984,32.970001220703125,32.279998779296875,32.369998931884766,192400
2010-10-07,29.351577758789062,32.470001220703125,33.13999938964844,32.130001068115234,32.97999954223633,168300
2010-10-08,29.731239318847656,32.88999938964844,33.119998931884766,32.06999969482422,32.349998474121094,205700
2010-10-11,29.496206283569336,32.630001068115234,32.939998626708984,32.470001220703125,32.77000045776367,89900
2010-10-12,29.396778106689453,32.52000045776367,32.75,31.729999542236328,32.380001068115234,132200
2010-10-13,29.785476684570312,32.95000076293945,33.209999084472656,32.439998626708984,32.63999938964844,285200
2010-10-14,29.77642822265625,32.939998626708984,33.279998779296875,32.650001525878906,32.790000915527344,131800
2010-10-15,28.501850128173828,31.530000686645508,33.29999923706055,31.100000381469727,33.29999923706055,574100
2010-10-18,29.15270233154297,32.25,32.2599983215332,31.170000076293945,31.489999771118164,296100
2010-10-19,28.26681900024414,31.270000457763672,32.310001373291016,31.0,31.709999084472656,253300
2010-10-20,28.863433837890625,31.93000030517578,32.22999954223633,31.510000228881836,31.510000228881836,267800
2010-10-21,28.971906661987305,32.04999923706055,32.650001525878906,31.6200008392334,32.150001525878906,211100
2010-10-22,29.017112731933594,32.099998474121094,32.29999923706055,31.770000457763672,32.119998931884766,132300
2010-10-25,29.07134246826172,32.15999984741211,32.599998474121094,32.029998779296875,32.470001220703125,196200
2010-10-26,28.908626556396484,31.979999542236328,32.38999938964844,31.68000030517578,31.8700008392334,191800
2010-10-27,28.736881256103516,31.790000915527344,31.829999923706055,31.31999969482422,31.65999984741211,224400
2010-10-28,28.4747371673584,31.5,32.29999923706055,31.110000610351562,32.13999938964844,141700
2010-10-29,28.330095291137695,31.34000015258789,31.639999389648438,31.170000076293945,31.309999465942383,156800
2010-11-01,28.03179168701172,31.010000228881836,31.93000030517578,30.700000762939453,31.530000686645508,304800
2010-11-02,29.179821014404297,32.279998779296875,32.31999969482422,31.270000457763672,31.440000534057617,244200
2010-11-03,29.116540908813477,32.209999084472656,32.31999969482422,31.59000015258789,32.25,158900
2010-11-04,29.975317001342773,33.15999984741211,33.16999816894531,32.4900016784668,32.66999816894531,315700
2010-11-05,30.35497283935547,33.58000183105469,33.90999984741211,33.08000183105469,33.189998626708984,216700
2010-11-08,30.03857421875,33.22999954223633,33.4900016784668,32.970001220703125,33.33000183105469,146400
2010-11-09,29.794519424438477,32.959999084472656,33.36000061035156,32.84000015258789,32.880001068115234,191200
2010-11-10,30.16513442993164,33.369998931884766,33.41999816894531,32.459999084472656,32.97999954223633,207700
2010-11-11,30.345932006835938,33.56999969482422,33.810001373291016,32.77000045776367,32.939998626708984,344700
2010-11-12,29.984344482421875,33.16999816894531,33.650001525878906,32.93000030517578,33.119998931884766,337000
2010-11-15,30.065847396850586,33.20000076293945,33.68000030517578,33.08000183105469,33.5099983215332,145200
2010-11-16,29.459108352661133,32.529998779296875,33.02000045776367,32.02000045776367,32.77000045776367,506800
2010-11-17,27.629793167114258,30.510000228881836,32.83000183105469,30.010000228881836,31.8799991607666,1043900
2010-11-18,28.254650115966797,31.200000762939453,31.5,30.899999618530273,30.979999542236328,580200
2010-11-19,29.124027252197266,32.15999984741211,32.209999084472656,30.959999084472656,31.149999618530273,414200
2010-11-22,29.250812530517578,32.29999923706055,32.47999954223633,31.6200008392334,31.90999984741211,326800
2010-11-23,29.19647979736328,32.2400016784668,32.25,31.760000228881836,31.850000381469727,268500
2010-11-24,30.7722110748291,33.97999954223633,34.0099983215332,32.34000015258789,32.349998474121094,318400
2010-11-26,30.68166160583496,33.880001068115234,34.04999923706055,33.599998474121094,33.65999984741211,139000
2010-11-29,30.817495346069336,34.029998779296875,34.16999816894531,32.880001068115234,33.5,343700
2010-11-30,30.527700424194336,33.709999084472656,33.86000061035156,32.939998626708984,33.5099983215332,584900
2010-12-01,32.193992614746094,35.54999923706055,35.720001220703125,34.290000915527344,34.5,501800
2010-12-02,33.58863067626953,37.09000015258789,37.099998474121094,35.56999969482422,35.68000030517578,481000
2010-12-03,34.3674430847168,37.95000076293945,38.119998931884766,36.40999984741211,36.70000076293945,532300
2010-12-06,34.27687454223633,37.849998474121094,38.060001373291016,37.5,37.849998474121094,452900
2010-12-07,34.9923095703125,38.63999938964844,39.52000045776367,38.33000183105469,38.47999954223633,580500
2010-12-08,34.90174865722656,38.540000915527344,39.099998474121094,38.0099983215332,38.81999969482422,340400
2010-12-09,34.50327682495117,38.099998474121094,38.88999938964844,37.970001220703125,38.84000015258789,443100
2010-12-10,34.50327682495117,38.099998474121094,38.20000076293945,36.779998779296875,37.70000076293945,535900
2010-12-13,34.29499435424805,37.869998931884766,38.16999816894531,37.689998626708984,38.16999816894531,436800
2010-12-14,34.63913345336914,38.25,38.41999816894531,37.88999938964844,37.88999938964844,307500
2010-12-15,34.24971389770508,37.81999969482422,38.61000061035156,37.619998931884766,38.209999084472656,424300
2010-12-16,34.747798919677734,38.369998931884766,38.540000915527344,37.689998626708984,37.95000076293945,380500
2010-12-17,34.620994567871094,38.22999954223633,38.38999938964844,37.619998931884766,38.29999923706055,888800
2010-12-20,34.58477783203125,38.189998626708984,38.5,37.790000915527344,38.25,253600
2010-12-21,35.155303955078125,38.81999969482422,38.900001525878906,38.33000183105469,38.5,192200
2010-12-22,35.372650146484375,39.060001373291016,39.310001373291016,38.40999984741211,38.83000183105469,217000
2010-12-23,34.90174865722656,38.540000915527344,39.029998779296875,38.47999954223633,38.97999954223633,126900
2010-12-27,34.93796157836914,38.58000183105469,38.68000030517578,38.18000030517578,38.41999816894531,93500
2010-12-28,34.72062683105469,38.34000015258789,38.77000045776367,38.130001068115234,38.77000045776367,99300
2010-12-29,34.57572555541992,38.18000030517578,38.7599983215332,38.150001525878906,38.29999923706055,99500
2010-12-30,34.131988525390625,37.689998626708984,38.349998474121094,37.68000030517578,38.189998626708984,225700
2010-12-31,34.01424789428711,37.560001373291016,38.220001220703125,37.540000915527344,37.540000915527344,221600
2011-01-03,35.01041030883789,38.65999984741211,39.310001373291016,38.150001525878906,38.16999816894531,345600
2011-01-04,34.24065017700195,37.810001373291016,39.029998779296875,36.97999954223633,39.029998779296875,342100
2011-01-05,34.82929611206055,38.459999084472656,38.849998474121094,37.54999923706055,37.61000061035156,209800
2011-01-06,34.213478088378906,37.779998779296875,38.79999923706055,37.58000183105469,38.45000076293945,167400
2011-01-07,33.21733093261719,36.68000030517578,37.97999954223633,35.93000030517578,37.77000045776367,328200
2011-01-10,33.796905517578125,37.31999969482422,37.4900016784668,36.040000915527344,36.25,353900
2011-01-11,33.461830139160156,36.95000076293945,37.90999984741211,36.7400016784668,37.45000076293945,303700
2011-01-12,33.335060119628906,36.810001373291016,37.45000076293945,36.56999969482422,37.11000061035156,337500
2011-01-13,32.7192497253418,36.130001068115234,36.810001373291016,35.83000183105469,36.810001373291016,373300
2011-01-14,32.63775634765625,36.040000915527344,36.15999984741211,35.81999969482422,36.119998931884766,490700
2011-01-18,33.235435485839844,36.70000076293945,36.70000076293945,35.599998474121094,35.849998474121094,615300
2011-01-19,32.203060150146484,35.560001373291016,36.779998779296875,35.4900016784668,36.560001373291016,386900
2011-01-20,31.614416122436523,34.90999984741211,35.810001373291016,34.81999969482422,35.310001373291016,436000
2011-01-21,31.70499038696289,35.0099983215332,35.400001525878906,34.83000183105469,35.189998626708984,442600
2011-01-24,32.139686584472656,35.4900016784668,36.34000015258789,34.900001525878906,34.91999816894531,602000
2011-01-25,32.0762825012207,35.41999816894531,35.43000030517578,32.790000915527344,33.5099983215332,1311700
2011-01-26,31.750261306762695,35.060001373291016,35.619998931884766,34.59000015258789,35.400001525878906,584400
2011-01-27,31.34274673461914,34.61000061035156,35.099998474121094,34.43000030517578,35.099998474121094,396100
2011-01-28,30.346576690673828,33.5099983215332,34.540000915527344,33.34000015258789,34.5099983215332,605300
2011-01-31,30.536762237548828,33.720001220703125,35.5099983215332,33.61000061035156,35.5,221500
2011-02-01,30.85371971130371,34.06999969482422,34.220001220703125,33.38999938964844,33.790000915527344,377100
2011-02-02,31.38802719116211,34.65999984741211,34.849998474121094,33.84000015258789,33.84000015258789,314400
2011-02-03,31.587255477905273,34.880001068115234,35.0099983215332,34.380001068115234,34.689998626708984,364500
2011-02-04,31.243127822875977,34.5,34.970001220703125,33.810001373291016,34.970001220703125,159000
2011-02-07,31.10728645324707,34.349998474121094,34.790000915527344,33.81999969482422,34.22999954223633,228900
2011-02-08,31.10728645324707,34.349998474121094,34.459999084472656,33.790000915527344,34.20000076293945,184800
2011-02-09,31.052947998046875,34.290000915527344,34.34000015258789,33.56999969482422,33.90999984741211,167100
2011-02-10,31.32463836669922,34.59000015258789,34.720001220703125,34.0099983215332,34.15999984741211,125000
2011-02-11,32.00382995605469,35.34000015258789,35.45000076293945,34.220001220703125,34.349998474121094,370100
2011-02-14,31.758831024169922,35.0,35.61000061035156,34.66999816894531,35.20000076293945,519400
2011-02-15,31.64995765686035,34.880001068115234,34.9900016784668,34.400001525878906,34.959999084472656,168200
2011-02-16,31.858640670776367,35.11000061035156,35.2400016784668,34.869998931884766,35.02000045776367,137200
2011-02-17,32.2669677734375,35.560001373291016,35.56999969482422,34.959999084472656,35.0099983215332,123700
2011-02-18,32.53919982910156,35.86000061035156,35.880001068115234,35.08000183105469,35.880001068115234,545500
2011-02-22,30.57015609741211,33.689998626708984,35.650001525878906,33.5,35.650001525878906,278900
2011-02-23,29.53571319580078,32.54999923706055,34.959999084472656,32.349998474121094,33.65999984741211,311700
2011-02-24,29.26349639892578,32.25,32.97999954223633,31.860000610351562,32.66999816894531,311500
2011-02-25,29.93497085571289,32.9900016784668,33.060001373291016,32.13999938964844,32.220001220703125,365000
2011-02-28,29.844234466552734,32.88999938964844,33.630001068115234,32.630001068115234,33.400001525878906,206700
2011-03-01,28.76442527770996,31.700000762939453,33.099998474121094,31.290000915527344,33.099998474121094,285800
2011-03-02,28.98220443725586,31.940000534057617,32.040000915527344,31.31999969482422,31.59000015258789,295900
2011-03-03,29.862377166748047,32.90999984741211,33.099998474121094,32.119998931884766,32.34000015258789,421900
2011-03-04,29.31793975830078,32.310001373291016,33.22999954223633,31.700000762939453,33.08000183105469,173000
2011-03-07,28.909616470336914,31.860000610351562,33.02000045776367,31.3799991607666,32.5,380500
2011-03-08,29.599233627319336,32.619998931884766,32.95000076293945,31.40999984741211,31.739999771118164,236500
2011-03-09,29.817007064819336,32.86000061035156,33.0,32.290000915527344,32.65999984741211,252500
2011-03-10,28.737201690673828,31.670000076293945,32.220001220703125,31.34000015258789,32.18000030517578,364000
2011-03-11,28.93683624267578,31.889999389648438,32.13999938964844,31.0,31.579999923706055,186900
2011-03-14,28.80072021484375,31.739999771118164,32.0,31.290000915527344,31.3700008392334,199800
2011-03-15,28.737201690673828,31.670000076293945,31.940000534057617,30.459999084472656,30.65999984741211,326400
2011-03-16,28.265369415283203,31.149999618530273,32.08000183105469,31.0,31.5,378400
2011-03-17,28.238147735595703,31.1200008392334,31.690000534057617,30.649999618530273,31.690000534057617,329200
2011-03-18,29.063871383666992,32.029998779296875,32.380001068115234,31.309999465942383,31.309999465942383,375500
2011-03-21,30.043865203857422,33.11000061035156,33.470001220703125,32.31999969482422,32.38999938964844,174300
2011-03-22,29.94403648376465,33.0,33.45000076293945,32.7599983215332,33.25,144100
2011-03-23,29.889585494995117,32.939998626708984,33.25,32.27000045776367,32.86000061035156,262700
2011-03-24,30.134593963623047,33.209999084472656,33.560001373291016,32.7599983215332,33.11000061035156,161800
2011-03-25,30.597373962402344,33.720001220703125,34.40999984741211,33.0,33.33000183105469,284600
2011-03-28,30.40680503845215,33.5099983215332,34.029998779296875,33.380001068115234,33.869998931884766,149800
2011-03-29,30.80606460571289,33.95000076293945,34.060001373291016,33.16999816894531,33.43000030517578,141800
2011-03-30,31.069210052490234,34.2400016784668,34.38999938964844,34.11000061035156,34.2599983215332,197100
2011-03-31,31.35958480834961,34.560001373291016,34.7400016784668,33.95000076293945,34.09000015258789,259500
2011-04-01,32.012908935546875,35.279998779296875,35.58000183105469,34.43000030517578,34.900001525878906,154000
2011-04-04,32.149009704589844,35.43000030517578,35.77000045776367,35.150001525878906,35.45000076293945,295900
2011-04-05,32.13993835449219,35.41999816894531,35.709999084472656,35.27000045776367,35.41999816894531,177100
2011-04-06,31.867717742919922,35.119998931884766,35.9900016784668,35.040000915527344,35.63999938964844,215900
2011-04-07,30.924030303955078,34.08000183105469,35.29999923706055,34.08000183105469,35.209999084472656,345300
2011-04-08,30.325145721435547,33.41999816894531,34.459999084472656,33.119998931884766,34.459999084472656,281600
2011-04-11,30.35236358642578,33.45000076293945,34.0,33.25,33.47999954223633,201200
2011-04-12,29.581085205078125,32.599998474121094,33.400001525878906,32.40999984741211,33.29999923706055,272900
2011-04-13,29.53571319580078,32.54999923706055,33.290000915527344,32.029998779296875,32.75,263000
2011-04-14,29.925893783569336,32.97999954223633,33.040000915527344,32.0,32.060001373291016,325600
2011-04-15,30.2253475189209,33.310001373291016,33.599998474121094,32.22999954223633,32.75,190000
2011-04-18,29.662748336791992,32.689998626708984,33.22999954223633,32.470001220703125,32.75,342500
2011-04-19,29.544788360595703,32.560001373291016,32.9900016784668,32.099998474121094,32.40999984741211,158400
2011-04-20,30.679033279418945,33.810001373291016,33.849998474121094,33.130001068115234,33.130001068115234,200600
2011-04-21,30.824214935302734,33.970001220703125,34.25,33.68000030517578,34.150001525878906,157500
2011-04-25,30.914953231811523,34.06999969482422,34.25,33.58000183105469,33.61000061035156,298300
2011-04-26,33.782325744628906,37.22999954223633,37.529998779296875,35.0099983215332,35.93000030517578,768700
2011-04-27,33.82770538330078,37.279998779296875,37.5,36.61000061035156,37.220001220703125,338100
2011-04-28,33.47380447387695,36.88999938964844,37.56999969482422,36.72999954223633,37.529998779296875,272000
2011-04-29,33.61899185180664,37.04999923706055,37.18000030517578,36.560001373291016,37.08000183105469,226000
2011-05-02,33.55546569824219,36.97999954223633,37.349998474121094,36.529998779296875,37.04999923706055,307000
2011-05-03,33.074562072753906,36.45000076293945,37.31999969482422,36.2400016784668,36.7400016784668,325400
2011-05-04,32.19438934326172,35.47999954223633,36.650001525878906,35.43000030517578,36.5,317600
2011-05-05,31.985675811767578,35.25,35.83000183105469,34.72999954223633,35.189998626708984,266200
2011-05-06,32.3214225769043,35.619998931884766,36.040000915527344,35.25,35.90999984741211,215000
2011-05-09,32.55733871459961,35.880001068115234,36.349998474121094,35.11000061035156,35.439998626708984,186000
2011-05-10,33.537322998046875,36.959999084472656,37.2400016784668,35.86000061035156,36.20000076293945,226300
2011-05-11,32.8114013671875,36.15999984741211,36.83000183105469,35.849998474121094,36.439998626708984,347300
2011-05-12,33.101776123046875,36.47999954223633,36.61000061035156,35.459999084472656,36.099998474121094,233100
2011-05-13,32.593624114990234,35.91999816894531,36.66999816894531,35.470001220703125,36.43000030517578,294800
2011-05-16,32.002681732177734,35.20000076293945,36.08000183105469,35.20000076293945,35.61000061035156,241900
2011-05-17,31.50262451171875,34.650001525878906,35.2400016784668,34.02000045776367,35.060001373291016,301700
2011-05-18,32.01176071166992,35.209999084472656,35.2400016784668,34.029998779296875,34.75,283400
2011-05-19,32.44817352294922,35.689998626708984,36.0,35.15999984741211,35.56999969482422,222400
2011-05-20,31.675378799438477,34.84000015258789,35.459999084472656,34.599998474121094,35.380001068115234,160200
2011-05-23,30.611652374267578,33.66999816894531,34.16999816894531,33.540000915527344,34.130001068115234,188600
2011-05-24,30.39345932006836,33.43000030517578,34.18000030517578,33.029998779296875,33.9900016784668,295900
2011-05-25,30.993507385253906,34.09000015258789,34.220001220703125,33.06999969482422,33.13999938964844,169600
2011-05-26,31.19352149963379,34.310001373291016,34.40999984741211,33.2400016784668,33.83000183105469,196000
2011-05-27,31.438993453979492,34.58000183105469,34.75,34.290000915527344,34.459999084472656,206100
2011-05-31,32.02085876464844,35.220001220703125,35.25,33.810001373291016,34.97999954223633,492100
2011-06-01,30.038877487182617,33.040000915527344,35.63999938964844,32.900001525878906,35.290000915527344,287000
2011-06-02,30.211620330810547,33.22999954223633,33.79999923706055,32.790000915527344,32.959999084472656,246500
2011-06-03,29.229724884033203,32.150001525878906,33.2400016784668,31.899999618530273,32.40999984741211,429800
2011-06-06,28.566024780273438,31.420000076293945,32.45000076293945,31.059999465942383,32.08000183105469,427700
2011-06-07,28.675127029418945,31.540000915527344,31.940000534057617,31.09000015258789,31.68000030517578,333400
2011-06-08,28.44784164428711,31.290000915527344,31.739999771118164,31.0,31.260000228881836,455700
2011-06-09,28.90242576599121,31.790000915527344,32.09000015258789,31.290000915527344,31.520000457763672,272200
2011-06-10,28.229633331298828,31.049999237060547,31.709999084472656,30.950000762939453,31.40999984741211,376700
2011-06-13,28.175085067749023,30.989999771118164,31.510000228881836,30.93000030517578,31.139999389648438,357700
2011-06-14,28.920597076416016,31.809999465942383,32.040000915527344,31.520000457763672,31.520000457763672,308400
2011-06-15,28.738771438598633,31.610000610351562,31.969999313354492,31.15999984741211,31.280000686645508,378600
2011-06-16,28.98424530029297,31.8799991607666,32.29999923706055,31.299999237060547,31.719999313354492,295400
2011-06-17,28.656944274902344,31.520000457763672,32.45000076293945,31.389999389648438,32.220001220703125,444300
2011-06-20,29.266090393066406,32.189998626708984,32.36000061035156,31.389999389648438,31.389999389648438,174000
2011-06-21,29.920686721801758,32.90999984741211,32.959999084472656,31.90999984741211,32.439998626708984,327700
2011-06-22,29.89341163635254,32.880001068115234,33.380001068115234,32.56999969482422,32.56999969482422,245400
2011-06-23,29.638845443725586,32.599998474121094,32.689998626708984,31.5,32.29999923706055,297300
2011-06-24,29.420644760131836,32.36000061035156,33.099998474121094,31.510000228881836,32.599998474121094,259500
2011-06-27,30.111610412597656,33.119998931884766,33.290000915527344,31.959999084472656,32.31999969482422,234800
2011-06-28,31.038957595825195,34.13999938964844,34.189998626708984,32.81999969482422,33.119998931884766,272400
2011-06-29,31.238969802856445,34.36000061035156,34.47999954223633,33.689998626708984,34.209999084472656,170200
2011-06-30,31.693561553955078,34.86000061035156,35.130001068115234,34.189998626708984,34.27000045776367,273000
2011-07-01,32.46635818481445,35.709999084472656,35.93000030517578,34.7400016784668,34.95000076293945,264400
2011-07-05,32.03905487060547,35.2400016784668,35.689998626708984,34.91999816894531,35.650001525878906,182500
2011-07-06,32.5936279296875,35.849998474121094,35.88999938964844,35.02000045776367,35.18000030517578,157300
2011-07-07,33.039127349853516,36.34000015258789,36.7599983215332,35.77000045776367,36.099998474121094,177500
2011-07-08,33.393714904785156,36.72999954223633,36.880001068115234,35.709999084472656,35.709999084472656,273800
2011-07-11,32.32087707519531,35.54999923706055,36.689998626708984,35.349998474121094,36.06999969482422,244500
2011-07-12,32.311805725097656,35.540000915527344,35.9900016784668,35.31999969482422,35.31999969482422,237600
2011-07-13,32.557273864746094,35.810001373291016,36.2400016784668,35.619998931884766,35.779998779296875,253600
2011-07-14,31.89357566833496,35.08000183105469,36.04999923706055,34.869998931884766,35.900001525878906,218600
2011-07-15,32.511810302734375,35.7599983215332,35.779998779296875,34.75,35.150001525878906,245100
2011-07-18,31.611732482910156,34.77000045776367,35.70000076293945,34.41999816894531,35.5099983215332,144200
2011-07-19,32.4936408996582,35.7400016784668,35.75,34.900001525878906,35.029998779296875,231200
2011-07-20,32.03905487060547,35.2400016784668,35.77000045776367,35.02000045776367,35.68000030517578,260800
2011-07-21,33.02095031738281,36.31999969482422,36.33000183105469,34.77000045776367,35.40999984741211,357400
2011-07-22,33.43916320800781,36.779998779296875,36.900001525878906,35.939998626708984,36.25,284300
2011-07-25,33.202796936035156,36.52000045776367,36.7599983215332,36.08000183105469,36.08000183105469,301400
2011-07-26,32.87546920776367,36.15999984741211,37.20000076293945,35.400001525878906,36.709999084472656,388700
2011-07-27,31.50262451171875,34.650001525878906,35.91999816894531,34.599998474121094,35.91999816894531,457800
2011-07-28,31.44808578491211,34.59000015258789,35.540000915527344,34.47999954223633,34.66999816894531,274700
2011-07-29,31.36626434326172,34.5,34.93000030517578,33.84000015258789,34.31999969482422,194200
2011-08-01,31.229888916015625,34.349998474121094,35.43000030517578,33.709999084472656,35.18000030517578,237900
2011-08-02,29.60247802734375,32.560001373291016,34.54999923706055,32.52000045776367,33.97999954223633,259200
2011-08-03,29.529741287231445,32.47999954223633,33.09000015258789,31.389999389648438,32.68000030517578,329400
2011-08-04,27.738693237304688,30.510000228881836,32.45000076293945,30.5,32.040000915527344,477400
2011-08-05,26.674959182739258,29.34000015258789,31.31999969482422,28.790000915527344,30.8700008392334,610200
2011-08-08,23.329219818115234,25.65999984741211,29.3700008392334,25.600000381469727,28.239999771118164,922500
2011-08-09,25.138465881347656,27.649999618530273,27.690000534057617,24.389999389648438,26.469999313354492,911600
2011-08-10,24.383861541748047,26.81999969482422,29.290000915527344,26.549999237060547,29.25,1017600
2011-08-11,26.66586685180664,29.329999923706055,29.850000381469727,26.610000610351562,27.040000915527344,654200
2011-08-12,27.238643646240234,29.959999084472656,30.270000457763672,29.350000381469727,29.649999618530273,329900
2011-08-15,28.047801971435547,30.850000381469727,30.93000030517578,29.969999313354492,30.34000015258789,339100
2011-08-16,27.18212890625,29.829999923706055,30.700000762939453,29.5,30.350000381469727,242400
2011-08-17,27.20035171508789,29.850000381469727,30.290000915527344,29.540000915527344,30.09000015258789,168500
2011-08-18,24.785581588745117,27.200000762939453,28.760000228881836,26.969999313354492,28.68000030517578,362000
2011-08-19,24.07482147216797,26.420000076293945,27.959999084472656,26.270000457763672,26.559999465942383,275600
2011-08-22,24.302629470825195,26.670000076293945,27.68000030517578,26.43000030517578,27.270000457763672,231700
2011-08-23,26.298229217529297,28.860000610351562,28.93000030517578,26.520000457763672,26.829999923706055,370100
2011-08-24,27.01810646057129,29.649999618530273,29.790000915527344,28.1299991607666,28.59000015258789,261600
2011-08-25,26.54425811767578,29.1299991607666,30.100000381469727,28.81999969482422,29.969999313354492,331000
2011-08-26,27.382598876953125,30.049999237060547,30.270000457763672,28.290000915527344,28.760000228881836,202300
2011-08-29,28.922582626342773,31.739999771118164,31.799999237060547,30.139999389648438,30.489999771118164,256500
2011-08-30,29.277971267700195,32.130001068115234,32.38999938964844,30.3700008392334,31.469999313354492,289800
2011-08-31,29.542221069335938,32.41999816894531,33.06999969482422,31.780000686645508,32.2400016784668,386300
2011-09-01,28.011348724365234,30.739999771118164,32.68000030517578,30.350000381469727,32.58000183105469,416600
2011-09-02,26.3255672454834,28.889999389648438,30.139999389648438,28.6200008392334,29.68000030517578,324600
2011-09-06,26.362016677856445,28.93000030517578,29.389999389648438,27.579999923706055,28.010000228881836,306300
2011-09-07,27.3643741607666,30.030000686645508,30.100000381469727,29.25,29.709999084472656,489300
2011-09-08,26.75385284423828,29.360000610351562,30.360000610351562,28.950000762939453,29.8700008392334,240300
2011-09-09,25.505451202392578,27.989999771118164,29.350000381469727,27.56999969482422,28.950000762939453,294400
2011-09-12,25.72414779663086,28.229999542236328,28.239999771118164,27.1200008392334,27.299999237060547,357400
2011-09-13,26.434913635253906,29.010000228881836,29.15999984741211,28.06999969482422,28.469999313354492,227400
2011-09-14,26.981660842895508,29.610000610351562,30.25,28.399999618530273,28.719999313354492,306700
2011-09-15,27.865554809570312,30.579999923706055,30.6299991607666,29.770000457763672,30.059999465942383,246700
2011-09-16,27.883779525756836,30.600000381469727,30.889999389648438,30.209999084472656,30.799999237060547,557200
2011-09-19,27.3643741607666,30.030000686645508,30.5,29.399999618530273,29.84000015258789,363000
2011-09-20,26.54425811767578,29.1299991607666,30.850000381469727,29.1200008392334,30.25,303300
2011-09-21,25.56924057006836,28.059999465942383,29.56999969482422,28.010000228881836,28.979999542236328,398100
2011-09-22,24.639781951904297,27.040000915527344,27.770000457763672,26.399999618530273,26.969999313354492,605000
2011-09-23,25.05895233154297,27.5,27.950000762939453,26.969999313354492,27.030000686645508,274900
2011-09-26,26.070423126220703,28.610000610351562,28.68000030517578,27.079999923706055,27.799999237060547,206800
2011-09-27,26.9998836517334,29.6299991607666,30.950000762939453,29.020000457763672,29.579999923706055,311100
2011-09-28,25.72414779663086,28.229999542236328,30.8700008392334,28.1299991607666,29.780000686645508,355800
2011-09-29,25.961071014404297,28.489999771118164,29.5,27.469999313354492,29.15999984741211,296300
2011-09-30,24.967830657958984,27.399999618530273,28.649999618530273,27.350000381469727,27.809999465942383,332300
2011-10-03,23.30027198791504,25.56999969482422,28.149999618530273,25.459999084472656,27.06999969482422,610300
2011-10-04,25.92462730407715,28.450000762939453,28.5,25.389999389648438,25.389999389648438,538600
2011-10-05,27.100120544433594,29.739999771118164,29.950000762939453,28.1200008392334,28.610000610351562,298700
2011-10-06,27.73797607421875,30.440000534057617,30.489999771118164,28.959999084472656,29.690000534057617,539700
2011-10-07,26.95431900024414,29.579999923706055,30.760000228881836,29.459999084472656,30.600000381469727,335700
2011-10-10,28.002235412597656,30.729999542236328,30.799999237060547,29.950000762939453,30.360000610351562,297600
2011-10-11,28.011348724365234,30.739999771118164,31.229999542236328,30.3700008392334,30.3799991607666,248200
2011-10-12,28.703893661499023,31.5,31.850000381469727,30.850000381469727,30.850000381469727,226000
2011-10-13,28.795011520385742,31.600000381469727,31.799999237060547,30.530000686645508,31.170000076293945,293300
2011-10-14,29.259740829467773,32.11000061035156,32.2400016784668,31.31999969482422,31.850000381469727,196600
2011-10-17,27.573959350585938,30.260000228881836,32.25,30.149999618530273,31.729999542236328,341600
2011-10-18,29.487552642822266,32.36000061035156,32.650001525878906,30.209999084472656,30.43000030517578,345800
2011-10-19,28.321168899536133,31.079999923706055,32.40999984741211,30.899999618530273,32.220001220703125,255400
2011-10-20,28.239160537719727,30.989999771118164,31.170000076293945,30.1200008392334,31.110000610351562,203100
2011-10-21,29.01371192932129,31.84000015258789,31.90999984741211,31.0,31.65999984741211,293400
2011-10-24,30.20743179321289,33.150001525878906,33.38999938964844,31.1200008392334,32.029998779296875,345100
2011-10-25,28.968154907226562,31.790000915527344,33.099998474121094,31.68000030517578,32.88999938964844,319200
2011-10-26,29.733585357666016,32.630001068115234,32.939998626708984,31.040000915527344,32.470001220703125,285200
2011-10-27,32.43995666503906,35.599998474121094,36.310001373291016,32.810001373291016,33.939998626708984,778900
2011-10-28,32.048126220703125,35.16999816894531,35.61000061035156,34.79999923706055,35.310001373291016,376200
2011-10-31,30.87262725830078,33.880001068115234,34.65999984741211,33.79999923706055,34.34000015258789,355400
2011-11-01,29.56955909729004,32.45000076293945,34.349998474121094,32.0,32.040000915527344,443700
2011-11-02,30.754169464111328,33.75,33.84000015258789,32.709999084472656,33.220001220703125,298600
2011-11-03,32.54930114746094,35.720001220703125,35.900001525878906,33.9900016784668,34.36000061035156,375500
2011-11-04,32.44906234741211,35.61000061035156,35.689998626708984,34.459999084472656,35.08000183105469,182400
2011-11-07,32.07545852661133,35.20000076293945,35.77000045776367,34.41999816894531,35.43000030517578,223000
2011-11-08,32.66777420043945,35.849998474121094,35.93000030517578,34.41999816894531,35.439998626708984,390400
2011-11-09,31.26445770263672,34.310001373291016,35.0,34.04999923706055,34.41999816894531,455400
2011-11-10,31.46493148803711,34.529998779296875,35.5,34.15999984741211,35.08000183105469,473700
2011-11-11,32.65865707397461,35.84000015258789,35.970001220703125,35.040000915527344,35.15999984741211,226400
2011-11-14,32.640445709228516,35.81999969482422,35.81999969482422,35.02000045776367,35.560001373291016,343700
2011-11-15,37.22377014160156,40.77000045776367,41.2599983215332,34.66999816894531,34.66999816894531,1762400
2011-11-16,36.374671936035156,39.84000015258789,40.779998779296875,39.709999084472656,40.0,771500
2011-11-17,35.224281311035156,38.58000183105469,40.060001373291016,38.150001525878906,39.5099983215332,560700
2011-11-18,35.68077850341797,39.08000183105469,39.5,38.54999923706055,38.58000183105469,235100
2011-11-21,34.46646499633789,37.75,38.619998931884766,37.4900016784668,38.220001220703125,329800
2011-11-22,34.72209167480469,38.029998779296875,38.279998779296875,37.380001068115234,37.72999954223633,292200
2011-11-23,33.398231506347656,36.58000183105469,37.75,36.36000061035156,37.540000915527344,342000
2011-11-25,32.80476760864258,35.93000030517578,37.33000183105469,35.93000030517578,36.529998779296875,126300
2011-11-28,35.60771560668945,39.0,39.380001068115234,37.45000076293945,37.47999954223633,356600
2011-11-29,35.114707946777344,38.459999084472656,39.0099983215332,38.290000915527344,39.0,337300
2011-11-30,38.657222747802734,42.34000015258789,42.34000015258789,37.61000061035156,39.970001220703125,910000
2011-12-01,36.52074432373047,40.0,42.029998779296875,39.900001525878906,42.0,741800
2011-12-02,36.721614837646484,40.220001220703125,40.939998626708984,40.08000183105469,40.849998474121094,348600
2011-12-05,37.43376541137695,41.0,41.380001068115234,40.5,41.040000915527344,382500
2011-12-06,37.06857681274414,40.599998474121094,41.290000915527344,40.439998626708984,40.9900016784668,240700
2011-12-07,37.07768630981445,40.61000061035156,41.04999923706055,39.349998474121094,40.4900016784668,284900
2011-12-08,35.762939453125,39.16999816894531,40.66999816894531,39.04999923706055,40.47999954223633,285800
2011-12-09,37.60722351074219,41.189998626708984,41.5,39.349998474121094,39.38999938964844,314700
2011-12-12,36.721614837646484,40.220001220703125,40.540000915527344,39.5,40.540000915527344,286400
2011-12-13,35.63512420654297,39.029998779296875,40.849998474121094,38.540000915527344,40.59000015258789,301300
2011-12-14,34.88645553588867,38.209999084472656,38.880001068115234,37.52000045776367,38.709999084472656,370700
2011-12-15,35.18772506713867,38.540000915527344,39.0,37.709999084472656,38.880001068115234,307600
2011-12-16,35.62599563598633,39.02000045776367,39.93000030517578,38.439998626708984,38.93000030517578,573100
2011-12-19,34.566898345947266,37.86000061035156,39.79999923706055,37.790000915527344,39.40999984741211,340800
2011-12-20,37.278564453125,40.83000183105469,40.970001220703125,37.470001220703125,37.5,648200
2011-12-21,37.187259674072266,40.72999954223633,40.970001220703125,39.52000045776367,40.68000030517578,248600
2011-12-22,37.47028732299805,41.040000915527344,41.29999923706055,40.560001373291016,40.84000015258789,236400
2011-12-23,37.78984832763672,41.38999938964844,41.470001220703125,40.81999969482422,41.02000045776367,128900
2011-12-27,38.054622650146484,41.68000030517578,42.08000183105469,40.93000030517578,41.06999969482422,198100
2011-12-28,36.75812530517578,40.2599983215332,41.68000030517578,40.15999984741211,41.68000030517578,306500
2011-12-29,37.78071975708008,41.380001068115234,41.77000045776367,40.279998779296875,40.369998931884766,209800
2011-12-30,37.36985778808594,40.93000030517578,41.79999923706055,40.880001068115234,41.279998779296875,209300
2012-01-03,38.32853317260742,41.97999954223633,42.900001525878906,41.58000183105469,41.97999954223633,431500
2012-01-04,38.575050354003906,42.25,42.47999954223633,41.40999984741211,41.79999923706055,255800
2012-01-05,38.94024658203125,42.650001525878906,43.470001220703125,41.08000183105469,41.779998779296875,368800
2012-01-06,38.876346588134766,42.58000183105469,43.06999969482422,41.93000030517578,42.65999984741211,330100
2012-01-09,39.36936569213867,43.119998931884766,43.220001220703125,42.29999923706055,42.68000030517578,276300
2012-01-10,40.1636848449707,43.9900016784668,44.41999816894531,43.20000076293945,43.90999984741211,411800
2012-01-11,40.08152389526367,43.900001525878906,44.13999938964844,43.790000915527344,43.84000015258789,271000
2012-01-12,40.09064865112305,43.90999984741211,43.9900016784668,43.70000076293945,43.90999984741211,487000
2012-01-13,39.78936004638672,43.58000183105469,43.900001525878906,43.0,43.04999923706055,244300
2012-01-17,39.89892578125,43.70000076293945,44.43000030517578,43.58000183105469,44.06999969482422,284100
2012-01-18,40.21847152709961,44.04999923706055,44.150001525878906,43.41999816894531,43.77000045776367,595000
2012-01-19,40.501522064208984,44.36000061035156,44.72999954223633,43.880001068115234,44.060001373291016,340000
2012-01-20,39.69806671142578,43.47999954223633,44.29999923706055,43.18000030517578,44.29999923706055,490700
2012-01-23,39.442413330078125,43.20000076293945,44.38999938964844,42.31999969482422,43.43000030517578,1093000
2012-01-24,39.004180908203125,42.720001220703125,45.79999923706055,41.5,44.779998779296875,1468900
2012-01-25,38.94024658203125,42.650001525878906,43.08000183105469,41.650001525878906,42.599998474121094,514600
2012-01-26,38.32853317260742,41.97999954223633,42.900001525878906,41.72999954223633,42.880001068115234,350700
2012-01-27,39.14111328125,42.869998931884766,43.02000045776367,40.939998626708984,40.97999954223633,266400
2012-01-30,38.684608459472656,42.369998931884766,42.52000045776367,41.5,42.29999923706055,307500
2012-01-31,38.32853317260742,41.97999954223633,43.06999969482422,41.849998474121094,42.77000045776367,322100
2012-02-01,40.14543151855469,43.970001220703125,44.119998931884766,42.38999938964844,42.38999938964844,375900
2012-02-02,40.06326675415039,43.880001068115234,44.630001068115234,43.790000915527344,44.119998931884766,302600
2012-02-03,41.332366943359375,45.27000045776367,46.0,44.68000030517578,44.9900016784668,430400
2012-02-06,40.66586685180664,44.540000915527344,45.29999923706055,44.380001068115234,45.02000045776367,188500
2012-02-07,40.309783935546875,44.150001525878906,44.650001525878906,43.95000076293945,44.4900016784668,243300
2012-02-08,40.5562858581543,44.41999816894531,44.70000076293945,43.81999969482422,44.150001525878906,498800
2012-02-09,40.720638275146484,44.599998474121094,44.9900016784668,44.13999938964844,44.709999084472656,189800
2012-02-10,40.31891632080078,44.15999984741211,44.560001373291016,43.97999954223633,44.040000915527344,348500
2012-02-13,40.97627639770508,44.880001068115234,45.02000045776367,44.290000915527344,44.90999984741211,160800
2012-02-14,40.6744384765625,44.470001220703125,44.79999923706055,43.86000061035156,44.68000030517578,318000
2012-02-15,39.78723907470703,43.5,44.97999954223633,43.13999938964844,44.709999084472656,385300
2012-02-16,40.967132568359375,44.790000915527344,45.0,43.43000030517578,43.5,265200
2012-02-17,40.77507781982422,44.58000183105469,45.0,44.459999084472656,45.0,165700
2012-02-21,40.72018814086914,44.52000045776367,45.04999923706055,44.34000015258789,44.790000915527344,268600
2012-02-22,40.97627258300781,44.79999923706055,45.13999938964844,44.06999969482422,44.4900016784668,312000
2012-02-23,41.15921401977539,45.0,45.150001525878906,44.38999938964844,44.77000045776367,274300
2012-02-24,40.71104431152344,44.5099983215332,45.470001220703125,44.45000076293945,44.959999084472656,221300
2012-02-27,40.88482666015625,44.70000076293945,45.29999923706055,43.7599983215332,44.099998474121094,271500
2012-02-28,40.65615463256836,44.45000076293945,45.060001373291016,44.029998779296875,44.68000030517578,156700
2012-02-29,40.0341911315918,43.77000045776367,45.20000076293945,43.7599983215332,44.27000045776367,351000
2012-03-01,40.308589935302734,44.06999969482422,44.9900016784668,44.0099983215332,44.150001525878906,247500
2012-03-02,39.00064468383789,42.63999938964844,44.22999954223633,42.15999984741211,44.09000015258789,294300
2012-03-05,39.39394760131836,43.06999969482422,43.16999816894531,42.34000015258789,42.34000015258789,214000
2012-03-06,38.012821197509766,41.560001373291016,42.90999984741211,41.08000183105469,42.349998474121094,318700
2012-03-07,38.2872200012207,41.86000061035156,42.0099983215332,41.41999816894531,41.790000915527344,199500
2012-03-08,38.60734939575195,42.209999084472656,43.150001525878906,42.040000915527344,42.33000183105469,284700
2012-03-09,38.936614990234375,42.56999969482422,43.5099983215332,42.150001525878906,42.150001525878906,257900
2012-03-12,38.85429382324219,42.47999954223633,42.68000030517578,42.099998474121094,42.66999816894531,223500
2012-03-13,40.153099060058594,43.900001525878906,43.900001525878906,42.56999969482422,43.060001373291016,217400
2012-03-14,40.25370788574219,44.0099983215332,44.279998779296875,43.54999923706055,43.90999984741211,241400
2012-03-15,40.57383728027344,44.36000061035156,44.529998779296875,43.7400016784668,44.130001068115234,164200
2012-03-16,40.07079315185547,43.810001373291016,44.439998626708984,43.7599983215332,44.439998626708984,417100
2012-03-19,40.509822845458984,44.290000915527344,44.81999969482422,43.459999084472656,43.81999969482422,278200
2012-03-20,39.29331588745117,42.959999084472656,43.95000076293945,42.91999816894531,43.75,269800
2012-03-21,39.00064468383789,42.63999938964844,43.380001068115234,42.189998626708984,43.11000061035156,283100
2012-03-22,38.47013854980469,42.060001373291016,42.33000183105469,41.83000183105469,42.11000061035156,538000
2012-03-23,39.101253509521484,42.75,42.86000061035156,42.0,42.279998779296875,216400
2012-03-26,39.97930908203125,43.709999084472656,43.970001220703125,43.29999923706055,43.529998779296875,307900
2012-03-27,39.80553436279297,43.52000045776367,44.20000076293945,43.22999954223633,43.810001373291016,199100
2012-03-28,39.35736083984375,43.029998779296875,43.61000061035156,42.13999938964844,43.56999969482422,152500
2012-03-29,38.890892028808594,42.52000045776367,42.81999969482422,41.869998931884766,42.529998779296875,207600
2012-03-30,39.174442291259766,42.83000183105469,43.25,42.619998931884766,43.060001373291016,307200
2012-04-02,39.27503204345703,42.939998626708984,43.34000015258789,42.099998474121094,42.77000045776367,264400
2012-04-03,39.13784408569336,42.790000915527344,43.150001525878906,42.27000045776367,42.97999954223633,189100
2012-04-04,38.433555603027344,42.02000045776367,42.310001373291016,41.439998626708984,42.11000061035156,168000
2012-04-05,38.131717681884766,41.689998626708984,42.130001068115234,41.599998474121094,41.63999938964844,104900
2012-04-09,37.75672149658203,41.279998779296875,41.849998474121094,40.560001373291016,40.61000061035156,295400
2012-04-10,36.69572830200195,40.119998931884766,41.34000015258789,39.79999923706055,41.13999938964844,395700
2012-04-11,37.61037063598633,41.119998931884766,41.22999954223633,40.349998474121094,40.70000076293945,269500
2012-04-12,38.25062561035156,41.81999969482422,42.529998779296875,40.58000183105469,41.209999084472656,238100
2012-04-13,37.50975799560547,41.0099983215332,41.70000076293945,40.93000030517578,41.5,239000
2012-04-16,37.57381057739258,41.08000183105469,41.59000015258789,40.34000015258789,41.2599983215332,181500
2012-04-17,38.47930145263672,42.06999969482422,42.86000061035156,40.58000183105469,41.5099983215332,183400
2012-04-18,37.61037063598633,41.119998931884766,41.650001525878906,40.86000061035156,41.599998474121094,312600
2012-04-19,37.235347747802734,40.709999084472656,41.52000045776367,40.13999938964844,40.88999938964844,257800
2012-04-20,37.390865325927734,40.880001068115234,42.029998779296875,40.86000061035156,41.650001525878906,365400
2012-04-23,36.97926330566406,40.43000030517578,40.709999084472656,39.61000061035156,39.97999954223633,254900
2012-04-24,37.66525650024414,41.18000030517578,41.66999816894531,40.380001068115234,40.63999938964844,749700
2012-04-25,38.46099853515625,42.04999923706055,42.47999954223633,41.599998474121094,41.689998626708984,261300
2012-04-26,38.47930145263672,42.06999969482422,42.25,41.58000183105469,41.90999984741211,149200
2012-04-27,39.192710876464844,42.849998474121094,43.11000061035156,41.90999984741211,42.369998931884766,261800
2012-04-30,38.040252685546875,41.59000015258789,43.189998626708984,41.560001373291016,42.689998626708984,277000
2012-05-01,37.81160354614258,41.34000015258789,42.4900016784668,40.810001373291016,41.459999084472656,265000
2012-05-02,38.22319030761719,41.790000915527344,41.84000015258789,40.709999084472656,40.79999923706055,248400
2012-05-03,37.25366973876953,40.72999954223633,42.290000915527344,40.41999816894531,41.75,214500
2012-05-04,36.01889419555664,39.380001068115234,40.36000061035156,39.27000045776367,40.36000061035156,268000
2012-05-07,36.18352508544922,39.560001373291016,39.68000030517578,38.7599983215332,39.220001220703125,202000
2012-05-08,36.07376480102539,39.439998626708984,39.4900016784668,38.20000076293945,39.06999969482422,234400
2012-05-09,36.01889419555664,39.380001068115234,39.459999084472656,38.439998626708984,38.790000915527344,287000
2012-05-10,35.8451042175293,39.189998626708984,40.0,38.7400016784668,39.79999923706055,155000
2012-05-11,35.64388656616211,38.970001220703125,39.52000045776367,38.709999084472656,38.709999084472656,198000
2012-05-14,35.003631591796875,38.27000045776367,38.7400016784668,37.880001068115234,38.40999984741211,174900
2012-05-15,35.12252426147461,38.400001525878906,38.81999969482422,37.970001220703125,38.189998626708984,280000
2012-05-16,34.554264068603516,37.70000076293945,38.65999984741211,37.630001068115234,38.529998779296875,176600
2012-05-17,33.371910095214844,36.40999984741211,38.04999923706055,36.349998474121094,37.81999969482422,347500
2012-05-18,33.45440673828125,36.5,36.84000015258789,36.209999084472656,36.439998626708984,488000
2012-05-21,34.820068359375,37.9900016784668,37.9900016784668,36.2599983215332,36.58000183105469,276000
2012-05-22,35.461666107177734,38.689998626708984,38.869998931884766,37.84000015258789,38.040000915527344,420100
2012-05-23,35.5899772644043,38.83000183105469,38.95000076293945,37.45000076293945,38.09000015258789,249000
2012-05-24,36.066585540771484,39.349998474121094,39.36000061035156,38.5,39.04999923706055,325200
2012-05-25,35.37916946411133,38.599998474121094,39.38999938964844,38.459999084472656,39.349998474121094,292300
2012-05-29,36.33238220214844,39.63999938964844,39.970001220703125,38.97999954223633,39.13999938964844,222900
2012-05-30,34.93922424316406,38.119998931884766,39.11000061035156,38.04999923706055,39.11000061035156,194700
2012-05-31,34.56343460083008,37.709999084472656,38.22999954223633,36.849998474121094,38.119998931884766,469000
2012-06-01,33.05112075805664,36.060001373291016,36.70000076293945,35.31999969482422,36.70000076293945,477400
2012-06-04,33.591880798339844,36.650001525878906,36.7400016784668,35.63999938964844,36.150001525878906,764500
2012-06-05,33.711036682128906,36.779998779296875,36.900001525878906,36.20000076293945,36.279998779296875,545100
2012-06-06,34.755916595458984,37.91999816894531,37.939998626708984,36.939998626708984,37.150001525878906,238700
2012-06-07,34.45343017578125,37.59000015258789,38.959999084472656,37.5,38.439998626708984,416600
2012-06-08,34.85673522949219,38.029998779296875,38.34000015258789,37.220001220703125,37.650001525878906,232200
2012-06-11,34.297630310058594,37.41999816894531,38.70000076293945,37.310001373291016,38.56999969482422,446100
2012-06-12,35.35166549682617,38.56999969482422,38.630001068115234,37.099998474121094,37.70000076293945,398100
2012-06-13,34.73758316040039,37.900001525878906,38.77000045776367,37.400001525878906,38.650001525878906,521500
2012-06-14,34.85673522949219,38.029998779296875,38.61000061035156,37.5099983215332,37.91999816894531,267600
2012-06-15,34.407615661621094,37.540000915527344,38.18000030517578,37.459999084472656,38.0099983215332,523500
2012-06-18,34.56343460083008,37.709999084472656,37.810001373291016,37.22999954223633,37.22999954223633,509700
2012-06-19,35.90160369873047,39.16999816894531,39.2400016784668,37.7400016784668,37.90999984741211,295800
2012-06-20,35.54414749145508,38.779998779296875,39.25,38.47999954223633,39.08000183105469,254100
2012-06-21,34.755916595458984,37.91999816894531,39.439998626708984,37.86000061035156,39.060001373291016,398600
2012-06-22,34.94839859008789,38.130001068115234,38.29999923706055,37.65999984741211,38.099998474121094,1241200
2012-06-25,33.78435134887695,36.86000061035156,37.470001220703125,36.810001373291016,37.31999969482422,236700
2012-06-26,33.66520690917969,36.72999954223633,37.11000061035156,36.06999969482422,36.83000183105469,201300
2012-06-27,33.91267776489258,37.0,37.25,36.54999923706055,37.099998474121094,234500
2012-06-28,34.12349319458008,37.22999954223633,37.25,36.400001525878906,36.790000915527344,341700
2012-06-29,36.14906692504883,39.439998626708984,39.689998626708984,37.970001220703125,38.290000915527344,428400
2012-07-02,36.268226623535156,39.56999969482422,39.599998474121094,38.77000045776367,39.58000183105469,283500
2012-07-03,36.85481643676758,40.209999084472656,40.220001220703125,39.380001068115234,39.40999984741211,166500
2012-07-05,37.065635681152344,40.439998626708984,40.83000183105469,39.79999923706055,39.9900016784668,229900
2012-07-06,36.15823745727539,39.45000076293945,40.279998779296875,39.29999923706055,39.84000015258789,210700
2012-07-09,36.07575988769531,39.36000061035156,39.689998626708984,38.95000076293945,39.459999084472656,197700
2012-07-10,34.7100830078125,37.869998931884766,40.09000015258789,37.52000045776367,39.7400016784668,354300
2012-07-11,33.1794319152832,36.20000076293945,37.630001068115234,35.779998779296875,37.619998931884766,718300
2012-07-12,32.27203369140625,35.209999084472656,35.650001525878906,34.31999969482422,35.630001068115234,670800
2012-07-13,33.04194641113281,36.04999923706055,36.13999938964844,35.220001220703125,35.45000076293945,332200
2012-07-16,31.657930374145508,34.540000915527344,34.560001373291016,30.15999984741211,30.190000534057617,2300400
2012-07-17,31.117164611816406,33.95000076293945,34.470001220703125,32.45000076293945,34.470001220703125,1256900
2012-07-18,31.832069396972656,34.72999954223633,35.119998931884766,33.790000915527344,34.0,385900
2012-07-19,31.822927474975586,34.720001220703125,35.13999938964844,34.61000061035156,34.93000030517578,207500
2012-07-20,31.474626541137695,34.34000015258789,34.56999969482422,34.119998931884766,34.380001068115234,243900
2012-07-23,30.484739303588867,33.2599983215332,34.119998931884766,32.84000015258789,33.41999816894531,564900
2012-07-24,30.512248992919922,33.290000915527344,35.16999816894531,32.880001068115234,32.88999938964844,664400
2012-07-25,30.383934020996094,33.150001525878906,34.2400016784668,33.040000915527344,33.599998474121094,435700
2012-07-26,30.823883056640625,33.630001068115234,34.41999816894531,33.369998931884766,33.90999984741211,209000
2012-07-27,32.12537384033203,35.04999923706055,35.220001220703125,33.59000015258789,33.7599983215332,461800
2012-07-30,31.382970809936523,34.2400016784668,35.22999954223633,34.13999938964844,35.18000030517578,247800
2012-07-31,30.768884658813477,33.56999969482422,34.43000030517578,33.5099983215332,34.040000915527344,365000
2012-08-01,30.218942642211914,32.970001220703125,33.880001068115234,32.880001068115234,33.72999954223633,383500
2012-08-02,30.1639404296875,32.90999984741211,33.310001373291016,32.5099983215332,32.689998626708984,289800
2012-08-03,31.621288299560547,34.5,34.70000076293945,33.33000183105469,33.52000045776367,490300
2012-08-06,31.79543685913086,34.689998626708984,34.84000015258789,34.540000915527344,34.68000030517578,288900
2012-08-07,32.38203811645508,35.33000183105469,35.810001373291016,34.09000015258789,34.95000076293945,407100
2012-08-08,32.50116729736328,35.459999084472656,35.689998626708984,34.91999816894531,35.0,240600
2012-08-09,32.620330810546875,35.59000015258789,35.900001525878906,34.91999816894531,35.43000030517578,232600
2012-08-10,32.711978912353516,35.689998626708984,35.77000045776367,35.15999984741211,35.52000045776367,236600
2012-08-13,32.94111633300781,35.939998626708984,35.97999954223633,35.2400016784668,35.56999969482422,195700
2012-08-14,32.99610900878906,36.0,36.27000045776367,35.72999954223633,36.06999969482422,225400
2012-08-15,33.335243225097656,36.369998931884766,36.459999084472656,35.75,35.83000183105469,122400
2012-08-16,34.095985412597656,37.20000076293945,37.220001220703125,36.06999969482422,36.2400016784668,170600
2012-08-17,34.48176956176758,37.540000915527344,37.779998779296875,37.04999923706055,37.060001373291016,239600
2012-08-20,33.765316009521484,36.7599983215332,37.79999923706055,36.540000915527344,37.5099983215332,216800
2012-08-21,33.893917083740234,36.900001525878906,37.63999938964844,36.47999954223633,36.869998931884766,252700
2012-08-22,33.37953186035156,36.34000015258789,36.88999938964844,35.95000076293945,36.83000183105469,190400
2012-08-23,32.94781494140625,35.869998931884766,36.720001220703125,35.279998779296875,36.27000045776367,380600
2012-08-24,32.72737503051758,35.630001068115234,36.38999938964844,35.560001373291016,35.7400016784668,190100
2012-08-27,32.653892517089844,35.54999923706055,36.040000915527344,35.400001525878906,35.720001220703125,311300
2012-08-28,32.45183181762695,35.33000183105469,35.75,35.20000076293945,35.4900016784668,248400
2012-08-29,32.415069580078125,35.290000915527344,35.5099983215332,35.0,35.45000076293945,225900
2012-08-30,31.82718849182129,34.650001525878906,35.099998474121094,34.5099983215332,34.939998626708984,166400
2012-08-31,32.084388732910156,34.93000030517578,35.22999954223633,34.36000061035156,34.9900016784668,264800
2012-09-04,32.63551330566406,35.529998779296875,35.540000915527344,34.029998779296875,34.470001220703125,299700
2012-09-05,32.06601333618164,34.90999984741211,35.56999969482422,34.810001373291016,35.20000076293945,296300
2012-09-06,33.3060417175293,36.2599983215332,36.369998931884766,35.119998931884766,35.31999969482422,293400
2012-09-07,33.976566314697266,36.9900016784668,37.5,36.4900016784668,36.58000183105469,279100
2012-09-10,33.93982696533203,36.95000076293945,37.439998626708984,36.900001525878906,37.06999969482422,185300
2012-09-11,33.53567886352539,36.5099983215332,37.119998931884766,36.41999816894531,36.939998626708984,142900
2012-09-12,33.44383239746094,36.40999984741211,36.83000183105469,36.18000030517578,36.54999923706055,123700
2012-09-13,33.56324005126953,36.540000915527344,36.939998626708984,35.88999938964844,36.5099983215332,324200
2012-09-14,34.0867919921875,37.11000061035156,37.7400016784668,36.20000076293945,36.61000061035156,275000
2012-09-17,33.59079360961914,36.56999969482422,37.43000030517578,36.439998626708984,36.88999938964844,276200
2012-09-18,33.59079360961914,36.56999969482422,36.93000030517578,36.38999938964844,36.93000030517578,251400
2012-09-19,33.655094146728516,36.63999938964844,36.83000183105469,36.209999084472656,36.29999923706055,160100
2012-09-20,33.149898529052734,36.09000015258789,36.59000015258789,35.720001220703125,36.310001373291016,248800
2012-09-21,33.039676666259766,35.970001220703125,36.52000045776367,34.9900016784668,36.52000045776367,1043000
2012-09-24,32.506919860839844,35.38999938964844,35.970001220703125,35.029998779296875,35.61000061035156,378400
2012-09-25,31.46897315979004,34.2599983215332,35.5099983215332,34.220001220703125,35.41999816894531,542500
2012-09-26,31.138309478759766,33.900001525878906,34.540000915527344,32.54999923706055,34.290000915527344,592300
2012-09-27,31.138309478759766,33.900001525878906,34.06999969482422,33.790000915527344,34.0,417500
2012-09-28,31.2117862701416,33.97999954223633,34.209999084472656,33.56999969482422,33.63999938964844,447400
2012-10-01,30.899497985839844,33.63999938964844,34.04999923706055,32.86000061035156,34.04999923706055,588000
2012-10-02,31.018901824951172,33.77000045776367,33.900001525878906,33.27000045776367,33.77000045776367,222700
2012-10-03,31.04645538330078,33.79999923706055,34.08000183105469,33.58000183105469,33.810001373291016,174700
2012-10-04,31.10154914855957,33.86000061035156,34.189998626708984,33.4900016784668,33.4900016784668,368300
2012-10-05,30.789262771606445,33.52000045776367,34.130001068115234,33.41999816894531,34.040000915527344,314300
2012-10-08,30.945405960083008,33.689998626708984,33.83000183105469,33.09000015258789,33.31999969482422,164600
2012-10-09,30.164661407470703,32.84000015258789,33.7400016784668,32.540000915527344,33.7400016784668,698500
2012-10-10,30.18303108215332,32.86000061035156,33.189998626708984,32.45000076293945,32.81999969482422,613800
2012-10-11,30.284067153930664,32.970001220703125,33.2599983215332,32.63999938964844,32.63999938964844,174400
2012-10-12,30.412670135498047,33.11000061035156,33.209999084472656,32.869998931884766,32.88999938964844,322100
2012-10-15,30.605560302734375,33.31999969482422,33.45000076293945,33.040000915527344,33.13999938964844,204800
2012-10-16,31.165868759155273,33.93000030517578,33.939998626708984,33.150001525878906,33.5099983215332,190000
2012-10-17,31.735363006591797,34.54999923706055,34.709999084472656,33.880001068115234,33.939998626708984,322900
2012-10-18,31.56081771850586,34.36000061035156,34.779998779296875,34.27000045776367,34.52000045776367,136900
2012-10-19,30.421844482421875,33.119998931884766,34.130001068115234,32.959999084472656,34.02000045776367,559400
2012-10-22,30.669849395751953,33.38999938964844,33.400001525878906,32.939998626708984,33.150001525878906,180200
2012-10-23,30.238147735595703,32.91999816894531,33.08000183105469,32.61000061035156,32.95000076293945,387500
2012-10-24,30.329994201660156,33.02000045776367,33.279998779296875,32.900001525878906,33.220001220703125,230300
2012-10-25,30.3942928314209,33.09000015258789,33.41999816894531,32.90999984741211,33.41999816894531,526300
2012-10-26,30.47696304321289,33.18000030517578,33.529998779296875,32.880001068115234,33.189998626708984,145600
2012-10-31,30.770889282226562,33.5,33.5,32.900001525878906,33.310001373291016,227700
2012-11-01,32.10276412963867,34.95000076293945,35.290000915527344,33.5,33.5,350000
2012-11-02,30.844383239746094,33.58000183105469,35.09000015258789,33.540000915527344,35.08000183105469,390500
2012-11-05,31.02808952331543,33.779998779296875,34.0,33.16999816894531,33.58000183105469,159600
2012-11-06,31.496530532836914,34.290000915527344,34.5,33.97999954223633,34.029998779296875,154900
2012-11-07,30.219772338867188,32.900001525878906,34.439998626708984,32.709999084472656,33.7400016784668,371400
2012-11-08,29.06241798400879,31.639999389648438,33.02000045776367,31.469999313354492,32.72999954223633,367200
2012-11-09,29.255311965942383,31.850000381469727,32.400001525878906,31.40999984741211,31.520000457763672,369500
2012-11-12,29.292049407958984,31.889999389648438,32.25,31.700000762939453,31.90999984741211,174400
2012-11-13,29.4573917388916,32.06999969482422,32.470001220703125,31.520000457763672,31.6200008392334,317400
2012-11-14,31.71697998046875,34.529998779296875,36.68000030517578,34.15999984741211,34.75,1558100
2012-11-15,31.063308715820312,33.7400016784668,34.95000076293945,33.47999954223633,34.61000061035156,760800
2012-11-16,31.403945922851562,34.11000061035156,34.779998779296875,33.52000045776367,33.65999984741211,589700
2012-11-19,32.223350524902344,35.0,35.0,34.41999816894531,34.689998626708984,282600
2012-11-20,32.51796340942383,35.31999969482422,35.34000015258789,34.560001373291016,34.79999923706055,281500
2012-11-21,32.58241653442383,35.38999938964844,35.52000045776367,35.06999969482422,35.38999938964844,235500
2012-11-23,33.3465576171875,36.220001220703125,36.220001220703125,35.40999984741211,35.599998474121094,180200
2012-11-26,32.82178497314453,35.650001525878906,36.439998626708984,35.400001525878906,36.119998931884766,382600
2012-11-27,33.3465576171875,36.220001220703125,36.38999938964844,35.2599983215332,35.66999816894531,492300
2012-11-28,33.493873596191406,36.380001068115234,36.439998626708984,35.459999084472656,35.97999954223633,236500
2012-11-29,33.82530975341797,36.7400016784668,36.9900016784668,36.40999984741211,36.720001220703125,264700
2012-11-30,33.66878890991211,36.56999969482422,36.91999816894531,36.369998931884766,36.91999816894531,429700
2012-12-03,33.46622848510742,36.349998474121094,37.56999969482422,36.130001068115234,36.900001525878906,352000
2012-12-04,33.30973434448242,36.18000030517578,36.41999816894531,35.70000076293945,36.279998779296875,233800
2012-12-05,33.503082275390625,36.38999938964844,36.68000030517578,35.88999938964844,36.29999923706055,209800
2012-12-06,33.42021179199219,36.29999923706055,36.5,35.81999969482422,36.45000076293945,165000
2012-12-07,33.4754638671875,36.36000061035156,36.56999969482422,35.93000030517578,36.56999969482422,163500
2012-12-10,33.88054275512695,36.79999923706055,36.81999969482422,36.2599983215332,36.560001373291016,231000
2012-12-11,33.82530975341797,36.7400016784668,37.130001068115234,36.59000015258789,37.09000015258789,223200
2012-12-12,33.733238220214844,36.63999938964844,37.0,36.459999084472656,37.0,269200
2012-12-13,33.45703125,36.34000015258789,36.83000183105469,35.939998626708984,36.599998474121094,169100
2012-12-14,33.45703125,36.34000015258789,36.72999954223633,36.04999923706055,36.189998626708984,275400
2012-12-17,34.23041534423828,37.18000030517578,37.2400016784668,36.47999954223633,36.47999954223633,236200
2012-12-18,34.01864242553711,36.95000076293945,37.0,36.16999816894531,36.16999816894531,623800
2012-12-19,34.442161560058594,37.40999984741211,37.650001525878906,36.650001525878906,36.86000061035156,381300
2012-12-20,34.46977615356445,37.439998626708984,37.5,37.029998779296875,37.439998626708984,325200
2012-12-21,34.340885162353516,37.29999923706055,37.459999084472656,36.75,37.099998474121094,1316000
2012-12-24,34.571048736572266,37.54999923706055,37.61000061035156,37.16999816894531,37.279998779296875,133700
2012-12-26,34.4789924621582,37.45000076293945,37.779998779296875,37.220001220703125,37.630001068115234,220500
2012-12-27,34.66311264038086,37.650001525878906,37.84000015258789,37.209999084472656,37.61000061035156,295200
2012-12-28,34.16596603393555,37.11000061035156,37.70000076293945,37.09000015258789,37.29999923706055,165000
2012-12-31,35.10502243041992,38.130001068115234,38.189998626708984,37.0,37.08000183105469,225700
2013-01-02,36.60572814941406,39.7599983215332,39.900001525878906,39.060001373291016,39.16999816894531,506000
2013-01-03,35.915225982666016,39.0099983215332,40.150001525878906,38.900001525878906,39.72999954223633,309700
2013-01-04,36.20984649658203,39.33000183105469,39.58000183105469,38.66999816894531,39.310001373291016,212200
2013-01-07,35.73109436035156,38.810001373291016,39.369998931884766,38.790000915527344,38.97999954223633,133500
2013-01-08,35.685062408447266,38.7599983215332,39.119998931884766,38.459999084472656,38.75,114700
2013-01-09,36.384765625,39.52000045776367,39.52000045776367,38.77000045776367,38.869998931884766,103800
2013-01-10,36.34793472290039,39.47999954223633,40.16999816894531,39.15999984741211,39.75,200400
2013-01-11,36.2742805480957,39.400001525878906,39.630001068115234,39.040000915527344,39.5,171800
2013-01-14,35.7955436706543,38.880001068115234,39.56999969482422,38.70000076293945,39.349998474121094,236700
2013-01-15,35.89680862426758,38.9900016784668,39.2400016784668,38.75,38.75,223000
2013-01-16,35.51012420654297,38.56999969482422,39.0,38.349998474121094,38.900001525878906,213900
2013-01-17,36.03491973876953,39.13999938964844,39.16999816894531,38.34000015258789,38.70000076293945,544300
2013-01-18,36.57811737060547,39.72999954223633,39.939998626708984,39.220001220703125,39.220001220703125,322900
2013-01-22,36.07175064086914,39.18000030517578,40.040000915527344,38.29999923706055,39.72999954223633,776500
2013-01-23,34.91170120239258,37.91999816894531,40.90999984741211,37.65999984741211,39.18000030517578,1037500
2013-01-24,35.78632736206055,38.869998931884766,39.0,37.88999938964844,37.88999938964844,476000
2013-01-25,35.81396484375,38.900001525878906,39.58000183105469,38.599998474121094,39.11000061035156,382100
2013-01-28,35.657440185546875,38.72999954223633,39.08000183105469,38.5099983215332,38.9900016784668,200700
2013-01-29,35.51933670043945,38.58000183105469,38.900001525878906,38.290000915527344,38.77000045776367,246100
2013-01-30,35.24314880371094,38.279998779296875,38.68000030517578,38.18000030517578,38.5,295500
2013-01-31,35.36281967163086,38.40999984741211,38.689998626708984,38.13999938964844,38.290000915527344,336800
2013-02-01,35.685062408447266,38.7599983215332,39.0,38.52000045776367,38.7400016784668,232500
2013-02-04,35.17869186401367,38.209999084472656,38.79999923706055,38.09000015258789,38.33000183105469,297500
2013-02-05,35.298377990722656,38.34000015258789,38.5,38.04999923706055,38.38999938964844,266300
2013-02-06,35.76791000366211,38.849998474121094,39.16999816894531,38.220001220703125,38.220001220703125,394200
2013-02-07,35.33521270751953,38.380001068115234,39.0,38.130001068115234,38.849998474121094,257300
2013-02-08,35.48249435424805,38.540000915527344,38.650001525878906,38.369998931884766,38.45000076293945,186000
2013-02-11,35.3996696472168,38.45000076293945,38.61000061035156,38.029998779296875,38.560001373291016,259000
2013-02-12,35.84156799316406,38.93000030517578,39.290000915527344,38.47999954223633,38.4900016784668,374600
2013-02-13,36.10912322998047,39.13999938964844,39.560001373291016,38.81999969482422,39.0,321000
2013-02-14,36.182918548583984,39.220001220703125,39.41999816894531,38.970001220703125,38.970001220703125,137000
2013-02-15,36.14603042602539,39.18000030517578,39.4900016784668,39.06999969482422,39.4900016784668,178100
2013-02-19,36.33053970336914,39.380001068115234,39.59000015258789,39.04999923706055,39.189998626708984,341400
2013-02-20,35.32493591308594,38.290000915527344,39.4900016784668,38.27000045776367,39.0,322600
2013-02-21,34.835975646972656,37.7599983215332,38.349998474121094,37.599998474121094,38.22999954223633,310500
2013-02-22,35.32493591308594,38.290000915527344,38.54999923706055,38.040000915527344,38.06999969482422,174400
2013-02-25,34.02411651611328,36.880001068115234,38.65999984741211,36.869998931884766,38.470001220703125,263900
2013-02-26,34.513084411621094,37.40999984741211,37.689998626708984,36.59000015258789,37.15999984741211,283900
2013-02-27,34.845191955566406,37.77000045776367,38.06999969482422,37.36000061035156,37.36000061035156,167500
2013-02-28,34.531524658203125,37.43000030517578,38.040000915527344,37.41999816894531,37.61000061035156,201900
2013-03-01,34.31934356689453,37.20000076293945,37.45000076293945,36.779998779296875,37.06999969482422,377400
2013-03-04,34.291664123535156,37.16999816894531,37.31999969482422,36.77000045776367,37.09000015258789,240400
2013-03-05,34.577659606933594,37.47999954223633,37.810001373291016,37.349998474121094,37.41999816894531,398100
2013-03-06,34.863643646240234,37.790000915527344,37.84000015258789,37.310001373291016,37.52000045776367,118600
2013-03-07,35.08506774902344,38.029998779296875,38.08000183105469,37.439998626708984,37.70000076293945,272600
2013-03-08,36.72721862792969,39.810001373291016,39.900001525878906,38.130001068115234,38.459999084472656,470400
2013-03-11,36.8471565246582,39.939998626708984,40.0099983215332,39.70000076293945,39.709999084472656,229300
2013-03-12,36.754905700683594,39.84000015258789,40.099998474121094,39.630001068115234,39.79999923706055,379100
2013-03-13,36.68110275268555,39.7599983215332,39.9900016784668,39.59000015258789,39.880001068115234,165200
2013-03-14,37.16082763671875,40.279998779296875,40.290000915527344,39.75,39.93000030517578,214800
2013-03-15,36.58884811401367,39.65999984741211,40.18000030517578,39.619998931884766,40.09000015258789,576200
2013-03-18,36.828712463378906,39.91999816894531,40.060001373291016,39.029998779296875,39.06999969482422,256000
2013-03-19,36.2844123840332,39.33000183105469,40.16999816894531,38.90999984741211,40.130001068115234,240600
2013-03-20,36.754905700683594,39.84000015258789,39.900001525878906,39.38999938964844,39.709999084472656,166800
2013-03-21,36.275169372558594,39.31999969482422,39.72999954223633,39.08000183105469,39.400001525878906,242100
2013-03-22,36.42277526855469,39.47999954223633,39.529998779296875,39.29999923706055,39.400001525878906,140400
2013-03-25,36.35820007324219,39.40999984741211,40.119998931884766,38.900001525878906,39.5,190000
2013-03-26,36.55192947387695,39.619998931884766,39.72999954223633,39.2400016784668,39.72999954223633,88700
2013-03-27,36.8471565246582,39.939998626708984,40.08000183105469,39.119998931884766,39.2599983215332,270100
2013-03-28,36.68110275268555,39.7599983215332,40.060001373291016,39.52000045776367,40.060001373291016,290400
2013-04-01,36.395118713378906,39.45000076293945,39.90999984741211,39.040000915527344,39.650001525878906,339900
2013-04-02,36.42277526855469,39.47999954223633,39.880001068115234,39.290000915527344,39.65999984741211,376500
2013-04-03,34.845191955566406,37.77000045776367,39.68000030517578,37.540000915527344,39.459999084472656,416900
2013-04-04,34.393150329589844,37.279998779296875,38.0099983215332,36.779998779296875,37.7400016784668,411700
2013-04-05,34.05180740356445,36.90999984741211,36.970001220703125,36.25,36.689998626708984,346300
2013-04-08,34.531524658203125,37.43000030517578,37.45000076293945,36.869998931884766,37.02000045776367,295800
2013-04-09,34.52229309082031,37.41999816894531,37.630001068115234,37.060001373291016,37.459999084472656,177900
2013-04-10,35.13119888305664,38.08000183105469,38.15999984741211,37.08000183105469,37.47999954223633,477000
2013-04-11,34.549991607666016,37.45000076293945,37.86000061035156,37.349998474121094,37.83000183105469,347900
2013-04-12,34.2732048034668,37.150001525878906,37.36000061035156,36.939998626708984,37.150001525878906,231700
2013-04-15,32.88014602661133,35.63999938964844,37.16999816894531,35.400001525878906,36.81999969482422,506500
2013-04-16,33.0554313659668,35.83000183105469,36.029998779296875,35.400001525878906,36.029998779296875,431000
2013-04-17,32.02216720581055,34.709999084472656,35.66999816894531,34.189998626708984,35.43000030517578,478800
2013-04-18,31.61623191833496,34.27000045776367,34.95000076293945,34.209999084472656,34.77000045776367,249600
2013-04-19,31.496294021606445,34.13999938964844,34.58000183105469,33.9900016784668,34.09000015258789,294700
2013-04-22,31.48707389831543,34.130001068115234,34.25,33.4900016784668,34.08000183105469,682900
2013-04-23,32.012943267822266,34.70000076293945,36.5,34.65999984741211,35.90999984741211,703300
2013-04-24,32.15131378173828,34.849998474121094,35.52000045776367,34.41999816894531,34.560001373291016,513200
2013-04-25,32.861698150634766,35.619998931884766,36.040000915527344,35.06999969482422,35.06999969482422,518600
2013-04-26,32.6679573059082,35.40999984741211,35.849998474121094,35.15999984741211,35.56999969482422,294300
2013-04-29,32.76943588256836,35.52000045776367,35.63999938964844,35.16999816894531,35.47999954223633,473500
2013-04-30,33.20303726196289,35.9900016784668,36.029998779296875,35.0099983215332,35.349998474121094,434500
2013-05-01,31.948347091674805,34.630001068115234,35.9900016784668,34.619998931884766,35.72999954223633,599700
2013-05-02,32.15131378173828,34.849998474121094,35.40999984741211,34.70000076293945,34.83000183105469,387500
2013-05-03,33.02775573730469,35.79999923706055,36.41999816894531,35.150001525878906,35.439998626708984,293600
2013-05-06,33.0369873046875,35.810001373291016,35.91999816894531,35.560001373291016,35.79999923706055,121600
2013-05-07,33.184593200683594,35.970001220703125,36.27000045776367,35.59000015258789,35.810001373291016,265100
2013-05-08,33.479827880859375,36.290000915527344,36.38999938964844,35.650001525878906,35.77000045776367,401000
2013-05-09,33.2122688293457,36.0,36.63999938964844,35.93000030517578,36.189998626708984,276200
2013-05-10,33.599735260009766,36.41999816894531,36.650001525878906,36.15999984741211,36.15999984741211,281700
2013-05-13,33.378326416015625,36.18000030517578,36.470001220703125,36.029998779296875,36.38999938964844,402700
2013-05-14,34.04258346557617,36.900001525878906,37.0,36.130001068115234,36.130001068115234,224200
2013-05-15,33.95954513549805,36.810001373291016,36.93000030517578,36.529998779296875,36.790000915527344,345200
2013-05-16,34.13520050048828,36.91999816894531,37.310001373291016,36.45000076293945,36.540000915527344,399800
2013-05-17,34.514286041259766,37.33000183105469,37.599998474121094,36.95000076293945,37.06999969482422,453500
2013-05-20,34.93034362792969,37.779998779296875,37.79999923706055,37.08000183105469,37.08000183105469,359100
2013-05-21,35.38338088989258,38.27000045776367,38.459999084472656,37.63999938964844,37.75,329700
2013-05-22,35.38338088989258,38.27000045776367,38.41999816894531,38.060001373291016,38.209999084472656,515400
2013-05-23,35.531314849853516,38.43000030517578,38.5,37.68000030517578,38.0099983215332,422600
2013-05-24,35.253936767578125,38.130001068115234,38.290000915527344,37.630001068115234,38.25,179200
2013-05-28,36.09531784057617,39.040000915527344,39.220001220703125,37.65999984741211,38.81999969482422,262200
2013-05-29,35.790191650390625,38.709999084472656,39.209999084472656,38.54999923706055,38.650001525878906,570300
2013-05-30,36.18777084350586,39.13999938964844,39.380001068115234,38.2599983215332,38.77000045776367,330600
2013-05-31,36.19701385498047,39.150001525878906,39.459999084472656,38.70000076293945,38.790000915527344,323300
2013-06-03,37.14933395385742,40.18000030517578,40.33000183105469,39.18000030517578,40.0,945800
2013-06-04,36.5853271484375,39.56999969482422,40.650001525878906,39.5,40.29999923706055,574500
2013-06-05,36.576080322265625,39.560001373291016,39.77000045776367,39.43000030517578,39.43000030517578,481800
2013-06-06,37.02914047241211,40.04999923706055,40.06999969482422,39.47999954223633,39.529998779296875,430600
2013-06-07,37.778018951416016,40.86000061035156,40.97999954223633,39.900001525878906,40.029998779296875,306600
2013-06-10,37.962947845458984,41.060001373291016,41.369998931884766,40.31999969482422,41.13999938964844,317800
2013-06-11,37.620849609375,40.689998626708984,41.2400016784668,40.189998626708984,40.40999984741211,236800
2013-06-12,37.02914047241211,40.04999923706055,41.0,39.93000030517578,41.0,299400
2013-06-13,37.85199737548828,40.939998626708984,41.0,39.95000076293945,40.099998474121094,247900
2013-06-14,37.43593215942383,40.4900016784668,41.0,40.36000061035156,40.95000076293945,209000
2013-06-17,37.68557357788086,40.7599983215332,41.0,40.5099983215332,41.0,460700
2013-06-18,37.824256896972656,40.90999984741211,41.0099983215332,40.650001525878906,40.90999984741211,328600
2013-06-19,37.58386993408203,40.650001525878906,41.04999923706055,40.5,40.779998779296875,174300
2013-06-20,37.130828857421875,40.15999984741211,40.66999816894531,39.70000076293945,40.4900016784668,509900
2013-06-21,37.269500732421875,40.310001373291016,40.91999816894531,40.11000061035156,40.22999954223633,858500
2013-06-24,36.21549606323242,39.16999816894531,40.58000183105469,39.130001068115234,39.97999954223633,297300
2013-06-25,36.13228225708008,39.08000183105469,39.7599983215332,39.0,39.540000915527344,539400
2013-06-26,36.4373893737793,39.40999984741211,39.65999984741211,38.88999938964844,39.470001220703125,406500
2013-06-27,37.075347900390625,40.099998474121094,40.189998626708984,39.810001373291016,39.810001373291016,251600
2013-06-28,36.98289108276367,40.0,40.31999969482422,39.689998626708984,39.900001525878906,569900
2013-07-01,37.89822006225586,40.9900016784668,41.2400016784668,39.66999816894531,40.04999923706055,276500
2013-07-02,37.27875900268555,40.31999969482422,41.16999816894531,39.95000076293945,40.900001525878906,335500
2013-07-03,37.43593215942383,40.4900016784668,40.61000061035156,39.9900016784668,40.0,161200
2013-07-05,38.26805114746094,41.38999938964844,41.630001068115234,40.61000061035156,41.5,202500
2013-07-08,38.29579162597656,41.41999816894531,41.75,41.33000183105469,41.5099983215332,179400
2013-07-09,38.73032760620117,41.88999938964844,42.04999923706055,41.060001373291016,41.77000045776367,189700
2013-07-10,37.833499908447266,40.91999816894531,41.70000076293945,40.849998474121094,41.189998626708984,324900
2013-07-11,37.78727340698242,40.869998931884766,41.709999084472656,40.47999954223633,41.56999969482422,472100
2013-07-12,38.231075286865234,41.349998474121094,41.54999923706055,40.56999969482422,40.84000015258789,381600
2013-07-15,38.5823974609375,41.72999954223633,41.900001525878906,41.36000061035156,41.5,185300
2013-07-16,38.42523956298828,41.560001373291016,42.0,41.4900016784668,41.650001525878906,343000
2013-07-17,38.28654479980469,41.40999984741211,42.0,41.220001220703125,41.220001220703125,157800
2013-07-18,38.86901092529297,42.040000915527344,42.04999923706055,41.61000061035156,41.61000061035156,133000
2013-07-19,39.08167266845703,42.27000045776367,42.34000015258789,41.81999969482422,42.0,136700
2013-07-22,39.06318283081055,42.25,42.61000061035156,41.9900016784668,41.9900016784668,140500
2013-07-23,39.192623138427734,42.38999938964844,42.58000183105469,42.119998931884766,42.34000015258789,157200
2013-07-24,38.36051559448242,41.4900016784668,42.56999969482422,41.470001220703125,42.38999938964844,468600
2013-07-25,37.972190856933594,41.06999969482422,42.290000915527344,40.45000076293945,41.54999923706055,822500
2013-07-26,38.02766036987305,41.130001068115234,42.88999938964844,40.150001525878906,40.15999984741211,925900
2013-07-29,37.778018951416016,40.86000061035156,41.88999938964844,40.5,41.529998779296875,460300
2013-07-30,37.888973236083984,40.97999954223633,41.599998474121094,40.869998931884766,41.13999938964844,311500
2013-07-31,37.833499908447266,40.91999816894531,41.43000030517578,40.65999984741211,41.189998626708984,354400
2013-08-01,39.26658248901367,42.470001220703125,42.720001220703125,41.060001373291016,41.45000076293945,479600
2013-08-02,39.109397888183594,42.29999923706055,42.400001525878906,41.779998779296875,42.18000030517578,210700
2013-08-05,39.155643463134766,42.349998474121094,42.41999816894531,42.029998779296875,42.130001068115234,177900
2013-08-06,38.138614654541016,41.25,42.29999923706055,41.189998626708984,42.25,295500
2013-08-07,37.94444274902344,41.040000915527344,41.459999084472656,40.54999923706055,41.18000030517578,357800
2013-08-08,38.563907623291016,41.709999084472656,41.790000915527344,41.08000183105469,41.380001068115234,238500
2013-08-09,38.38825225830078,41.52000045776367,41.79999923706055,41.209999084472656,41.4900016784668,147200
2013-08-12,39.248104095458984,42.45000076293945,42.459999084472656,41.13999938964844,41.13999938964844,181700
2013-08-13,39.164886474609375,42.36000061035156,42.54999923706055,42.08000183105469,42.4900016784668,137900
2013-08-14,38.83203887939453,42.0,42.36000061035156,41.91999816894531,42.13999938964844,94700
2013-08-15,37.648582458496094,40.720001220703125,41.470001220703125,40.40999984741211,41.40999984741211,426500
2013-08-16,37.97282791137695,40.9900016784668,41.279998779296875,40.27000045776367,40.45000076293945,302900
2013-08-19,37.61153030395508,40.599998474121094,41.04999923706055,40.5,40.720001220703125,512200
2013-08-20,37.92649841308594,40.939998626708984,41.18000030517578,40.630001068115234,40.70000076293945,303600
2013-08-21,37.18539047241211,40.13999938964844,40.84000015258789,40.11000061035156,40.65999984741211,141200
2013-08-22,37.79680633544922,40.79999923706055,41.040000915527344,40.20000076293945,40.29999923706055,137500
2013-08-23,37.61153030395508,40.599998474121094,40.880001068115234,40.20000076293945,40.810001373291016,144900
2013-08-26,37.43550491333008,40.40999984741211,40.900001525878906,40.349998474121094,40.689998626708984,171300
2013-08-27,36.36090850830078,39.25,40.09000015258789,39.220001220703125,39.77000045776367,242500
2013-08-28,36.30531692504883,39.189998626708984,39.5099983215332,39.15999984741211,39.20000076293945,138900
2013-08-29,36.66661834716797,39.58000183105469,39.720001220703125,39.09000015258789,39.119998931884766,233300
2013-08-30,35.72169876098633,38.560001373291016,39.5,38.540000915527344,39.47999954223633,216400
2013-09-03,35.805076599121094,38.650001525878906,39.47999954223633,38.0,39.25,517400
2013-09-04,36.12929916381836,39.0,39.02000045776367,38.2599983215332,38.59000015258789,349500
2013-09-05,36.35164260864258,39.2400016784668,39.400001525878906,38.619998931884766,38.95000076293945,208400
2013-09-06,37.20392990112305,40.15999984741211,40.290000915527344,39.060001373291016,39.310001373291016,349400
2013-09-09,37.6763801574707,40.66999816894531,40.93000030517578,40.380001068115234,40.380001068115234,286600
2013-09-10,38.056209564208984,41.08000183105469,41.68000030517578,40.97999954223633,41.029998779296875,268100
2013-09-11,38.15810012817383,41.189998626708984,41.290000915527344,40.560001373291016,40.93000030517578,176200
2013-09-12,37.81533432006836,40.81999969482422,41.43000030517578,40.779998779296875,41.150001525878906,121800
2013-09-13,37.88945007324219,40.900001525878906,41.040000915527344,40.439998626708984,41.040000915527344,114600
2013-09-16,37.46331024169922,40.439998626708984,41.4900016784668,40.18000030517578,41.4900016784668,271500
2013-09-17,37.935768127441406,40.95000076293945,40.9900016784668,40.36000061035156,40.400001525878906,201300
2013-09-18,37.86165237426758,40.869998931884766,41.290000915527344,40.599998474121094,41.0,256400
2013-09-19,38.53791427612305,41.599998474121094,41.689998626708984,40.95000076293945,41.0,182700
2013-09-20,38.769508361816406,41.849998474121094,41.95000076293945,41.56999969482422,41.689998626708984,538600
2013-09-23,38.6768798828125,41.75,41.959999084472656,41.45000076293945,41.68000030517578,259800
2013-09-24,38.89923095703125,41.9900016784668,42.400001525878906,41.54999923706055,41.75,252400
2013-09-25,38.56571960449219,41.630001068115234,42.22999954223633,41.619998931884766,41.97999954223633,264700
2013-09-26,38.51939010620117,41.58000183105469,41.91999816894531,41.33000183105469,41.61000061035156,294100
2013-09-27,38.028404235839844,41.04999923706055,41.45000076293945,41.0099983215332,41.2599983215332,225000
2013-09-30,37.824607849121094,40.83000183105469,41.209999084472656,40.61000061035156,40.689998626708984,326900
2013-10-01,37.97282791137695,40.9900016784668,41.689998626708984,40.650001525878906,40.84000015258789,555100
2013-10-02,37.491092681884766,40.470001220703125,41.349998474121094,40.029998779296875,40.599998474121094,300200
2013-10-03,37.333621978759766,40.29999923706055,40.58000183105469,39.5,40.380001068115234,293000
2013-10-04,37.907981872558594,40.91999816894531,41.0,40.060001373291016,40.20000076293945,216100
2013-10-07,37.694915771484375,40.689998626708984,41.06999969482422,40.599998474121094,40.61000061035156,257500
2013-10-08,37.389198303222656,40.36000061035156,40.9900016784668,40.2400016784668,40.619998931884766,257800
2013-10-09,37.5003662109375,40.47999954223633,40.779998779296875,40.08000183105469,40.5,285100
2013-10-10,38.50086975097656,41.560001373291016,41.7599983215332,40.529998779296875,41.09000015258789,297300
2013-10-11,38.46381378173828,41.52000045776367,41.529998779296875,41.189998626708984,41.47999954223633,367200
2013-10-14,38.97332000732422,42.06999969482422,42.16999816894531,40.959999084472656,41.0,235800
2013-10-15,37.12054443359375,40.06999969482422,41.810001373291016,40.029998779296875,41.810001373291016,378400
2013-10-16,37.37068176269531,40.34000015258789,40.61000061035156,39.939998626708984,40.470001220703125,308200
2013-10-17,37.240962982177734,40.20000076293945,40.630001068115234,39.939998626708984,40.16999816894531,282000
2013-10-18,37.08348083496094,40.029998779296875,40.47999954223633,39.959999084472656,40.310001373291016,564400
2013-10-21,37.06496047973633,40.0099983215332,40.29999923706055,39.77000045776367,39.95000076293945,477000
2013-10-22,37.83386993408203,40.84000015258789,40.970001220703125,40.029998779296875,40.029998779296875,509700
2013-10-23,37.78755187988281,40.790000915527344,41.130001068115234,40.22999954223633,40.66999816894531,303800
2013-10-24,37.83386993408203,40.84000015258789,41.279998779296875,40.68000030517578,40.90999984741211,187700
2013-10-25,38.13957595825195,41.16999816894531,41.209999084472656,40.650001525878906,41.0,148700
2013-10-28,38.093265533447266,41.119998931884766,41.31999969482422,40.83000183105469,40.9900016784668,153600
2013-10-29,38.269264221191406,41.310001373291016,41.540000915527344,40.84000015258789,41.220001220703125,149100
2013-10-30,37.45404052734375,40.43000030517578,41.36000061035156,40.31999969482422,41.2599983215332,205300
2013-10-31,37.139068603515625,40.09000015258789,40.41999816894531,39.83000183105469,40.369998931884766,451000
2013-11-01,36.953800201416016,39.88999938964844,40.09000015258789,38.9900016784668,39.959999084472656,557900
2013-11-04,37.39847183227539,40.369998931884766,40.56999969482422,39.869998931884766,40.119998931884766,257400
2013-11-05,36.75925827026367,39.68000030517578,40.11000061035156,39.56999969482422,40.04999923706055,235300
2013-11-06,37.102012634277344,40.04999923706055,40.11000061035156,39.29999923706055,40.0,229600
2013-11-07,36.4998664855957,39.400001525878906,40.310001373291016,39.380001068115234,40.29999923706055,302900
2013-11-08,36.42574691772461,39.31999969482422,39.900001525878906,39.04999923706055,39.380001068115234,400800
2013-11-11,36.286781311035156,39.16999816894531,39.36000061035156,38.880001068115234,39.11000061035156,420700
2013-11-12,36.36090850830078,39.25,39.4900016784668,38.79999923706055,39.08000183105469,614500
2013-11-13,36.54618835449219,39.45000076293945,40.70000076293945,38.880001068115234,40.560001373291016,641200
2013-11-14,36.60188293457031,39.43000030517578,39.529998779296875,39.06999969482422,39.29999923706055,314400
2013-11-15,37.0845832824707,39.95000076293945,40.22999954223633,39.27000045776367,39.38999938964844,529800
2013-11-18,38.3656005859375,41.33000183105469,41.38999938964844,39.93000030517578,40.040000915527344,579800
2013-11-19,38.28206253051758,41.2400016784668,41.5,41.0,41.25,500600
2013-11-20,38.20779800415039,41.15999984741211,41.599998474121094,41.02000045776367,41.45000076293945,361600
2013-11-21,39.11749267578125,42.13999938964844,42.27000045776367,40.7400016784668,41.380001068115234,380400
2013-11-22,39.2196044921875,42.25,42.380001068115234,41.88999938964844,42.209999084472656,320400
2013-11-25,39.321720123291016,42.36000061035156,42.38999938964844,41.970001220703125,42.25,277400
2013-11-26,39.720882415771484,42.790000915527344,42.91999816894531,42.09000015258789,42.33000183105469,299000
2013-11-27,40.101470947265625,43.20000076293945,43.220001220703125,42.5099983215332,42.88999938964844,424300
2013-11-29,39.82297897338867,42.900001525878906,43.529998779296875,42.869998931884766,43.470001220703125,155200
2013-12-02,39.46096420288086,42.5099983215332,43.369998931884766,42.4900016784668,43.0099983215332,397700
2013-12-03,39.75800704956055,42.83000183105469,42.88999938964844,42.470001220703125,42.470001220703125,378600
2013-12-04,39.80442810058594,42.880001068115234,43.119998931884766,42.369998931884766,42.529998779296875,451700
2013-12-05,39.83225631713867,42.90999984741211,43.040000915527344,42.40999984741211,42.7599983215332,319800
2013-12-06,40.57489776611328,43.709999084472656,43.90999984741211,43.099998474121094,43.47999954223633,345100
2013-12-09,40.13861083984375,43.2400016784668,44.0,43.060001373291016,43.9900016784668,295200
2013-12-10,39.80442810058594,42.880001068115234,43.72999954223633,42.689998626708984,43.040000915527344,347600
2013-12-11,39.19176483154297,42.220001220703125,43.029998779296875,42.06999969482422,43.029998779296875,258200
2013-12-12,39.28458786010742,42.31999969482422,42.5,41.93000030517578,42.29999923706055,210600
2013-12-13,39.358856201171875,42.400001525878906,42.66999816894531,41.939998626708984,42.400001525878906,228900
2013-12-16,40.4542121887207,43.58000183105469,43.720001220703125,42.54999923706055,42.54999923706055,370900
2013-12-17,40.157169342041016,43.2599983215332,43.5,43.0099983215332,43.47999954223633,313800
2013-12-18,40.98332977294922,44.150001525878906,44.16999816894531,42.97999954223633,43.43000030517578,253900
2013-12-19,40.816246032714844,43.970001220703125,44.09000015258789,43.5099983215332,44.0,236500
2013-12-20,41.44746398925781,44.650001525878906,44.79999923706055,43.540000915527344,43.95000076293945,598200
2013-12-23,41.83735656738281,45.06999969482422,45.119998931884766,44.66999816894531,44.83000183105469,222000
2013-12-24,42.190093994140625,45.45000076293945,45.630001068115234,44.83000183105469,44.9900016784668,158900
2013-12-26,42.68207931518555,45.97999954223633,46.22999954223633,45.43000030517578,45.59000015258789,362700
2013-12-27,42.5428352355957,45.83000183105469,46.20000076293945,45.540000915527344,46.16999816894531,234000
2013-12-30,42.617088317871094,45.90999984741211,46.130001068115234,45.619998931884766,45.939998626708984,159700
2013-12-31,42.33860397338867,45.61000061035156,46.040000915527344,45.459999084472656,46.0,321700
2014-01-02,41.698089599609375,44.91999816894531,45.5,44.599998474121094,45.34000015258789,276400
2014-01-03,41.67954635620117,44.900001525878906,45.380001068115234,44.4900016784668,44.93000030517578,287800
2014-01-06,40.90907669067383,44.06999969482422,45.29999923706055,44.0,45.2400016784668,266100
2014-01-07,41.577430725097656,44.790000915527344,45.0,44.0,44.38999938964844,634800
2014-01-08,41.651695251464844,44.869998931884766,45.22999954223633,44.22999954223633,44.709999084472656,266600
2014-01-09,42.310752868652344,45.58000183105469,46.119998931884766,44.849998474121094,45.630001068115234,394300
2014-01-10,42.85844802856445,46.16999816894531,46.27000045776367,45.459999084472656,45.709999084472656,440900
2014-01-13,42.496421813964844,45.779998779296875,46.11000061035156,45.4900016784668,45.95000076293945,357700
2014-01-14,42.9605598449707,46.279998779296875,46.34000015258789,45.5099983215332,45.880001068115234,805500
2014-01-15,43.192630767822266,46.529998779296875,46.689998626708984,46.18000030517578,46.290000915527344,228000
2014-01-16,43.22975540161133,46.56999969482422,46.65999984741211,46.189998626708984,46.47999954223633,237400
2014-01-17,42.914154052734375,46.22999954223633,46.619998931884766,46.0099983215332,46.529998779296875,500200
2014-01-21,41.41034698486328,44.61000061035156,46.36000061035156,44.61000061035156,46.349998474121094,469400
2014-01-22,41.61456298828125,44.83000183105469,45.040000915527344,43.09000015258789,43.5099983215332,782200
2014-01-23,41.22468185424805,44.40999984741211,44.599998474121094,44.06999969482422,44.599998474121094,672500
2014-01-24,40.899784088134766,44.060001373291016,44.40999984741211,43.63999938964844,43.939998626708984,780700
2014-01-27,40.61199951171875,43.75,44.599998474121094,43.75,44.040000915527344,671800
2014-01-28,40.64915466308594,43.790000915527344,44.04999923706055,43.52000045776367,43.91999816894531,530600
2014-01-29,39.841556549072266,42.91999816894531,43.939998626708984,42.90999984741211,43.4900016784668,449300
2014-01-30,40.203590393066406,43.310001373291016,43.54999923706055,42.77000045776367,43.209999084472656,443500
2014-01-31,39.77656555175781,42.849998474121094,43.650001525878906,42.5,42.5,267300
2014-02-03,37.43731689453125,40.33000183105469,43.27000045776367,40.189998626708984,42.970001220703125,1031300
2014-02-04,38.02214050292969,40.959999084472656,41.18000030517578,40.279998779296875,40.43000030517578,616300
2014-02-05,37.89216995239258,40.81999969482422,41.279998779296875,40.34000015258789,40.790000915527344,486100
2014-02-06,38.35630416870117,41.31999969482422,41.38999938964844,40.88999938964844,40.88999938964844,293500
2014-02-07,39.052513122558594,42.06999969482422,42.099998474121094,41.369998931884766,41.38999938964844,301700
2014-02-10,38.67192840576172,41.65999984741211,42.16999816894531,41.400001525878906,41.970001220703125,254300
2014-02-11,39.071083068847656,42.09000015258789,42.20000076293945,41.540000915527344,41.63999938964844,181800
2014-02-12,39.36870193481445,42.33000183105469,42.4900016784668,41.83000183105469,42.0099983215332,172900
2014-02-13,39.94532012939453,42.95000076293945,43.099998474121094,41.88999938964844,41.88999938964844,266100
2014-02-14,40.08482360839844,43.099998474121094,43.22999954223633,42.529998779296875,42.91999816894531,210300
2014-02-18,39.98252487182617,42.9900016784668,43.150001525878906,42.560001373291016,43.150001525878906,248800
2014-02-19,39.564002990722656,42.540000915527344,43.16999816894531,42.47999954223633,42.7599983215332,300300
2014-02-20,40.233642578125,43.2599983215332,43.5,42.45000076293945,42.5099983215332,246500
2014-02-21,40.308048248291016,43.34000015258789,43.72999954223633,42.970001220703125,43.4900016784668,302200
2014-02-24,40.4847412109375,43.529998779296875,44.040000915527344,43.130001068115234,43.29999923706055,258500
2014-02-25,39.71281433105469,42.70000076293945,43.61000061035156,42.540000915527344,43.61000061035156,417700
2014-02-26,40.10342788696289,43.119998931884766,43.36000061035156,42.599998474121094,42.869998931884766,367600
2014-02-27,40.15922927856445,43.18000030517578,43.189998626708984,42.720001220703125,43.060001373291016,184000
2014-02-28,40.540565490722656,43.59000015258789,43.9900016784668,43.189998626708984,43.36000061035156,298000
2014-03-03,39.66630172729492,42.650001525878906,43.88999938964844,42.33000183105469,43.31999969482422,226400
2014-03-04,40.02903747558594,43.040000915527344,43.439998626708984,42.970001220703125,43.33000183105469,534900
2014-03-05,39.8523063659668,42.849998474121094,43.209999084472656,42.7400016784668,42.90999984741211,301200
2014-03-06,39.973228454589844,42.97999954223633,43.15999984741211,42.72999954223633,43.040000915527344,275600
2014-03-07,39.96392822265625,42.970001220703125,43.290000915527344,42.75,43.0099983215332,201200
2014-03-10,39.71281433105469,42.70000076293945,42.959999084472656,42.220001220703125,42.790000915527344,309100
2014-03-11,39.126888275146484,42.06999969482422,42.900001525878906,41.970001220703125,42.869998931884766,206100
2014-03-12,39.15477752685547,42.099998474121094,42.11000061035156,41.619998931884766,41.90999984741211,182500
2014-03-13,38.4107666015625,41.29999923706055,42.4900016784668,41.040000915527344,42.31999969482422,156600
2014-03-14,38.39215087890625,41.279998779296875,41.650001525878906,41.06999969482422,41.13999938964844,248900
2014-03-17,38.54096603393555,41.439998626708984,42.08000183105469,41.2599983215332,41.630001068115234,135600
2014-03-18,38.78278732299805,41.70000076293945,41.939998626708984,41.400001525878906,41.529998779296875,257700
2014-03-19,38.48514938354492,41.380001068115234,41.72999954223633,41.209999084472656,41.66999816894531,156500
2014-03-20,38.65256881713867,41.560001373291016,41.70000076293945,41.130001068115234,41.400001525878906,156100
2014-03-21,38.49446105957031,41.38999938964844,42.09000015258789,41.34000015258789,41.63999938964844,552200
2014-03-24,38.60606002807617,41.5099983215332,41.810001373291016,40.90999984741211,41.560001373291016,656900
2014-03-25,38.86647415161133,41.790000915527344,42.349998474121094,41.2400016784668,41.72999954223633,190400
2014-03-26,37.452823638916016,40.27000045776367,42.310001373291016,40.13999938964844,42.18000030517578,364600
2014-03-27,37.685333251953125,40.52000045776367,40.7400016784668,40.09000015258789,40.209999084472656,312400
2014-03-28,37.83413314819336,40.68000030517578,41.11000061035156,40.349998474121094,40.47999954223633,282700
2014-03-31,38.624664306640625,41.529998779296875,41.84000015258789,40.790000915527344,40.959999084472656,254100
2014-04-01,39.3036003112793,42.2599983215332,42.34000015258789,41.2599983215332,41.70000076293945,226300
2014-04-02,39.498905181884766,42.470001220703125,42.72999954223633,41.93000030517578,42.33000183105469,160500
2014-04-03,39.126888275146484,42.06999969482422,42.36000061035156,41.84000015258789,42.36000061035156,215700
2014-04-04,38.79206848144531,41.709999084472656,42.45000076293945,41.66999816894531,42.45000076293945,281600
2014-04-07,38.39215087890625,41.279998779296875,41.47999954223633,40.790000915527344,41.47999954223633,267800
2014-04-08,38.92227554321289,41.849998474121094,41.91999816894531,40.939998626708984,41.400001525878906,269800
2014-04-09,39.31290054321289,42.27000045776367,42.369998931884766,41.72999954223633,41.88999938964844,168800
2014-04-10,38.40146255493164,41.290000915527344,42.349998474121094,41.029998779296875,42.11000061035156,276700
2014-04-11,37.84343338012695,40.689998626708984,41.43000030517578,40.470001220703125,40.880001068115234,198000
2014-04-14,38.04803466796875,40.90999984741211,41.310001373291016,40.5099983215332,41.15999984741211,189700
2014-04-15,38.25263977050781,41.130001068115234,41.290000915527344,40.13999938964844,40.95000076293945,203200
2014-04-16,38.671165466308594,41.58000183105469,41.63999938964844,40.95000076293945,41.29999923706055,320300
2014-04-17,38.77346420288086,41.689998626708984,41.849998474121094,41.459999084472656,41.59000015258789,240300
2014-04-21,38.596763610839844,41.5,42.08000183105469,41.40999984741211,41.59000015258789,267000
2014-04-22,38.50374984741211,41.400001525878906,41.689998626708984,41.209999084472656,41.40999984741211,382800
2014-04-23,41.40550994873047,44.52000045776367,45.709999084472656,43.130001068115234,43.29999923706055,1394300
2014-04-24,41.414794921875,44.529998779296875,45.09000015258789,44.0,44.70000076293945,469500
2014-04-25,41.01487350463867,44.099998474121094,44.790000915527344,43.939998626708984,44.220001220703125,341300
2014-04-28,40.866065979003906,43.939998626708984,44.38999938964844,43.61000061035156,44.38999938964844,375800
2014-04-29,41.042762756347656,44.130001068115234,44.310001373291016,43.88999938964844,44.2400016784668,310000
2014-04-30,41.69380187988281,44.83000183105469,44.880001068115234,43.7400016784668,43.93000030517578,350900
2014-05-01,41.70309829711914,44.84000015258789,45.209999084472656,44.2599983215332,44.93000030517578,445900
2014-05-02,42.16811752319336,45.34000015258789,45.900001525878906,44.93000030517578,44.970001220703125,408200
2014-05-05,41.96352005004883,45.119998931884766,45.470001220703125,44.400001525878906,44.939998626708984,289500
2014-05-06,41.49848556518555,44.619998931884766,45.20000076293945,44.5099983215332,44.9900016784668,310300
2014-05-07,41.85190963745117,45.0,45.15999984741211,44.09000015258789,44.72999954223633,334600
2014-05-08,41.53569412231445,44.65999984741211,45.400001525878906,44.540000915527344,44.9900016784668,306700
2014-05-09,42.0565185546875,45.220001220703125,45.2400016784668,44.2599983215332,44.369998931884766,241200
2014-05-12,43.423683166503906,46.689998626708984,46.869998931884766,45.220001220703125,45.5,319000
2014-05-13,43.042362213134766,46.279998779296875,46.66999816894531,45.900001525878906,46.65999984741211,381500
2014-05-14,42.55873489379883,45.7599983215332,46.400001525878906,45.75,46.2599983215332,420000
2014-05-15,42.63326644897461,45.7599983215332,45.90999984741211,45.099998474121094,45.36000061035156,464200
2014-05-16,42.72644805908203,45.86000061035156,46.029998779296875,45.06999969482422,45.66999816894531,413000
2014-05-19,42.59600067138672,45.720001220703125,46.34000015258789,45.43000030517578,45.709999084472656,255000
2014-05-20,41.748199462890625,44.810001373291016,45.56999969482422,44.279998779296875,45.56999969482422,373400
2014-05-21,41.869300842285156,44.939998626708984,45.189998626708984,44.41999816894531,45.029998779296875,165200
2014-05-22,41.90657424926758,44.97999954223633,45.310001373291016,44.86000061035156,44.939998626708984,168500
2014-05-23,42.63326644897461,45.7599983215332,45.779998779296875,44.869998931884766,45.099998474121094,213000
2014-05-27,43.182960510253906,46.349998474121094,46.56999969482422,45.81999969482422,46.16999816894531,211000
2014-05-28,42.62396240234375,45.75,46.2400016784668,45.709999084472656,46.2400016784668,192000
2014-05-29,42.251304626464844,45.349998474121094,46.18000030517578,45.150001525878906,45.97999954223633,190400
2014-05-30,41.645713806152344,44.70000076293945,45.5099983215332,44.68000030517578,45.5099983215332,276100
2014-06-02,41.645713806152344,44.70000076293945,44.790000915527344,44.29999923706055,44.75,474600
2014-06-03,41.52458953857422,44.56999969482422,44.849998474121094,44.36000061035156,44.59000015258789,318700
2014-06-04,41.61775207519531,44.66999816894531,44.7400016784668,44.279998779296875,44.369998931884766,384600
2014-06-05,46.564937591552734,49.97999954223633,50.09000015258789,45.970001220703125,46.08000183105469,1403300
2014-06-06,47.505916595458984,50.9900016784668,50.9900016784668,50.06999969482422,50.41999816894531,654200
2014-06-09,46.58357620239258,50.0,51.119998931884766,49.7599983215332,50.7400016784668,455000
2014-06-10,46.825801849365234,50.2599983215332,50.349998474121094,49.84000015258789,50.060001373291016,350700
2014-06-11,46.22954559326172,49.619998931884766,50.2599983215332,49.54999923706055,50.16999816894531,273700
2014-06-12,45.670528411865234,49.02000045776367,49.5,48.66999816894531,49.5,246900
2014-06-13,45.745059967041016,49.099998474121094,49.61000061035156,48.95000076293945,49.29999923706055,178200
2014-06-16,45.58668518066406,48.93000030517578,50.0,48.459999084472656,49.88999938964844,247600
2014-06-17,45.381710052490234,48.709999084472656,49.290000915527344,48.52000045776367,48.91999816894531,341800
2014-06-18,45.810279846191406,49.16999816894531,49.27000045776367,48.13999938964844,48.81999969482422,284300
2014-06-19,45.92206954956055,49.290000915527344,49.560001373291016,48.81999969482422,49.43000030517578,222500
2014-06-20,46.59288787841797,50.0099983215332,50.099998474121094,49.33000183105469,49.59000015258789,637600
2014-06-23,46.443809509277344,49.849998474121094,50.0,49.5,49.880001068115234,347000
2014-06-24,45.95002365112305,49.31999969482422,50.400001525878906,49.2599983215332,49.66999816894531,384200
2014-06-25,45.642574310302734,48.9900016784668,49.529998779296875,48.59000015258789,49.119998931884766,222600
2014-06-26,45.8195915222168,49.18000030517578,49.2599983215332,48.25,48.970001220703125,175000
2014-06-27,46.648780822753906,50.06999969482422,50.20000076293945,48.779998779296875,48.83000183105469,1483000
2014-06-30,46.751277923583984,50.18000030517578,50.290000915527344,49.2599983215332,49.88999938964844,390600
2014-07-01,47.254364013671875,50.720001220703125,51.25,50.04999923706055,50.25,422800
2014-07-02,46.65810775756836,50.08000183105469,50.66999816894531,49.9900016784668,50.529998779296875,226700
2014-07-03,46.7978515625,50.22999954223633,50.439998626708984,50.11000061035156,50.11000061035156,133400
2014-07-07,46.257484436035156,49.650001525878906,49.97999954223633,49.38999938964844,49.97999954223633,196000
2014-07-08,45.95002365112305,49.31999969482422,49.65999984741211,49.09000015258789,49.65999984741211,336600
2014-07-09,46.05251693725586,49.43000030517578,49.47999954223633,49.06999969482422,49.349998474121094,168800
2014-07-10,45.484188079833984,48.81999969482422,49.529998779296875,48.0099983215332,48.439998626708984,236400
2014-07-11,45.381710052490234,48.709999084472656,48.93000030517578,48.36000061035156,48.880001068115234,141800
2014-07-14,45.77301788330078,49.130001068115234,49.41999816894531,48.900001525878906,49.290000915527344,205600
2014-07-15,45.34444046020508,48.66999816894531,49.97999954223633,48.400001525878906,49.27000045776367,161800
2014-07-16,44.8040771484375,48.09000015258789,49.060001373291016,47.939998626708984,49.060001373291016,525400
2014-07-17,44.2264404296875,47.470001220703125,48.060001373291016,47.310001373291016,47.709999084472656,264000
2014-07-18,45.13015365600586,48.439998626708984,48.47999954223633,47.20000076293945,47.20000076293945,274300
2014-07-21,44.85065841674805,48.13999938964844,48.36000061035156,47.79999923706055,47.849998474121094,226500
2014-07-22,49.35063171386719,52.970001220703125,55.7599983215332,49.68000030517578,51.029998779296875,1650500
2014-07-23,48.018341064453125,51.540000915527344,53.029998779296875,51.4900016784668,53.029998779296875,457000
2014-07-24,47.55250930786133,51.040000915527344,51.97999954223633,50.88999938964844,51.47999954223633,380100
2014-07-25,47.13324737548828,50.59000015258789,51.380001068115234,50.5,50.529998779296875,256700
2014-07-28,46.37860107421875,49.779998779296875,50.939998626708984,49.5,50.5,250200
2014-07-29,46.51836013793945,49.93000030517578,50.34000015258789,49.54999923706055,49.77000045776367,370800
2014-07-30,46.81647872924805,50.25,50.310001373291016,49.880001068115234,50.290000915527344,344500
2014-07-31,46.54629135131836,49.959999084472656,50.25,49.04999923706055,49.5099983215332,693600
2014-08-01,46.66740798950195,50.09000015258789,50.16999816894531,49.59000015258789,49.869998931884766,584400
2014-08-04,47.0587158203125,50.5099983215332,50.52000045776367,49.75,50.099998474121094,393500
2014-08-05,46.946922302246094,50.38999938964844,50.790000915527344,50.02000045776367,50.15999984741211,225400
2014-08-06,46.751277923583984,50.18000030517578,50.29999923706055,49.849998474121094,50.18000030517578,184700
2014-08-07,46.406551361083984,49.810001373291016,50.5099983215332,49.689998626708984,50.33000183105469,295100
2014-08-08,47.07734680175781,50.529998779296875,50.619998931884766,49.70000076293945,49.70000076293945,119300
2014-08-11,47.515235900878906,51.0,51.2400016784668,50.619998931884766,50.619998931884766,233300
2014-08-12,47.412742614746094,50.88999938964844,51.66999816894531,50.529998779296875,50.630001068115234,200500
2014-08-13,47.85062789916992,51.36000061035156,51.380001068115234,50.619998931884766,50.91999816894531,217600
2014-08-14,47.897220611572266,51.40999984741211,51.630001068115234,51.02000045776367,51.349998474121094,199200
2014-08-15,47.962547302246094,51.400001525878906,51.83000183105469,50.880001068115234,51.83000183105469,266200
2014-08-18,49.119625091552734,52.63999938964844,52.66999816894531,51.650001525878906,51.849998474121094,251900
2014-08-19,49.22224807739258,52.75,52.939998626708984,52.470001220703125,52.709999084472656,276800
2014-08-20,49.09162902832031,52.61000061035156,52.72999954223633,52.290000915527344,52.47999954223633,194300
2014-08-21,48.5970573425293,52.08000183105469,52.7599983215332,51.68000030517578,52.66999816894531,219700
2014-08-22,48.214481353759766,51.66999816894531,52.13999938964844,51.290000915527344,52.13999938964844,244400
2014-08-25,48.56907272338867,52.04999923706055,52.380001068115234,51.83000183105469,52.04999923706055,137100
2014-08-26,48.615726470947266,52.099998474121094,52.459999084472656,51.97999954223633,52.20000076293945,277800
2014-08-27,48.78369140625,52.279998779296875,52.349998474121094,51.88999938964844,52.279998779296875,231400
2014-08-28,48.43843078613281,51.90999984741211,52.54999923706055,51.58000183105469,52.15999984741211,256200
2014-08-29,48.737030029296875,52.22999954223633,52.290000915527344,51.66999816894531,51.959999084472656,132800
2014-09-02,49.04496383666992,52.560001373291016,53.13999938964844,51.970001220703125,52.43000030517578,310900
2014-09-03,49.13827133178711,52.65999984741211,52.7599983215332,52.369998931884766,52.630001068115234,280200
2014-09-04,48.83033752441406,52.33000183105469,53.060001373291016,52.2599983215332,52.7400016784668,335900
2014-09-05,48.94231414794922,52.45000076293945,52.689998626708984,51.81999969482422,52.119998931884766,163300
2014-09-08,48.43843078613281,51.90999984741211,52.790000915527344,51.709999084472656,52.439998626708984,227200
2014-09-09,47.61729049682617,51.029998779296875,51.83000183105469,51.0099983215332,51.7400016784668,210500
2014-09-10,48.083831787109375,51.529998779296875,51.709999084472656,50.75,50.970001220703125,171500
2014-09-11,48.214481353759766,51.66999816894531,51.7599983215332,51.18000030517578,51.220001220703125,203800
2014-09-12,47.57062911987305,50.97999954223633,51.869998931884766,50.709999084472656,51.709999084472656,190500
2014-09-15,47.52397537231445,50.93000030517578,51.150001525878906,50.560001373291016,51.04999923706055,186100
2014-09-16,47.663936614990234,51.08000183105469,51.29999923706055,50.5,50.810001373291016,303600
2014-09-17,47.70125961303711,51.119998931884766,51.599998474121094,50.959999084472656,51.040000915527344,198100
2014-09-18,47.94388961791992,51.380001068115234,51.59000015258789,51.13999938964844,51.43000030517578,122700
2014-09-19,47.225372314453125,50.61000061035156,51.5,50.130001068115234,51.5,501000
2014-09-22,46.34823226928711,49.66999816894531,50.709999084472656,49.650001525878906,50.36000061035156,230900
2014-09-23,46.28290557861328,49.599998474121094,49.84000015258789,49.369998931884766,49.54999923706055,297200
2014-09-24,46.39488220214844,49.720001220703125,50.02000045776367,49.40999984741211,49.599998474121094,131900
2014-09-25,45.40578079223633,48.65999984741211,49.72999954223633,48.52000045776367,49.54999923706055,263100
2014-09-26,45.48043441772461,48.7400016784668,48.81999969482422,48.349998474121094,48.66999816894531,190100
2014-09-29,45.321800231933594,48.56999969482422,48.959999084472656,48.150001525878906,48.439998626708984,175800
2014-09-30,44.435333251953125,47.619998931884766,48.86000061035156,47.58000183105469,48.709999084472656,348700
2014-10-01,43.43688201904297,46.54999923706055,47.84000015258789,46.529998779296875,47.459999084472656,423000
2014-10-02,43.828792572021484,46.970001220703125,47.40999984741211,46.27000045776367,46.43000030517578,381600
2014-10-03,44.16471862792969,47.33000183105469,47.70000076293945,47.189998626708984,47.5099983215332,198300
2014-10-06,44.41666793823242,47.599998474121094,47.93000030517578,47.33000183105469,47.38999938964844,166000
2014-10-07,43.81014633178711,46.95000076293945,47.720001220703125,46.91999816894531,47.130001068115234,265400
2014-10-08,44.267364501953125,47.439998626708984,47.7599983215332,46.52000045776367,46.84000015258789,518500
2014-10-09,42.8863639831543,45.959999084472656,47.459999084472656,45.900001525878906,47.27000045776367,261500
2014-10-10,42.447776794433594,45.4900016784668,46.619998931884766,45.43000030517578,45.689998626708984,271100
2014-10-13,42.41045379638672,45.45000076293945,46.459999084472656,44.9900016784668,45.599998474121094,319500
2014-10-14,42.867679595947266,45.939998626708984,47.02000045776367,45.22999954223633,45.88999938964844,392700
2014-10-15,43.324913024902344,46.43000030517578,46.869998931884766,44.790000915527344,45.220001220703125,362900
2014-10-16,43.642181396484375,46.77000045776367,47.02000045776367,45.68000030517578,45.68000030517578,362100
2014-10-17,43.48353576660156,46.599998474121094,47.75,46.45000076293945,47.45000076293945,222100
2014-10-20,44.360687255859375,47.540000915527344,47.59000015258789,46.470001220703125,46.52000045776367,272200
2014-10-21,45.25648498535156,48.5,48.88999938964844,47.56999969482422,47.75,210500
2014-10-22,44.454002380371094,47.63999938964844,48.689998626708984,47.58000183105469,48.5,168400
2014-10-23,45.25648498535156,48.5,49.279998779296875,48.2599983215332,48.2599983215332,268700
2014-10-24,45.22848892211914,48.470001220703125,48.95000076293945,48.290000915527344,48.650001525878906,181900
2014-10-27,45.079193115234375,48.310001373291016,48.36000061035156,47.84000015258789,48.13999938964844,185900
2014-10-28,46.338905334472656,49.65999984741211,49.7400016784668,48.45000076293945,48.45000076293945,380400
2014-10-29,46.506858825683594,49.84000015258789,50.20000076293945,49.369998931884766,49.880001068115234,234600
2014-10-30,47.06674575805664,50.439998626708984,50.68000030517578,48.65999984741211,49.540000915527344,275500
2014-10-31,47.78523635864258,51.209999084472656,51.599998474121094,50.38999938964844,51.599998474121094,304100
2014-11-03,47.65460205078125,51.06999969482422,51.47999954223633,50.599998474121094,51.16999816894531,300900
2014-11-04,47.40267562866211,50.79999923706055,51.56999969482422,50.63999938964844,50.880001068115234,254800
2014-11-05,47.78523635864258,51.209999084472656,51.650001525878906,50.810001373291016,51.2400016784668,122400
2014-11-06,48.289127349853516,51.75,51.880001068115234,51.08000183105469,51.41999816894531,152000
2014-11-07,48.13050079345703,51.58000183105469,51.7400016784668,51.189998626708984,51.68000030517578,221200
2014-11-10,48.34511947631836,51.810001373291016,51.83000183105469,51.099998474121094,51.599998474121094,325800
2014-11-11,45.4431037902832,48.70000076293945,51.52000045776367,47.16999816894531,51.52000045776367,1184500
2014-11-12,47.80391311645508,51.22999954223633,51.27000045776367,48.4900016784668,48.4900016784668,474500
2014-11-13,46.8599853515625,50.13999938964844,51.25,50.08000183105469,51.06999969482422,386900
2014-11-14,47.69175720214844,51.029998779296875,51.209999084472656,50.31999969482422,50.31999969482422,378600
2014-11-17,47.841285705566406,51.189998626708984,51.7599983215332,51.099998474121094,51.099998474121094,313800
2014-11-18,47.93474578857422,51.290000915527344,52.06999969482422,51.150001525878906,51.349998474121094,287000
2014-11-19,47.73848342895508,51.08000183105469,51.33000183105469,50.61000061035156,51.06999969482422,287200
2014-11-20,48.15903854370117,51.529998779296875,51.59000015258789,50.56999969482422,50.689998626708984,299700
2014-11-21,48.430076599121094,51.81999969482422,52.33000183105469,51.689998626708984,52.27000045776367,227300
2014-11-24,49.56092834472656,53.029998779296875,53.029998779296875,51.66999816894531,52.11000061035156,266700
2014-11-25,49.31793212890625,52.77000045776367,53.130001068115234,52.59000015258789,53.029998779296875,202000
2014-11-26,49.1590461730957,52.599998474121094,52.869998931884766,52.369998931884766,52.869998931884766,194900
2014-11-28,48.29924011230469,51.68000030517578,52.720001220703125,51.529998779296875,52.709999084472656,145500
2014-12-01,47.78522491455078,51.130001068115234,51.849998474121094,50.869998931884766,51.619998931884766,309000
2014-12-02,48.12166976928711,51.4900016784668,51.66999816894531,51.0,51.33000183105469,233900
2014-12-03,48.560916900634766,51.959999084472656,52.43000030517578,50.9900016784668,51.560001373291016,309800
2014-12-04,48.14970397949219,51.52000045776367,52.029998779296875,51.2400016784668,51.95000076293945,203900
2014-12-05,48.18708801269531,51.560001373291016,52.08000183105469,51.36000061035156,51.4900016784668,289100
2014-12-08,47.38334274291992,50.70000076293945,51.630001068115234,50.47999954223633,51.400001525878906,195900
2014-12-09,47.841285705566406,51.189998626708984,51.41999816894531,50.08000183105469,50.08000183105469,305500
2014-12-10,46.36465072631836,49.61000061035156,51.310001373291016,49.59000015258789,50.83000183105469,195300
2014-12-11,46.448753356933594,49.70000076293945,50.34000015258789,49.54999923706055,50.0,184300
2014-12-12,44.897361755371094,48.040000915527344,49.279998779296875,47.790000915527344,49.0,302000
2014-12-15,43.94407653808594,47.02000045776367,48.66999816894531,46.90999984741211,48.439998626708984,418700
2014-12-16,44.39267349243164,47.5,48.220001220703125,46.58000183105469,47.02000045776367,659100
2014-12-17,45.588951110839844,48.779998779296875,48.81999969482422,47.27000045776367,47.54999923706055,340300
2014-12-18,46.35529708862305,49.599998474121094,49.81999969482422,48.7599983215332,49.47999954223633,331800
2014-12-19,46.54220962524414,49.79999923706055,49.91999816894531,49.08000183105469,49.4900016784668,518300
2014-12-22,46.766510009765625,50.040000915527344,50.099998474121094,49.439998626708984,49.810001373291016,230100
2014-12-23,46.72913360595703,50.0,50.400001525878906,49.790000915527344,50.15999984741211,211600
2014-12-24,47.140357971191406,50.439998626708984,50.68000030517578,49.7400016784668,50.20000076293945,70300
2014-12-26,47.0095100402832,50.29999923706055,50.779998779296875,50.22999954223633,50.619998931884766,138000
2014-12-29,46.9627799987793,50.25,50.70000076293945,50.029998779296875,50.27000045776367,185700
2014-12-30,46.60763931274414,49.869998931884766,50.38999938964844,49.68000030517578,50.099998474121094,242300
2014-12-31,46.00950241088867,49.22999954223633,50.58000183105469,49.20000076293945,50.130001068115234,177100
2015-01-02,45.40201950073242,48.58000183105469,49.58000183105469,48.060001373291016,49.5,203300
2015-01-05,44.42073059082031,47.529998779296875,48.36000061035156,47.2599983215332,48.189998626708984,438200
2015-01-06,44.10296630859375,47.189998626708984,47.83000183105469,46.75,47.7599983215332,352300
2015-01-07,44.514183044433594,47.630001068115234,47.81999969482422,47.18000030517578,47.619998931884766,368400
2015-01-08,44.28987503051758,47.38999938964844,48.40999984741211,47.36000061035156,48.130001068115234,393800
2015-01-09,43.22445297241211,46.25,48.060001373291016,46.189998626708984,47.400001525878906,341700
2015-01-12,41.71977233886719,44.63999938964844,46.209999084472656,44.54999923706055,46.119998931884766,595000
2015-01-13,40.60761642456055,43.45000076293945,45.31999969482422,43.310001373291016,45.099998474121094,706400
2015-01-14,40.64500045776367,43.4900016784668,43.619998931884766,42.95000076293945,43.150001525878906,658500
2015-01-15,39.504798889160156,42.27000045776367,43.70000076293945,41.0099983215332,42.75,735100
2015-01-16,39.495460510253906,42.2599983215332,42.63999938964844,41.5099983215332,41.84000015258789,766700
2015-01-20,39.71977996826172,42.5,43.08000183105469,41.86000061035156,42.56999969482422,628700
2015-01-21,42.04689407348633,44.9900016784668,47.5,44.0099983215332,47.119998931884766,1103500
2015-01-22,42.90669250488281,45.90999984741211,45.93000030517578,44.0,45.369998931884766,483000
2015-01-23,42.392677307128906,45.36000061035156,46.029998779296875,44.70000076293945,45.83000183105469,427600
2015-01-26,42.813236236572266,45.810001373291016,46.630001068115234,44.54999923706055,45.470001220703125,473000
2015-01-27,42.233802795410156,45.189998626708984,45.7599983215332,44.86000061035156,45.09000015258789,267700
2015-01-28,42.000144958496094,44.939998626708984,45.81999969482422,44.75,45.56999969482422,355900
2015-01-29,42.645015716552734,45.630001068115234,45.720001220703125,44.54999923706055,45.16999816894531,243800
2015-01-30,41.69173049926758,44.61000061035156,45.619998931884766,44.560001373291016,45.16999816894531,271500
2015-02-02,42.34593200683594,45.310001373291016,45.33000183105469,44.16999816894531,44.689998626708984,255000
2015-02-03,43.84128189086914,46.90999984741211,46.91999816894531,45.369998931884766,45.650001525878906,359200
2015-02-04,43.07490921020508,46.09000015258789,46.90999984741211,45.939998626708984,46.529998779296875,248700
2015-02-05,43.9627799987793,47.040000915527344,47.06999969482422,46.220001220703125,46.58000183105469,308300
2015-02-06,44.54222869873047,47.65999984741211,47.90999984741211,46.689998626708984,47.15999984741211,321100
2015-02-09,44.97211837768555,48.119998931884766,48.459999084472656,47.029998779296875,47.38999938964844,400700
2015-02-10,45.06557846069336,48.220001220703125,48.58000183105469,47.9900016784668,48.56999969482422,385900
2015-02-11,45.074947357177734,48.130001068115234,48.33000183105469,47.7400016784668,48.04999923706055,294100
2015-02-12,45.40272521972656,48.47999954223633,48.79999923706055,48.04999923706055,48.4900016784668,226600
2015-02-13,45.505741119384766,48.59000015258789,49.41999816894531,48.13999938964844,48.40999984741211,331700
2015-02-17,45.90845489501953,49.02000045776367,49.5099983215332,48.11000061035156,48.4900016784668,324000
2015-02-18,45.56193542480469,48.650001525878906,49.61000061035156,48.13999938964844,48.77000045776367,437900
2015-02-19,45.18732833862305,48.25,48.630001068115234,47.15999984741211,48.369998931884766,311000
2015-02-20,45.65557861328125,48.75,48.90999984741211,47.5099983215332,48.33000183105469,313800
2015-02-23,45.515106201171875,48.599998474121094,48.75,48.130001068115234,48.4900016784668,213300
2015-02-24,46.254966735839844,49.38999938964844,49.400001525878906,48.70000076293945,48.72999954223633,314900
2015-02-25,46.086387634277344,49.209999084472656,49.689998626708984,48.900001525878906,49.45000076293945,304100
2015-02-26,46.03956985473633,49.15999984741211,49.61000061035156,48.810001373291016,49.02000045776367,195500
2015-02-27,45.468292236328125,48.54999923706055,49.33000183105469,48.52000045776367,49.0,179600
2015-03-02,45.87099075317383,48.97999954223633,49.040000915527344,48.27000045776367,48.54999923706055,276800
2015-03-03,45.45893096923828,48.540000915527344,48.970001220703125,48.34000015258789,48.66999816894531,207400
2015-03-04,45.54320526123047,48.630001068115234,48.709999084472656,47.880001068115234,48.220001220703125,213100
2015-03-05,45.56193542480469,48.650001525878906,49.150001525878906,48.04999923706055,48.810001373291016,215700
2015-03-06,44.79399108886719,47.83000183105469,48.5099983215332,47.54999923706055,48.060001373291016,199600
2015-03-09,45.81479263305664,48.91999816894531,49.08000183105469,47.5099983215332,48.040000915527344,301400
2015-03-10,44.87827682495117,47.91999816894531,48.63999938964844,47.86000061035156,48.400001525878906,233600
2015-03-11,45.13113021850586,48.189998626708984,48.22999954223633,47.540000915527344,47.86000061035156,286900
2015-03-12,46.254966735839844,49.38999938964844,49.529998779296875,48.25,48.630001068115234,322600
2015-03-13,45.683692932128906,48.779998779296875,49.380001068115234,48.06999969482422,49.380001068115234,212000
2015-03-16,46.33926010131836,49.47999954223633,49.63999938964844,48.880001068115234,49.060001373291016,222100
2015-03-17,46.28305435180664,49.41999816894531,49.56999969482422,48.63999938964844,49.189998626708984,208600
2015-03-18,47.22895431518555,50.43000030517578,50.70000076293945,48.959999084472656,49.34000015258789,200100
2015-03-19,46.76068878173828,49.93000030517578,50.29999923706055,49.790000915527344,50.130001068115234,117500
2015-03-20,47.509910583496094,50.72999954223633,50.849998474121094,50.099998474121094,50.310001373291016,525000
2015-03-23,47.49118423461914,50.709999084472656,50.88999938964844,50.04999923706055,50.529998779296875,218700
2015-03-24,47.68785095214844,50.91999816894531,50.9900016784668,50.29999923706055,50.61000061035156,138500
2015-03-25,47.388160705566406,50.599998474121094,51.43000030517578,50.58000183105469,51.0,453200
2015-03-26,47.09784698486328,50.290000915527344,50.900001525878906,50.04999923706055,50.470001220703125,434400
2015-03-27,47.210227966308594,50.40999984741211,50.47999954223633,49.90999984741211,50.04999923706055,177700
2015-03-30,47.744041442871094,50.97999954223633,51.16999816894531,50.529998779296875,50.61000061035156,148500
2015-03-31,47.77213668823242,51.0099983215332,51.11000061035156,50.40999984741211,50.63999938964844,288900
2015-04-01,47.678489685058594,50.90999984741211,51.08000183105469,50.150001525878906,50.810001373291016,155800
2015-04-02,47.7159538269043,50.95000076293945,51.4900016784668,50.459999084472656,50.90999984741211,151700
2015-04-06,48.156105041503906,51.41999816894531,51.54999923706055,50.5,50.5099983215332,341400
2015-04-07,45.29035186767578,48.36000061035156,50.029998779296875,48.290000915527344,50.029998779296875,678000
2015-04-08,45.449554443359375,48.529998779296875,48.560001373291016,47.90999984741211,48.34000015258789,290000
2015-04-09,45.64623260498047,48.7400016784668,49.04999923706055,48.290000915527344,48.34000015258789,350400
2015-04-10,46.0770263671875,49.20000076293945,49.2599983215332,48.83000183105469,49.04999923706055,183900
2015-04-13,46.13322830200195,49.2599983215332,49.779998779296875,49.18000030517578,49.189998626708984,136200
2015-04-14,46.17068099975586,49.29999923706055,49.630001068115234,48.86000061035156,49.2599983215332,187700
2015-04-15,46.55465316772461,49.709999084472656,50.040000915527344,49.2400016784668,49.439998626708984,215800
2015-04-16,46.226871490478516,49.36000061035156,49.70000076293945,49.220001220703125,49.439998626708984,170700
2015-04-17,45.693058013916016,48.790000915527344,49.150001525878906,48.31999969482422,49.08000183105469,344200
2015-04-20,45.49637222290039,48.58000183105469,49.04999923706055,48.06999969482422,48.06999969482422,330100
2015-04-21,46.011478424072266,49.130001068115234,50.66999816894531,48.25,48.849998474121094,460900
2015-04-22,45.82416915893555,48.93000030517578,49.15999984741211,47.900001525878906,48.68000030517578,395900
2015-04-23,45.889739990234375,49.0,49.13999938964844,48.61000061035156,48.66999816894531,164500
2015-04-24,45.38399887084961,48.459999084472656,49.41999816894531,48.33000183105469,49.20000076293945,202200
2015-04-27,45.693058013916016,48.790000915527344,49.150001525878906,48.45000076293945,48.540000915527344,261100
2015-04-28,45.852256774902344,48.959999084472656,49.11000061035156,48.47999954223633,48.79999923706055,131200
2015-04-29,45.44020462036133,48.52000045776367,48.959999084472656,48.27000045776367,48.779998779296875,151400
2015-04-30,44.06350326538086,47.04999923706055,48.279998779296875,46.959999084472656,48.060001373291016,372200
2015-05-01,44.34446334838867,47.349998474121094,47.81999969482422,46.84000015258789,47.099998474121094,191600
2015-05-04,44.38191604614258,47.38999938964844,47.939998626708984,47.25,47.439998626708984,260600
2015-05-05,43.86684036254883,46.84000015258789,47.630001068115234,46.400001525878906,47.09000015258789,437000
2015-05-06,44.38191604614258,47.38999938964844,47.400001525878906,46.369998931884766,46.880001068115234,285600
2015-05-07,44.9438362121582,47.9900016784668,48.369998931884766,47.06999969482422,47.279998779296875,473100
2015-05-08,45.57130432128906,48.65999984741211,49.04999923706055,48.29999923706055,48.650001525878906,448800
2015-05-11,45.89908981323242,49.0099983215332,49.099998474121094,48.41999816894531,48.560001373291016,312700
2015-05-12,46.03956985473633,49.15999984741211,49.220001220703125,48.150001525878906,48.61000061035156,252100
2015-05-13,46.685760498046875,49.849998474121094,49.939998626708984,49.0099983215332,49.279998779296875,253300
2015-05-14,47.53972625732422,50.65999984741211,50.65999984741211,49.68000030517578,49.90999984741211,306100
2015-05-15,47.530330657958984,50.650001525878906,50.75,50.439998626708984,50.5,301500
2015-05-18,48.09337615966797,51.25,51.29999923706055,50.439998626708984,50.47999954223633,255900
2015-05-19,47.63355255126953,50.7599983215332,51.25,50.29999923706055,51.25,284400
2015-05-20,47.93385696411133,51.08000183105469,51.279998779296875,50.59000015258789,50.93000030517578,196100
2015-05-21,50.47694396972656,53.790000915527344,54.59000015258789,52.45000076293945,52.61000061035156,756900
2015-05-22,49.885738372802734,53.15999984741211,54.29999923706055,52.900001525878906,53.79999923706055,398800
2015-05-26,48.92856216430664,52.13999938964844,53.56999969482422,51.900001525878906,52.720001220703125,370600
2015-05-27,49.18193054199219,52.40999984741211,52.5,51.77000045776367,52.36000061035156,454300
2015-05-28,48.6188850402832,51.810001373291016,52.5,51.52000045776367,52.439998626708984,331400
2015-05-29,47.80247116088867,50.939998626708984,51.93000030517578,50.63999938964844,51.75,316300
2015-06-01,48.571956634521484,51.7599983215332,51.790000915527344,50.560001373291016,51.16999816894531,350600
2015-06-02,48.6939582824707,51.88999938964844,52.470001220703125,51.400001525878906,51.470001220703125,377300
2015-06-03,49.69805908203125,52.959999084472656,52.97999954223633,51.91999816894531,52.04999923706055,364500
2015-06-04,49.74497604370117,53.0099983215332,53.150001525878906,51.91999816894531,52.4900016784668,673000
2015-06-05,50.72091293334961,54.04999923706055,54.130001068115234,52.810001373291016,53.06999969482422,467500
2015-06-08,50.22357177734375,53.52000045776367,54.189998626708984,53.15999984741211,54.189998626708984,318800
2015-06-09,50.167266845703125,53.459999084472656,53.54999923706055,53.150001525878906,53.52000045776367,322400
2015-06-10,50.70215606689453,54.029998779296875,54.45000076293945,53.33000183105469,53.33000183105469,542500
2015-06-11,50.8616828918457,54.20000076293945,54.380001068115234,53.66999816894531,54.380001068115234,259100
2015-06-12,50.59892654418945,53.91999816894531,54.16999816894531,53.63999938964844,53.900001525878906,291100
2015-06-15,50.758453369140625,54.09000015258789,54.099998474121094,53.04999923706055,53.650001525878906,371100
2015-06-16,51.171363830566406,54.529998779296875,54.650001525878906,53.599998474121094,53.90999984741211,460300
2015-06-17,51.4434928894043,54.81999969482422,55.45000076293945,54.560001373291016,54.650001525878906,583300
2015-06-18,52.13792419433594,55.560001373291016,55.959999084472656,54.75,55.060001373291016,389800
2015-06-19,51.90331268310547,55.310001373291016,55.720001220703125,55.209999084472656,55.630001068115234,401100
2015-06-22,52.250526428222656,55.68000030517578,55.90999984741211,55.31999969482422,55.689998626708984,253300
2015-06-23,52.39128112792969,55.83000183105469,55.93000030517578,55.630001068115234,55.720001220703125,301300
2015-06-24,52.78541564941406,56.25,56.380001068115234,55.70000076293945,55.75,473900
2015-06-25,52.644649505615234,56.099998474121094,56.380001068115234,55.790000915527344,56.31999969482422,321600
2015-06-26,52.926170349121094,56.400001525878906,56.54999923706055,55.95000076293945,56.380001068115234,795800
2015-06-29,51.55611801147461,54.939998626708984,56.38999938964844,54.86000061035156,55.58000183105469,373400
2015-06-30,51.60302734375,54.9900016784668,55.369998931884766,54.79999923706055,55.22999954223633,271400
2015-07-01,51.60302734375,54.9900016784668,55.59000015258789,54.900001525878906,55.59000015258789,419500
2015-07-02,51.42472839355469,54.79999923706055,55.220001220703125,54.59000015258789,55.15999984741211,359100
2015-07-06,51.29335021972656,54.65999984741211,55.310001373291016,54.279998779296875,54.5,399700
2015-07-07,50.927371978759766,54.27000045776367,54.779998779296875,53.220001220703125,54.779998779296875,386700
2015-07-08,50.167266845703125,53.459999084472656,54.29999923706055,53.0,53.75,358400
2015-07-09,49.6605110168457,52.91999816894531,54.349998474121094,52.90999984741211,53.86000061035156,396200
2015-07-10,50.092185974121094,53.380001068115234,53.880001068115234,53.220001220703125,53.68000030517578,346000
2015-07-13,49.913875579833984,53.189998626708984,53.90999984741211,52.970001220703125,53.869998931884766,434600
2015-07-14,51.16197967529297,54.52000045776367,54.63999938964844,53.11000061035156,53.29999923706055,477400
2015-07-15,50.80537796020508,54.13999938964844,54.619998931884766,53.970001220703125,54.619998931884766,195800
2015-07-16,50.74908447265625,54.08000183105469,54.7400016784668,54.0,54.20000076293945,229600
2015-07-17,50.232948303222656,53.529998779296875,54.36000061035156,53.45000076293945,54.29999923706055,582500
2015-07-20,50.082801818847656,53.369998931884766,54.27000045776367,53.2400016784668,54.060001373291016,393100
2015-07-21,46.028873443603516,49.04999923706055,51.70000076293945,48.630001068115234,50.5,1913500
2015-07-22,46.21657180786133,49.25,49.75,48.95000076293945,48.959999084472656,798600
2015-07-23,45.58782958984375,48.58000183105469,49.63999938964844,48.54999923706055,49.13999938964844,620300
2015-07-24,44.45235824584961,47.369998931884766,48.34000015258789,47.310001373291016,48.29999923706055,414100
2015-07-27,44.0488395690918,46.939998626708984,47.34000015258789,46.619998931884766,47.060001373291016,442800
2015-07-28,44.79017639160156,47.72999954223633,47.900001525878906,46.40999984741211,47.040000915527344,403300
2015-07-29,45.55967330932617,48.54999923706055,48.7599983215332,47.36000061035156,47.5099983215332,315400
2015-07-30,45.681671142578125,48.68000030517578,48.79999923706055,47.849998474121094,48.22999954223633,343100
2015-07-31,46.31978988647461,49.36000061035156,49.540000915527344,48.709999084472656,48.81999969482422,569400
2015-08-03,45.58782958984375,48.58000183105469,49.459999084472656,47.97999954223633,49.459999084472656,294200
2015-08-04,44.95909881591797,47.90999984741211,49.529998779296875,47.880001068115234,48.66999816894531,427300
2015-08-05,45.0341796875,47.9900016784668,48.56999969482422,47.970001220703125,48.04999923706055,566500
2015-08-06,45.165557861328125,48.130001068115234,48.380001068115234,47.84000015258789,48.189998626708984,302900
2015-08-07,45.2500114440918,48.220001220703125,48.279998779296875,47.79999923706055,47.83000183105469,469300
2015-08-10,46.26348114013672,49.29999923706055,49.58000183105469,48.650001525878906,48.709999084472656,230700
2015-08-11,45.296932220458984,48.27000045776367,48.900001525878906,48.16999816894531,48.599998474121094,197900
2015-08-12,45.33446502685547,48.310001373291016,48.459999084472656,47.2400016784668,47.56999969482422,318300
2015-08-13,45.14638900756836,48.0099983215332,48.470001220703125,47.93000030517578,48.25,157800
2015-08-14,45.3814811706543,48.2599983215332,48.58000183105469,47.66999816894531,47.83000183105469,279600
2015-08-17,45.66357421875,48.560001373291016,48.88999938964844,47.79999923706055,48.25,345400
2015-08-18,45.52251434326172,48.40999984741211,48.810001373291016,48.2599983215332,48.5,285600
2015-08-19,44.90188980102539,47.75,48.470001220703125,47.650001525878906,47.90999984741211,333700
2015-08-20,43.78287124633789,46.560001373291016,47.540000915527344,46.540000915527344,47.41999816894531,367900
2015-08-21,42.47578430175781,45.16999816894531,46.70000076293945,45.099998474121094,45.86000061035156,897300
2015-08-24,41.03704071044922,43.63999938964844,45.06999969482422,42.0099983215332,42.619998931884766,704400
2015-08-25,40.81135940551758,43.400001525878906,45.220001220703125,43.349998474121094,45.220001220703125,771600
2015-08-26,41.347354888916016,43.970001220703125,44.720001220703125,43.29999923706055,44.22999954223633,440700
2015-08-27,42.25010299682617,44.93000030517578,45.060001373291016,43.81999969482422,44.2400016784668,588300
2015-08-28,42.15606689453125,44.83000183105469,45.43000030517578,44.45000076293945,44.540000915527344,314800
2015-08-31,42.8801383972168,45.599998474121094,46.06999969482422,44.5,44.790000915527344,350700
2015-09-01,41.43198013305664,44.060001373291016,45.310001373291016,44.0,44.560001373291016,306100
2015-09-02,42.47578430175781,45.16999816894531,45.20000076293945,44.560001373291016,44.77000045776367,346900
2015-09-03,42.720272064208984,45.43000030517578,45.84000015258789,44.970001220703125,45.220001220703125,495700
2015-09-04,41.714088439941406,44.36000061035156,45.0099983215332,44.310001373291016,44.720001220703125,179200
2015-09-08,42.692073822021484,45.400001525878906,45.63999938964844,44.83000183105469,45.08000183105469,208200
2015-09-09,42.07142639160156,44.7400016784668,45.810001373291016,44.68000030517578,45.810001373291016,143700
2015-09-10,41.676475524902344,44.31999969482422,45.18000030517578,44.220001220703125,44.720001220703125,197900
2015-09-11,41.62006759643555,44.2599983215332,44.4900016784668,43.95000076293945,44.04999923706055,216700
2015-09-14,40.55746841430664,43.130001068115234,44.189998626708984,43.060001373291016,44.0,396800
2015-09-15,41.06525421142578,43.66999816894531,43.84000015258789,42.970001220703125,43.060001373291016,434100
2015-09-16,41.7423210144043,44.38999938964844,44.45000076293945,43.619998931884766,43.810001373291016,244400
2015-09-17,40.764347076416016,43.349998474121094,44.38999938964844,43.2400016784668,44.38999938964844,351700
2015-09-18,40.67971420288086,43.2599983215332,43.52000045776367,43.040000915527344,43.29999923706055,1152000
2015-09-21,40.67971420288086,43.2599983215332,44.18000030517578,43.11000061035156,43.65999984741211,430000
2015-09-22,39.645328521728516,42.15999984741211,42.9900016784668,41.83000183105469,42.560001373291016,233200
2015-09-23,38.83662796020508,41.29999923706055,42.2599983215332,41.27000045776367,42.15999984741211,192500
2015-09-24,38.15956115722656,40.58000183105469,41.0,40.29999923706055,41.0,382400
2015-09-25,37.95267868041992,40.36000061035156,41.220001220703125,40.25,41.029998779296875,320300
2015-09-28,37.61415481567383,40.0,40.47999954223633,39.81999969482422,40.119998931884766,287000
2015-09-29,37.98089599609375,40.38999938964844,40.529998779296875,39.970001220703125,39.970001220703125,288600
2015-09-30,38.27239990234375,40.70000076293945,41.25,40.43000030517578,40.7400016784668,349100
2015-10-01,37.8586540222168,40.2599983215332,40.95000076293945,39.72999954223633,40.709999084472656,505200
2015-10-02,38.40404510498047,40.84000015258789,40.869998931884766,39.68000030517578,39.90999984741211,332000
2015-10-05,40.28477096557617,42.84000015258789,42.88999938964844,40.9900016784668,40.9900016784668,350300
2015-10-06,40.3411750793457,42.900001525878906,43.38999938964844,42.61000061035156,42.72999954223633,217800
2015-10-07,41.986812591552734,44.650001525878906,44.72999954223633,43.2599983215332,43.2599983215332,464100
2015-10-08,43.44435501098633,46.20000076293945,46.22999954223633,44.310001373291016,44.56999969482422,366500
2015-10-09,43.60421371459961,46.369998931884766,46.689998626708984,45.959999084472656,46.27000045776367,294000
2015-10-12,42.82372283935547,45.540000915527344,46.290000915527344,45.38999938964844,46.290000915527344,209600
2015-10-13,41.62946701049805,44.27000045776367,45.16999816894531,44.0,44.900001525878906,199300
2015-10-14,40.67971420288086,43.2599983215332,44.33000183105469,43.189998626708984,44.20000076293945,237400
2015-10-15,41.131072998046875,43.7400016784668,44.099998474121094,42.5,43.5099983215332,211900
2015-10-16,40.566864013671875,43.13999938964844,43.779998779296875,42.689998626708984,43.66999816894531,205900
2015-10-19,40.435218811035156,43.0,43.150001525878906,42.7599983215332,42.84000015258789,177100
2015-10-20,40.67029571533203,43.25,43.52000045776367,42.59000015258789,43.0,341100
2015-10-21,40.53865051269531,43.11000061035156,43.689998626708984,42.97999954223633,43.54999923706055,181100
2015-10-22,42.043216705322266,44.709999084472656,45.119998931884766,43.22999954223633,43.290000915527344,223900
2015-10-23,42.40995788574219,45.099998474121094,45.119998931884766,44.369998931884766,45.0,181600
2015-10-26,42.42877197265625,45.119998931884766,45.369998931884766,44.97999954223633,45.15999984741211,183100
2015-10-27,41.149879455566406,43.7599983215332,45.18000030517578,43.529998779296875,44.81999969482422,333000
2015-10-28,43.01176452636719,45.7400016784668,45.83000183105469,43.66999816894531,43.709999084472656,315800
2015-10-29,43.24687194824219,45.9900016784668,46.310001373291016,45.540000915527344,45.540000915527344,177900
2015-10-30,42.786102294921875,45.5,46.13999938964844,45.36000061035156,45.959999084472656,181900
2015-11-02,43.397335052490234,46.150001525878906,46.33000183105469,45.40999984741211,45.40999984741211,255000
2015-11-03,44.121395111083984,46.91999816894531,47.290000915527344,45.810001373291016,45.95000076293945,256800
2015-11-04,44.64799880981445,47.47999954223633,47.650001525878906,46.720001220703125,47.02000045776367,203700
2015-11-05,44.43170928955078,47.25,48.0,46.959999084472656,47.5,404800
2015-11-06,44.854888916015625,47.70000076293945,47.72999954223633,46.810001373291016,46.900001525878906,414100
2015-11-09,43.209266662597656,45.95000076293945,47.959999084472656,45.779998779296875,47.56999969482422,385300
2015-11-10,45.17460632324219,48.040000915527344,48.540000915527344,43.81999969482422,45.0,686400
2015-11-11,44.45993423461914,47.279998779296875,47.9900016784668,46.779998779296875,47.9900016784668,369000
2015-11-12,43.395084381103516,46.04999923706055,47.16999816894531,45.97999954223633,46.7400016784668,275700
2015-11-13,43.404502868652344,46.060001373291016,46.779998779296875,45.720001220703125,45.75,250000
2015-11-16,43.941646575927734,46.630001068115234,46.650001525878906,45.68000030517578,45.79999923706055,310900
2015-11-17,43.64009475708008,46.310001373291016,47.02000045776367,45.90999984741211,46.650001525878906,362100
2015-11-18,44.89341735839844,47.63999938964844,47.689998626708984,46.20000076293945,46.61000061035156,203600
2015-11-19,45.31745910644531,48.09000015258789,48.16999816894531,47.459999084472656,47.540000915527344,365800
2015-11-20,45.5247917175293,48.310001373291016,48.79999923706055,47.20000076293945,48.38999938964844,209400
2015-11-23,45.97712707519531,48.790000915527344,49.04999923706055,48.209999084472656,48.209999084472656,300600
2015-11-24,46.9571533203125,49.83000183105469,49.97999954223633,48.40999984741211,48.40999984741211,275600
2015-11-25,46.815799713134766,49.68000030517578,50.0,49.459999084472656,49.7599983215332,353500
2015-11-27,47.258705139160156,50.150001525878906,50.65999984741211,49.33000183105469,49.61000061035156,222300
2015-11-30,47.52256393432617,50.43000030517578,50.77000045776367,49.810001373291016,50.529998779296875,353100
2015-12-01,47.81468963623047,50.7400016784668,50.91999816894531,50.18000030517578,50.630001068115234,331700
2015-12-02,47.90892791748047,50.84000015258789,51.11000061035156,50.400001525878906,50.619998931884766,369700
2015-12-03,46.96657943725586,49.84000015258789,51.27000045776367,49.66999816894531,50.93000030517578,453300
2015-12-04,47.94661331176758,50.880001068115234,51.150001525878906,49.70000076293945,49.70000076293945,419700
2015-12-07,47.10792541503906,49.9900016784668,50.72999954223633,49.720001220703125,50.65999984741211,336900
2015-12-08,45.60960388183594,48.400001525878906,49.61000061035156,48.18000030517578,49.40999984741211,435300
2015-12-09,45.15727233886719,47.91999816894531,49.0099983215332,47.61000061035156,48.33000183105469,400000
2015-12-10,45.75094223022461,48.54999923706055,48.75,47.720001220703125,48.02000045776367,280700
2015-12-11,45.46824264526367,48.25,48.5099983215332,47.47999954223633,47.47999954223633,444500
2015-12-14,45.90172576904297,48.709999084472656,48.779998779296875,47.83000183105469,48.400001525878906,416900
2015-12-15,46.33519744873047,49.16999816894531,49.369998931884766,48.58000183105469,49.119998931884766,291100
2015-12-16,47.31523895263672,50.209999084472656,50.36000061035156,49.11000061035156,49.630001068115234,383000
2015-12-17,46.84406661987305,49.709999084472656,50.209999084472656,49.58000183105469,50.209999084472656,431500
2015-12-18,46.22211456298828,49.04999923706055,50.29999923706055,49.02000045776367,49.720001220703125,697500
2015-12-21,46.382328033447266,49.220001220703125,50.09000015258789,48.939998626708984,49.5,487400
2015-12-22,47.12677001953125,50.0099983215332,50.15999984741211,48.91999816894531,49.34000015258789,293200
2015-12-23,47.777000427246094,50.70000076293945,50.90999984741211,50.029998779296875,50.2400016784668,211100
2015-12-24,48.18220901489258,51.130001068115234,51.279998779296875,50.619998931884766,50.619998931884766,113100
2015-12-28,47.63564682006836,50.54999923706055,50.790000915527344,50.119998931884766,50.790000915527344,194800
2015-12-29,48.05027770996094,50.9900016784668,51.34000015258789,50.279998779296875,50.790000915527344,273400
2015-12-30,47.90892791748047,50.84000015258789,51.130001068115234,50.560001373291016,51.060001373291016,225200
2015-12-31,46.79695510864258,49.65999984741211,50.7400016784668,49.63999938964844,50.650001525878906,316700
2016-01-04,46.891178131103516,49.7599983215332,49.779998779296875,48.11000061035156,48.7400016784668,434900
2016-01-05,47.33407974243164,50.22999954223633,50.5099983215332,49.349998474121094,49.91999816894531,354900
2016-01-06,46.043060302734375,48.86000061035156,49.970001220703125,48.47999954223633,49.349998474121094,572300
2016-01-07,44.1866569519043,46.88999938964844,48.189998626708984,46.599998474121094,47.93000030517578,372900
2016-01-08,43.442195892333984,46.099998474121094,47.189998626708984,46.0099983215332,47.16999816894531,395700
2016-01-11,43.92280197143555,46.61000061035156,47.81999969482422,46.029998779296875,46.2599983215332,459300
2016-01-12,44.4222412109375,47.13999938964844,47.439998626708984,46.279998779296875,46.93000030517578,324100
2016-01-13,43.28200149536133,45.93000030517578,47.59000015258789,45.90999984741211,47.369998931884766,399900
2016-01-14,43.64009475708008,46.310001373291016,46.86000061035156,45.34000015258789,46.08000183105469,420600
2016-01-15,42.34907531738281,44.939998626708984,45.529998779296875,44.209999084472656,45.0,495900
2016-01-19,42.35850524902344,44.95000076293945,45.38999938964844,44.599998474121094,45.130001068115234,740800
2016-01-20,40.97324752807617,43.47999954223633,44.060001373291016,41.2400016784668,43.5,877500
2016-01-21,41.49154281616211,44.029998779296875,44.779998779296875,43.31999969482422,43.400001525878906,405800
2016-01-22,43.0369987487793,45.66999816894531,46.18000030517578,44.75,44.79999923706055,372700
2016-01-25,42.17002487182617,44.75,45.61000061035156,44.63999938964844,45.34000015258789,322200
2016-01-26,43.63066101074219,46.29999923706055,46.34000015258789,45.20000076293945,45.20000076293945,327000
2016-01-27,42.82966232299805,45.45000076293945,46.45000076293945,45.33000183105469,46.0,460500
2016-01-28,42.7542839050293,45.369998931884766,46.20000076293945,45.209999084472656,45.90999984741211,425200
2016-01-29,43.52700424194336,46.189998626708984,46.2599983215332,45.369998931884766,45.61000061035156,646700
2016-02-01,43.16891860961914,45.810001373291016,46.099998474121094,45.41999816894531,45.970001220703125,364900
2016-02-02,41.887325286865234,44.45000076293945,45.45000076293945,44.38999938964844,45.2400016784668,428300
2016-02-03,42.405609130859375,45.0,45.41999816894531,44.209999084472656,45.02000045776367,387000
2016-02-04,42.93333435058594,45.560001373291016,46.11000061035156,44.959999084472656,45.0,560000
2016-02-05,42.50926971435547,45.11000061035156,45.599998474121094,44.939998626708984,45.29999923706055,495200
2016-02-08,41.8402099609375,44.400001525878906,45.11000061035156,43.709999084472656,44.709999084472656,425300
2016-02-09,41.26538848876953,43.790000915527344,44.72999954223633,43.61000061035156,43.720001220703125,581100
2016-02-10,41.46326446533203,44.0,44.81999969482422,43.959999084472656,43.970001220703125,345800
2016-02-11,40.43610763549805,42.90999984741211,44.400001525878906,42.45000076293945,43.13999938964844,425300
2016-02-12,41.64231491088867,44.189998626708984,44.439998626708984,42.0099983215332,43.59000015258789,386500
2016-02-16,43.64009475708008,46.310001373291016,46.63999938964844,44.41999816894531,44.939998626708984,377000
2016-02-17,44.74263381958008,47.47999954223633,47.59000015258789,46.560001373291016,46.560001373291016,482400
2016-02-18,44.58206558227539,47.20000076293945,47.630001068115234,47.060001373291016,47.349998474121094,191700
2016-02-19,44.072017669677734,46.65999984741211,47.31999969482422,46.56999969482422,46.93000030517578,211000
2016-02-22,43.78865051269531,46.36000061035156,47.209999084472656,46.279998779296875,46.68000030517578,393400
2016-02-23,43.52419662475586,46.08000183105469,47.25,46.0099983215332,46.130001068115234,331800
2016-02-24,44.04368209838867,46.630001068115234,46.72999954223633,45.310001373291016,45.4900016784668,238400
2016-02-25,44.16645812988281,46.7599983215332,46.900001525878906,45.959999084472656,46.720001220703125,196400
2016-02-26,44.109798431396484,46.70000076293945,47.40999984741211,46.529998779296875,47.04999923706055,267700
2016-02-29,44.3459358215332,46.95000076293945,47.31999969482422,46.70000076293945,46.70000076293945,507400
2016-03-01,46.14998245239258,48.86000061035156,49.0099983215332,47.25,47.47999954223633,289500
2016-03-02,46.67892074584961,49.41999816894531,49.45000076293945,47.65999984741211,48.7400016784668,291300
2016-03-03,46.64115524291992,49.380001068115234,49.84000015258789,49.09000015258789,49.470001220703125,257800
2016-03-04,47.17953109741211,49.95000076293945,50.290000915527344,48.619998931884766,49.099998474121094,240100
2016-03-07,47.198421478271484,49.970001220703125,50.34000015258789,49.560001373291016,49.880001068115234,243900
2016-03-08,45.97997283935547,48.68000030517578,49.56999969482422,48.650001525878906,49.56999969482422,325500
2016-03-09,46.61281204223633,49.349998474121094,49.52000045776367,48.5,48.93000030517578,316500
2016-03-10,46.584476470947266,49.31999969482422,49.66999816894531,48.900001525878906,49.58000183105469,191800
2016-03-11,47.557342529296875,50.349998474121094,50.47999954223633,49.599998474121094,49.779998779296875,210000
2016-03-14,47.30234146118164,50.08000183105469,50.4900016784668,49.43000030517578,50.189998626708984,238600
2016-03-15,47.17008590698242,49.939998626708984,50.22999954223633,49.04999923706055,49.790000915527344,214700
2016-03-16,48.24686813354492,51.08000183105469,51.31999969482422,49.689998626708984,49.689998626708984,218900
2016-03-17,49.50309371948242,52.40999984741211,52.630001068115234,51.0099983215332,51.08000183105469,215800
2016-03-18,50.28705978393555,53.2400016784668,53.349998474121094,52.279998779296875,52.279998779296875,630800
2016-03-21,50.079254150390625,53.02000045776367,53.29999923706055,52.959999084472656,53.040000915527344,235500
2016-03-22,49.965919494628906,52.900001525878906,53.22999954223633,51.900001525878906,51.900001525878906,259300
2016-03-23,49.01193618774414,51.88999938964844,53.11000061035156,51.869998931884766,52.900001525878906,264300
2016-03-24,48.59634017944336,51.45000076293945,51.52000045776367,51.0099983215332,51.52000045776367,331800
2016-03-28,49.16305923461914,52.04999923706055,52.470001220703125,51.189998626708984,51.77000045776367,299500
2016-03-29,50.107601165771484,53.04999923706055,53.2599983215332,50.95000076293945,51.81999969482422,349400
2016-03-30,49.70144271850586,52.619998931884766,53.5,52.619998931884766,53.5,255100
2016-03-31,49.13471221923828,52.02000045776367,52.9900016784668,51.9900016784668,52.560001373291016,254800
2016-04-01,49.47475814819336,52.380001068115234,52.54999923706055,51.06999969482422,51.470001220703125,255200
2016-04-04,48.6718864440918,51.529998779296875,52.88999938964844,51.52000045776367,52.5099983215332,145900
2016-04-05,48.49243927001953,51.34000015258789,51.68000030517578,50.70000076293945,51.040000915527344,258300
2016-04-06,48.79469680786133,51.65999984741211,51.88999938964844,50.779998779296875,51.27000045776367,179000
2016-04-07,48.18074417114258,51.0099983215332,51.90999984741211,50.72999954223633,51.220001220703125,238100
2016-04-08,48.464107513427734,51.310001373291016,52.27000045776367,51.11000061035156,51.75,137000
2016-04-11,48.75690460205078,51.619998931884766,52.400001525878906,51.58000183105469,51.630001068115234,165400
2016-04-12,49.295291900634766,52.189998626708984,52.68000030517578,51.63999938964844,51.77000045776367,117400
2016-04-13,49.72032928466797,52.63999938964844,53.02000045776367,52.38999938964844,52.970001220703125,346900
2016-04-14,49.465301513671875,52.369998931884766,52.88999938964844,52.290000915527344,52.7400016784668,231100
2016-04-15,49.6731071472168,52.59000015258789,53.0,52.220001220703125,52.220001220703125,301900
2016-04-18,49.899803161621094,52.83000183105469,53.0,52.20000076293945,52.20000076293945,206300
2016-04-19,49.91869354248047,52.849998474121094,53.43000030517578,52.400001525878906,53.43000030517578,302100
2016-04-20,52.280025482177734,55.349998474121094,56.83000183105469,51.90999984741211,52.29999923706055,1387900
2016-04-21,51.798309326171875,54.84000015258789,55.790000915527344,53.83000183105469,55.0,806800
2016-04-22,51.864437103271484,54.90999984741211,55.40999984741211,54.09000015258789,54.09000015258789,682700
2016-04-25,51.6755256652832,54.709999084472656,55.380001068115234,54.43000030517578,55.15999984741211,371700
2016-04-26,51.864437103271484,54.90999984741211,55.04999923706055,54.470001220703125,54.66999816894531,326900
2016-04-27,52.12890625,55.189998626708984,55.599998474121094,54.810001373291016,55.0,501400
2016-04-28,52.09111785888672,55.150001525878906,55.34000015258789,53.939998626708984,55.029998779296875,416000
2016-04-29,51.20326232910156,54.209999084472656,55.4900016784668,53.900001525878906,55.099998474121094,391500
2016-05-02,51.921104431152344,54.970001220703125,54.9900016784668,53.810001373291016,54.27000045776367,330300
2016-05-03,50.69321823120117,53.66999816894531,54.599998474121094,53.40999984741211,54.599998474121094,296200
2016-05-04,50.28705978393555,53.2400016784668,53.900001525878906,53.06999969482422,53.380001068115234,325400
2016-05-05,50.28705978393555,53.2400016784668,53.709999084472656,53.08000183105469,53.36000061035156,277600
2016-05-06,51.3260498046875,54.34000015258789,54.34000015258789,53.040000915527344,53.09000015258789,305400
2016-05-09,51.014347076416016,54.0099983215332,54.45000076293945,53.7599983215332,54.209999084472656,264100
2016-05-10,52.17612838745117,55.2400016784668,55.310001373291016,53.040000915527344,54.45000076293945,228200
2016-05-11,52.081661224365234,55.13999938964844,55.650001525878906,54.11000061035156,55.09000015258789,262500
2016-05-12,52.32726287841797,55.400001525878906,55.650001525878906,54.58000183105469,55.380001068115234,342900
2016-05-13,51.44883728027344,54.470001220703125,55.279998779296875,54.31999969482422,55.150001525878906,634400
2016-05-16,51.99666976928711,55.04999923706055,55.459999084472656,54.619998931884766,54.619998931884766,255700
2016-05-17,51.95888900756836,55.0099983215332,55.380001068115234,54.790000915527344,55.0,395500
2016-05-18,51.99666976928711,55.04999923706055,55.61000061035156,54.70000076293945,54.900001525878906,285800
2016-05-19,51.61809539794922,54.540000915527344,55.02000045776367,54.20000076293945,54.900001525878906,461400
2016-05-20,52.27112579345703,55.22999954223633,55.560001373291016,54.33000183105469,54.91999816894531,243600
2016-05-23,52.19541931152344,55.150001525878906,55.5099983215332,54.95000076293945,55.2599983215332,190800
2016-05-24,53.671844482421875,56.709999084472656,56.81999969482422,55.349998474121094,55.400001525878906,285100
2016-05-25,54.14505386352539,57.209999084472656,57.33000183105469,55.93000030517578,56.9900016784668,339700
2016-05-26,54.07881164550781,57.13999938964844,58.0,56.95000076293945,57.380001068115234,348300
2016-05-27,53.823280334472656,56.869998931884766,57.29999923706055,56.65999984741211,57.150001525878906,219700
2016-05-31,53.8895149230957,56.939998626708984,57.290000915527344,56.650001525878906,56.7599983215332,294400
2016-06-01,54.40058898925781,57.47999954223633,57.529998779296875,56.20000076293945,56.75,276700
2016-06-02,54.76023483276367,57.86000061035156,57.900001525878906,57.18000030517578,57.29999923706055,188800
2016-06-03,54.62773895263672,57.720001220703125,57.91999816894531,57.20000076293945,57.91999816894531,155600
2016-06-06,55.49845886230469,58.63999938964844,59.369998931884766,57.650001525878906,59.369998931884766,321700
2016-06-07,55.6877326965332,58.84000015258789,58.970001220703125,58.47999954223633,58.56999969482422,199500
2016-06-08,56.20825958251953,59.38999938964844,59.599998474121094,58.84000015258789,58.88999938964844,357100
2016-06-09,55.96220397949219,59.130001068115234,59.18000030517578,58.58000183105469,58.9900016784668,194100
2016-06-10,54.85487747192383,57.959999084472656,58.4900016784668,57.560001373291016,58.2599983215332,206400
2016-06-13,53.7286262512207,56.77000045776367,58.9900016784668,56.70000076293945,57.849998474121094,248600
2016-06-14,53.79488754272461,56.84000015258789,57.13999938964844,56.380001068115234,56.5099983215332,176200
2016-06-15,54.23969650268555,57.310001373291016,57.810001373291016,56.65999984741211,56.91999816894531,298500
2016-06-16,54.70344161987305,57.79999923706055,58.0,56.61000061035156,56.939998626708984,249000
2016-06-17,54.76970291137695,57.869998931884766,58.29999923706055,57.5,57.959999084472656,562900
2016-06-20,55.356483459472656,58.4900016784668,58.939998626708984,57.970001220703125,58.65999984741211,192600
2016-06-21,55.3186149597168,58.45000076293945,58.790000915527344,58.25,58.720001220703125,237800
2016-06-22,55.08201217651367,58.20000076293945,58.880001068115234,58.18000030517578,58.66999816894531,242000
2016-06-23,56.02845001220703,59.20000076293945,59.25,58.09000015258789,58.880001068115234,275500
2016-06-24,52.68755340576172,55.66999816894531,57.25,55.279998779296875,56.38999938964844,1579700
2016-06-27,50.65275192260742,53.52000045776367,54.95000076293945,53.18000030517578,54.90999984741211,400800
2016-06-28,51.58970260620117,54.5099983215332,54.599998474121094,53.709999084472656,54.189998626708984,247600
2016-06-29,53.05665969848633,56.060001373291016,56.13999938964844,55.119998931884766,55.36000061035156,342500
2016-06-30,54.55202102661133,57.63999938964844,57.66999816894531,55.66999816894531,56.310001373291016,274900
2016-07-01,54.80754852294922,57.90999984741211,58.56999969482422,57.459999084472656,57.869998931884766,270000
2016-07-05,53.50148391723633,56.529998779296875,57.7599983215332,56.130001068115234,57.33000183105469,201600
2016-07-06,53.75703048706055,56.79999923706055,57.36000061035156,56.0,56.09000015258789,193800
2016-07-07,54.11665725708008,57.18000030517578,57.77000045776367,56.54999923706055,57.04999923706055,144800
2016-07-08,55.612003326416016,58.7599983215332,58.849998474121094,57.41999816894531,57.68000030517578,214500
2016-07-11,56.15148162841797,59.33000183105469,59.75,58.529998779296875,59.02000045776367,194700
2016-07-12,56.66255569458008,59.869998931884766,60.34000015258789,58.0099983215332,59.75,388600
2016-07-13,56.66255569458008,59.869998931884766,60.43000030517578,59.68000030517578,60.2599983215332,171400
2016-07-14,56.482723236083984,59.68000030517578,60.709999084472656,59.58000183105469,60.2599983215332,198500
2016-07-15,56.60576248168945,59.810001373291016,60.5,59.70000076293945,60.33000183105469,391100
2016-07-18,56.1893424987793,59.369998931884766,60.25,59.36000061035156,59.77000045776367,303300
2016-07-19,56.123085021972656,59.29999923706055,59.959999084472656,59.150001525878906,59.439998626708984,264900
2016-07-20,56.23666000366211,59.41999816894531,59.75,58.900001525878906,59.75,504400
2016-07-21,54.56147384643555,57.650001525878906,59.849998474121094,57.279998779296875,58.900001525878906,420500
2016-07-22,54.76023483276367,57.86000061035156,58.0,57.13999938964844,57.56999969482422,331700
2016-07-25,54.59933853149414,57.689998626708984,58.06999969482422,57.59000015258789,57.900001525878906,243300
2016-07-26,55.19558334350586,58.31999969482422,58.41999816894531,57.58000183105469,57.58000183105469,251000
2016-07-27,55.38488006591797,58.52000045776367,58.84000015258789,58.209999084472656,58.459999084472656,314500
2016-07-28,55.233455657958984,58.36000061035156,58.869998931884766,58.18000030517578,58.529998779296875,160900
2016-07-29,55.403812408447266,58.540000915527344,58.97999954223633,57.939998626708984,58.369998931884766,235400
2016-08-01,55.347015380859375,58.47999954223633,58.97999954223633,57.91999816894531,58.47999954223633,217900
2016-08-02,54.27754592895508,57.349998474121094,58.79999923706055,57.27000045776367,58.5,162900
2016-08-03,55.01577377319336,58.130001068115234,58.209999084472656,57.02000045776367,57.380001068115234,137600
2016-08-04,55.30915451049805,58.439998626708984,58.810001373291016,57.72999954223633,58.040000915527344,191200
2016-08-05,55.772926330566406,58.93000030517578,59.04999923706055,58.439998626708984,58.779998779296875,224700
2016-08-08,56.03790283203125,59.209999084472656,59.45000076293945,58.0099983215332,58.9900016784668,223400
2016-08-09,56.38808822631836,59.58000183105469,59.77000045776367,58.90999984741211,59.36000061035156,235100
2016-08-10,56.11362838745117,59.290000915527344,59.779998779296875,59.0,59.58000183105469,226700
2016-08-11,56.568756103515625,59.65999984741211,59.86000061035156,59.25,59.25,172600
2016-08-12,56.27481460571289,59.349998474121094,59.63999938964844,59.189998626708984,59.63999938964844,132900
2016-08-15,57.251441955566406,60.380001068115234,60.59000015258789,59.56999969482422,59.56999969482422,130600
2016-08-16,56.701499938964844,59.79999923706055,60.56999969482422,59.77000045776367,60.33000183105469,180500
2016-08-17,57.32730484008789,60.459999084472656,60.709999084472656,59.849998474121094,59.849998474121094,291200
2016-08-18,58.057395935058594,61.22999954223633,61.290000915527344,60.220001220703125,60.220001220703125,339800
2016-08-19,58.57890701293945,61.779998779296875,61.900001525878906,60.849998474121094,60.95000076293945,227100
2016-08-22,58.89179992675781,62.11000061035156,62.29999923706055,61.310001373291016,61.310001373291016,239100
2016-08-23,58.882328033447266,62.099998474121094,62.59000015258789,61.970001220703125,62.5099983215332,254700
2016-08-24,58.341854095458984,61.529998779296875,62.29999923706055,61.34000015258789,62.11000061035156,161100
2016-08-25,58.73061752319336,61.939998626708984,62.040000915527344,61.130001068115234,61.45000076293945,147800
2016-08-26,59.138328552246094,62.369998931884766,62.5099983215332,61.900001525878906,61.93000030517578,166900
2016-08-29,59.75465774536133,63.02000045776367,63.130001068115234,62.18000030517578,62.61000061035156,208600
2016-08-30,59.65035629272461,62.90999984741211,63.310001373291016,62.560001373291016,63.0,160500
2016-08-31,59.47019958496094,62.720001220703125,63.22999954223633,62.439998626708984,62.959999084472656,254400
2016-09-01,59.726219177246094,62.9900016784668,63.189998626708984,62.220001220703125,62.90999984741211,184600
2016-09-02,60.465797424316406,63.77000045776367,63.779998779296875,63.029998779296875,63.41999816894531,160700
2016-09-06,59.640872955322266,62.900001525878906,63.97999954223633,62.83000183105469,63.650001525878906,191700
2016-09-07,59.432281494140625,62.68000030517578,62.939998626708984,62.209999084472656,62.939998626708984,223100
2016-09-08,59.34694290161133,62.59000015258789,62.86000061035156,62.310001373291016,62.65999984741211,86900
2016-09-09,57.24196243286133,60.369998931884766,62.130001068115234,60.349998474121094,61.97999954223633,196900
2016-09-12,58.465118408203125,61.65999984741211,61.70000076293945,60.0,60.0,149100
2016-09-13,56.59720993041992,59.689998626708984,61.56999969482422,59.650001525878906,61.06999969482422,229800
2016-09-14,56.35066223144531,59.43000030517578,60.119998931884766,58.9900016784668,59.54999923706055,174400
2016-09-15,56.95750427246094,60.06999969482422,60.130001068115234,59.400001525878906,59.599998474121094,148000
2016-09-16,56.369632720947266,59.45000076293945,60.040000915527344,59.25,60.040000915527344,301100
2016-09-19,56.96699142456055,60.08000183105469,60.45000076293945,59.54999923706055,59.880001068115234,197300
2016-09-20,56.91010284423828,60.02000045776367,60.9900016784668,60.0,60.56999969482422,205900
2016-09-21,57.479007720947266,60.619998931884766,60.68000030517578,59.810001373291016,60.16999816894531,272200
2016-09-22,58.379791259765625,61.56999969482422,61.650001525878906,61.02000045776367,61.279998779296875,254800
2016-09-23,58.142738342285156,61.31999969482422,61.86000061035156,61.25,61.36000061035156,235100
2016-09-26,57.83932876586914,61.0,61.54999923706055,60.52000045776367,60.880001068115234,156200
2016-09-27,58.22806930541992,61.40999984741211,61.56999969482422,60.5099983215332,60.849998474121094,150600
2016-09-28,58.93921661376953,62.15999984741211,62.22999954223633,61.150001525878906,61.349998474121094,208900
2016-09-29,58.39875030517578,61.59000015258789,62.25,61.290000915527344,62.099998474121094,116600
2016-09-30,59.24262619018555,62.47999954223633,62.90999984741211,61.66999816894531,61.79999923706055,231700
2016-10-03,59.32796859741211,62.56999969482422,63.20000076293945,61.75,61.970001220703125,253000
2016-10-04,58.52202224731445,61.720001220703125,62.88999938964844,61.5,62.529998779296875,167000
2016-10-05,58.66424560546875,61.869998931884766,62.65999984741211,61.5099983215332,61.810001373291016,239400
2016-10-06,58.77803421020508,61.9900016784668,62.279998779296875,61.369998931884766,61.54999923706055,303900
2016-10-07,57.5074577331543,60.650001525878906,61.83000183105469,60.31999969482422,61.83000183105469,233600
2016-10-10,57.74449920654297,60.900001525878906,61.65999984741211,60.66999816894531,61.119998931884766,117500
2016-10-11,56.12310028076172,59.189998626708984,61.060001373291016,58.66999816894531,60.79999923706055,246700
2016-10-12,56.35066223144531,59.43000030517578,59.75,58.7400016784668,59.31999969482422,287700
2016-10-13,56.12310028076172,59.189998626708984,59.41999816894531,58.22999954223633,58.900001525878906,347500
2016-10-14,56.14206314086914,59.209999084472656,60.220001220703125,59.20000076293945,59.4900016784668,432900
2016-10-17,56.454978942871094,59.540000915527344,59.93000030517578,59.279998779296875,59.279998779296875,188900
2016-10-18,56.20844268798828,59.279998779296875,60.36000061035156,59.22999954223633,60.33000183105469,173100
2016-10-19,56.14206314086914,59.209999084472656,59.59000015258789,59.06999969482422,59.25,308200
2016-10-20,55.6110954284668,58.650001525878906,59.220001220703125,58.40999984741211,58.849998474121094,187400
2016-10-21,55.478336334228516,58.5099983215332,58.959999084472656,57.810001373291016,58.11000061035156,190200
2016-10-24,55.829166412353516,58.880001068115234,59.5099983215332,58.58000183105469,58.869998931884766,170600
2016-10-25,55.42144775390625,58.45000076293945,59.470001220703125,58.20000076293945,58.81999969482422,159000
2016-10-26,55.857608795166016,58.90999984741211,59.47999954223633,58.209999084472656,58.209999084472656,184000
2016-10-27,55.393001556396484,58.41999816894531,59.68000030517578,58.16999816894531,59.18000030517578,214700
2016-10-28,55.50679016113281,58.540000915527344,59.56999969482422,58.470001220703125,58.47999954223633,239200
2016-10-31,55.92399597167969,58.97999954223633,59.380001068115234,58.59000015258789,58.7599983215332,314900
2016-11-01,54.681861877441406,57.66999816894531,59.459999084472656,57.5099983215332,59.2400016784668,222100
2016-11-02,54.473262786865234,57.45000076293945,58.58000183105469,57.43000030517578,57.61000061035156,227500
2016-11-03,54.34051513671875,57.310001373291016,57.900001525878906,57.11000061035156,57.72999954223633,372700
2016-11-04,56.0472526550293,59.11000061035156,59.95000076293945,57.36000061035156,57.599998474121094,377600
2016-11-07,57.31782913208008,60.45000076293945,60.7400016784668,59.5099983215332,60.189998626708984,257800
2016-11-08,56.93854522705078,60.04999923706055,60.880001068115234,59.880001068115234,60.529998779296875,308200
2016-11-09,59.70283889770508,62.849998474121094,63.0,57.09000015258789,59.470001220703125,539500
2016-11-10,60.092308044433594,63.2599983215332,63.7599983215332,62.540000915527344,63.279998779296875,512300
2016-11-11,60.32978439331055,63.5099983215332,64.75,62.900001525878906,63.279998779296875,953400
2016-11-14,61.887664794921875,65.1500015258789,66.30000305175781,64.12000274658203,64.97000122070312,609200
2016-11-15,64.54743957519531,67.94999694824219,67.98999786376953,64.55999755859375,66.0,701000
2016-11-16,64.52845001220703,67.93000030517578,67.94999694824219,66.4000015258789,67.44999694824219,471300
2016-11-17,63.986976623535156,67.36000061035156,68.44000244140625,67.26000213623047,68.0199966430664,591900
2016-11-18,63.901493072509766,67.2699966430664,67.44999694824219,66.7300033569336,67.25,413400
2016-11-21,64.30998992919922,67.69999694824219,67.70999908447266,67.04000091552734,67.4000015258789,357800
2016-11-22,64.4144515991211,67.80999755859375,68.20999908447266,67.66000366210938,68.04000091552734,443600
2016-11-23,64.55695343017578,67.95999908447266,68.9800033569336,67.05000305175781,67.73999786376953,465600
2016-11-25,64.57597351074219,67.9800033569336,67.9800033569336,67.73999786376953,67.94999694824219,191000
2016-11-28,63.92049026489258,67.29000091552734,68.06999969482422,67.19999694824219,67.93000030517578,313500
2016-11-29,64.0059814453125,67.37999725341797,68.44999694824219,67.33999633789062,67.45999908447266,447400
2016-11-30,64.3384780883789,67.7300033569336,68.33999633789062,67.5,67.5,655600
2016-12-01,64.96540832519531,68.38999938964844,68.52999877929688,67.77999877929688,68.13999938964844,521800
2016-12-02,65.48787689208984,68.94000244140625,69.19999694824219,67.91999816894531,68.33000183105469,371600
2016-12-05,65.51637268066406,68.97000122070312,69.97000122070312,68.79000091552734,69.30000305175781,371800
2016-12-06,66.34278106689453,69.83999633789062,69.87000274658203,68.69999694824219,69.05000305175781,373600
2016-12-07,67.53972625732422,71.0999984741211,71.41000366210938,69.62999725341797,70.0,323300
2016-12-08,67.292724609375,70.83999633789062,71.45999908447266,70.56999969482422,71.30999755859375,293600
2016-12-09,66.56128692626953,70.06999969482422,70.77999877929688,70.0,70.76000213623047,267900
2016-12-12,66.7702865600586,70.29000091552734,70.58000183105469,69.31999969482422,69.88999938964844,351500
2016-12-13,67.10272216796875,70.63999938964844,71.11000061035156,69.94999694824219,70.23999786376953,363000
2016-12-14,65.75383758544922,69.22000122070312,71.08000183105469,69.11000061035156,70.38999938964844,331600
2016-12-15,66.62779998779297,70.13999938964844,70.37000274658203,68.88999938964844,69.22000122070312,264300
2016-12-16,65.9913558959961,69.47000122070312,70.9000015258789,69.37999725341797,70.30000305175781,890400
2016-12-19,66.49479675292969,70.0,70.31999969482422,69.25,69.79000091552734,257800
2016-12-20,66.93175506591797,70.45999908447266,70.73999786376953,69.63999938964844,70.1500015258789,197000
2016-12-21,66.57079315185547,70.08000183105469,70.93000030517578,69.94000244140625,70.6500015258789,246600
2016-12-22,66.64679718017578,70.16000366210938,70.41000366210938,69.38999938964844,70.08999633789062,200500
2016-12-23,66.86526489257812,70.38999938964844,70.94000244140625,69.9000015258789,70.19999694824219,117100
2016-12-27,66.73228454589844,70.25,70.62999725341797,70.04000091552734,70.37999725341797,119700
2016-12-28,65.71585845947266,69.18000030517578,70.22000122070312,68.98999786376953,70.22000122070312,160600
2016-12-29,65.76335144042969,69.2300033569336,69.62000274658203,68.66999816894531,69.31999969482422,170200
2016-12-30,65.59237670898438,69.05000305175781,69.44999694824219,68.79000091552734,69.38999938964844,164100
2017-01-03,65.9913558959961,69.47000122070312,70.30000305175781,68.80999755859375,69.83000183105469,212000
2017-01-04,66.67527770996094,70.19000244140625,70.5,69.72000122070312,69.76000213623047,317500
2017-01-05,65.73483276367188,69.19999694824219,70.36000061035156,68.33000183105469,69.94999694824219,267200
2017-01-06,65.72537231445312,69.19000244140625,69.4800033569336,68.56999969482422,68.98999786376953,236800
2017-01-09,64.75643920898438,68.16999816894531,69.19000244140625,67.91000366210938,69.19000244140625,274800
2017-01-10,65.69685363769531,69.16000366210938,69.3499984741211,67.69000244140625,68.0999984741211,256800
2017-01-11,66.17182159423828,69.66000366210938,69.7699966430664,68.97000122070312,69.05000305175781,165400
2017-01-12,65.2789077758789,68.72000122070312,69.4800033569336,67.2699966430664,69.4800033569336,189500
2017-01-13,66.09583282470703,69.58000183105469,69.77999877929688,69.01000213623047,69.01000213623047,173700
2017-01-17,64.51895141601562,67.91999816894531,69.31999969482422,67.81999969482422,69.31999969482422,187400
2017-01-18,65.01293182373047,68.44000244140625,68.55000305175781,67.7699966430664,68.19000244140625,187200
2017-01-19,64.08198547363281,67.45999908447266,68.81999969482422,66.91000366210938,68.44999694824219,282800
2017-01-20,64.2149887084961,67.5999984741211,67.98999786376953,67.19999694824219,67.51000213623047,209800
2017-01-23,62.5051155090332,65.80000305175781,67.9800033569336,65.75,67.33000183105469,329000
2017-01-24,65.91534423828125,69.38999938964844,70.37999725341797,66.93000030517578,68.0,1062900
2017-01-25,65.96283721923828,69.44000244140625,69.69999694824219,69.0,69.69999694824219,361500
2017-01-26,66.7132568359375,70.2300033569336,70.26000213623047,69.1500015258789,69.44000244140625,410700
2017-01-27,66.49479675292969,70.0,70.88999938964844,69.9000015258789,70.13999938964844,218400
2017-01-30,66.52330017089844,70.02999877929688,70.37000274658203,68.19999694824219,69.33999633789062,478000
2017-01-31,66.15283203125,69.63999938964844,70.38999938964844,68.69999694824219,69.68000030517578,373500
2017-02-01,66.0293197631836,69.51000213623047,70.30999755859375,69.0199966430664,69.95999908447266,276700
2017-02-02,65.68736267089844,69.1500015258789,69.37000274658203,68.26000213623047,68.75,323200
2017-02-03,66.80828857421875,70.33000183105469,70.43000030517578,69.55000305175781,69.94000244140625,211500
2017-02-06,66.50431823730469,70.01000213623047,70.2699966430664,69.55999755859375,70.05000305175781,162900
2017-02-07,66.23832702636719,69.7300033569336,70.69000244140625,69.54000091552734,70.25,227600
2017-02-08,65.92485046386719,69.4000015258789,69.81999969482422,69.05000305175781,69.55999755859375,215300
2017-02-09,66.86526489257812,70.38999938964844,70.73999786376953,69.25,70.69999694824219,231200
2017-02-10,66.72279357910156,70.23999786376953,70.83000183105469,69.83999633789062,70.70999908447266,274400
2017-02-13,66.53279113769531,70.04000091552734,70.75,69.95999908447266,70.44999694824219,185900
2017-02-14,66.55180358886719,70.05999755859375,70.11000061035156,69.5,69.72000122070312,204100
2017-02-15,66.98478698730469,70.38999938964844,70.56999969482422,69.63999938964844,69.63999938964844,105100
2017-02-16,66.81349182128906,70.20999908447266,70.69000244140625,69.79000091552734,70.62999725341797,108200
2017-02-17,66.97525787353516,70.37999725341797,70.4000015258789,69.73999786376953,70.06999969482422,183500
2017-02-21,67.74606323242188,71.19000244140625,71.2699966430664,70.30000305175781,70.63999938964844,269400
2017-02-22,67.56525421142578,71.0,71.2300033569336,70.66000366210938,71.08000183105469,196500
2017-02-23,66.63265991210938,70.0199966430664,71.25,69.62000274658203,71.25,165700
2017-02-24,66.69931030273438,70.08999633789062,70.0999984741211,69.41000366210938,69.5,239900
2017-02-27,68.3836669921875,71.86000061035156,71.97000122070312,70.06999969482422,70.19999694824219,606900
2017-02-28,67.04186248779297,70.44999694824219,72.06999969482422,70.41999816894531,72.0,295300
2017-03-01,68.47882843017578,71.95999908447266,72.27999877929688,71.27999877929688,71.27999877929688,374400
2017-03-02,67.38444519042969,70.80999755859375,72.08000183105469,70.70999908447266,72.0,186600
2017-03-03,66.98478698730469,70.38999938964844,71.44000244140625,70.1500015258789,70.80000305175781,355600
2017-03-06,67.1275405883789,70.54000091552734,70.79000091552734,69.7699966430664,70.16999816894531,159600
2017-03-07,66.57560729980469,69.95999908447266,70.91999816894531,69.9000015258789,70.45999908447266,199900
2017-03-08,66.01412200927734,69.37000274658203,70.30000305175781,69.30999755859375,70.08000183105469,143500
2017-03-09,65.1386489868164,68.44999694824219,69.7699966430664,68.31999969482422,69.41999816894531,117900
2017-03-10,64.79605865478516,68.08999633789062,69.19999694824219,67.52999877929688,68.94000244140625,317800
2017-03-13,65.20524597167969,68.5199966430664,68.5999984741211,68.11000061035156,68.1500015258789,134800
2017-03-14,64.67234802246094,67.95999908447266,68.26000213623047,67.31999969482422,68.26000213623047,131100
2017-03-15,65.65251159667969,68.98999786376953,69.13999938964844,68.02999877929688,68.44999694824219,238400
2017-03-16,65.27185821533203,68.58999633789062,69.43000030517578,68.41999816894531,69.08999633789062,174600
2017-03-17,65.50978088378906,68.83999633789062,69.05999755859375,68.23999786376953,68.33000183105469,534800
2017-03-20,65.5383071899414,68.87000274658203,69.29000091552734,68.51000213623047,68.8499984741211,210000
2017-03-21,63.68263626098633,66.91999816894531,69.27999877929688,66.86000061035156,69.27999877929688,266200
2017-03-22,62.66440200805664,65.8499984741211,68.13999938964844,65.6500015258789,66.66999816894531,370400
2017-03-23,63.15925979614258,66.37000274658203,66.87999725341797,65.47000122070312,65.73999786376953,290700
2017-03-24,63.50185775756836,66.7300033569336,67.5,66.37999725341797,66.62999725341797,283200
2017-03-27,63.89200973510742,67.13999938964844,67.3499984741211,65.51000213623047,65.66999816894531,310500
2017-03-28,64.36781311035156,67.63999938964844,67.97000122070312,66.72000122070312,66.93000030517578,175300
2017-03-29,64.34881591796875,67.62000274658203,67.9000015258789,67.26000213623047,67.47000122070312,152000
2017-03-30,65.02447509765625,68.33000183105469,68.36000061035156,67.55000305175781,67.55000305175781,246800
2017-03-31,64.6342544555664,67.91999816894531,68.6500015258789,67.87999725341797,68.20999908447266,327000
2017-04-03,64.88169860839844,68.18000030517578,68.48999786376953,67.0999984741211,68.0999984741211,539900
2017-04-04,65.33847045898438,68.66000366210938,68.75,67.30000305175781,68.05000305175781,422700
2017-04-05,64.624755859375,67.91000366210938,69.44999694824219,67.88999938964844,69.25,388300
2017-04-06,65.44314575195312,68.7699966430664,68.88999938964844,67.37000274658203,68.01000213623047,295500
2017-04-07,65.55733489990234,68.88999938964844,69.3499984741211,68.44999694824219,68.81999969482422,159900
2017-04-10,65.50025177001953,68.83000183105469,69.43000030517578,67.83000183105469,68.94999694824219,112700
2017-04-11,66.15686798095703,69.5199966430664,69.5199966430664,67.20999908447266,68.45999908447266,242400
2017-04-12,64.4629898071289,67.73999786376953,69.5199966430664,67.62999725341797,69.5199966430664,145300
2017-04-13,64.45345306396484,67.7300033569336,68.55999755859375,67.2699966430664,68.38999938964844,219700
2017-04-17,65.4240951538086,68.75,68.83000183105469,67.76000213623047,67.9800033569336,215700
2017-04-18,65.47168731689453,68.80000305175781,69.12000274658203,68.05000305175781,68.41999816894531,252000
2017-04-19,65.77622985839844,69.12000274658203,69.87999725341797,69.11000061035156,69.20999908447266,213900
2017-04-20,64.00619506835938,67.26000213623047,68.5,65.56999969482422,66.0,916500
2017-04-21,63.81588363647461,67.05999755859375,67.62999725341797,66.98999786376953,67.18000030517578,308200
2017-04-24,64.68183898925781,67.97000122070312,68.63999938964844,67.61000061035156,68.0999984741211,318200
2017-04-25,64.8626480102539,68.16000366210938,69.0,68.01000213623047,68.55000305175781,302900
2017-04-26,64.75800323486328,68.05000305175781,68.30999755859375,67.69000244140625,68.0199966430664,390900
2017-04-27,64.30122375488281,67.56999969482422,68.73999786376953,67.47000122070312,68.18000030517578,261200
2017-04-28,64.39635467529297,67.66999816894531,67.97000122070312,67.0,67.7300033569336,410300
2017-05-01,64.87215423583984,68.16999816894531,68.37999725341797,67.29000091552734,67.88999938964844,255400
2017-05-02,64.29169464111328,67.55999755859375,68.3499984741211,67.4000015258789,68.0999984741211,272400
2017-05-03,63.97765350341797,67.2300033569336,67.51000213623047,66.55000305175781,67.23999786376953,479100
2017-05-04,64.0252456665039,67.27999877929688,67.48999786376953,66.9000015258789,67.43000030517578,208800
2017-05-05,64.14894104003906,67.41000366210938,67.72000122070312,66.72000122070312,67.72000122070312,340100
2017-05-08,64.28218841552734,67.55000305175781,67.68000030517578,67.13999938964844,67.31999969482422,470700
2017-05-09,64.00619506835938,67.26000213623047,67.75,66.93000030517578,67.5,306900
2017-05-10,63.55894470214844,66.79000091552734,67.62999725341797,66.75,67.27999877929688,248500
2017-05-11,63.53038024902344,66.76000213623047,67.08000183105469,65.80999755859375,66.62000274658203,239200
2017-05-12,62.95940399169922,66.16000366210938,66.55999755859375,65.83000183105469,66.52999877929688,142000
2017-05-15,64.10137176513672,67.36000061035156,67.44999694824219,66.36000061035156,66.41000366210938,304200
2017-05-16,64.11090850830078,67.37000274658203,67.58999633789062,66.66999816894531,67.33000183105469,343300
2017-05-17,63.2639274597168,66.4800033569336,66.87999725341797,66.16000366210938,66.30999755859375,501900
2017-05-18,63.240108489990234,66.33000183105469,66.62999725341797,65.22000122070312,66.11000061035156,406900
2017-05-19,63.72636413574219,66.83999633789062,67.33000183105469,66.18000030517578,66.5,291600
2017-05-22,64.03143310546875,67.16000366210938,67.45999908447266,66.63999938964844,67.0199966430664,247500
2017-05-23,64.3555908203125,67.5,67.70999908447266,66.33000183105469,67.37000274658203,205900
2017-05-24,64.88951110839844,68.05999755859375,68.62000274658203,66.22000122070312,67.5999984741211,222400
2017-05-25,65.41389465332031,68.61000061035156,68.76000213623047,67.81999969482422,68.2699966430664,229600
2017-05-26,65.1087875366211,68.29000091552734,68.62999725341797,68.20999908447266,68.54000091552734,136000
2017-05-30,64.6225814819336,67.77999877929688,68.18000030517578,67.55000305175781,68.1500015258789,125700
2017-05-31,64.94672393798828,68.12000274658203,68.37000274658203,66.79000091552734,67.9000015258789,278600
2017-06-01,65.91919708251953,69.13999938964844,69.16000366210938,67.81999969482422,68.33999633789062,194900
2017-06-02,66.38636016845703,69.62999725341797,70.55999755859375,68.80000305175781,69.23999786376953,242300
2017-06-05,66.38636016845703,69.62999725341797,70.19999694824219,69.33000183105469,69.66999816894531,215900
2017-06-06,66.04315948486328,69.2699966430664,69.83999633789062,68.62999725341797,69.1500015258789,225000
2017-06-07,66.0907974243164,69.31999969482422,70.25,68.75,69.38999938964844,280400
2017-06-08,67.23493194580078,70.5199966430664,70.70999908447266,68.88999938964844,69.26000213623047,241300
2017-06-09,67.58769226074219,70.88999938964844,71.4000015258789,70.5999984741211,70.72000122070312,274900
2017-06-12,66.80587005615234,70.06999969482422,71.5,69.68000030517578,70.95999908447266,351100
2017-06-13,66.58658599853516,69.83999633789062,70.29000091552734,69.54000091552734,70.1500015258789,211100
2017-06-14,66.7295913696289,69.98999786376953,70.5199966430664,69.37999725341797,69.86000061035156,432900
2017-06-15,65.40435028076172,68.5999984741211,69.69000244140625,68.36000061035156,69.05000305175781,408700
2017-06-16,65.91919708251953,69.13999938964844,69.18000030517578,67.11000061035156,67.68000030517578,692600
2017-06-19,65.77619934082031,68.98999786376953,69.94000244140625,68.29000091552734,69.51000213623047,315400
2017-06-20,64.85135650634766,68.0199966430664,68.80999755859375,67.3499984741211,68.80999755859375,274400
2017-06-21,63.85982131958008,66.9800033569336,68.37000274658203,66.91999816894531,68.23999786376953,206800
2017-06-22,65.75711822509766,68.97000122070312,69.04000091552734,67.2699966430664,67.68000030517578,407400
2017-06-23,65.69039154052734,68.9000015258789,69.1500015258789,67.77999877929688,69.01000213623047,325700
2017-06-26,65.67133331298828,68.87999725341797,69.2699966430664,68.5,68.91000366210938,243100
2017-06-27,64.85135650634766,68.0199966430664,69.0,67.9800033569336,68.77999877929688,268000
2017-06-28,65.16600799560547,68.3499984741211,68.88999938964844,68.02999877929688,68.52999877929688,351400
2017-06-29,64.1839828491211,67.31999969482422,68.55000305175781,67.0999984741211,68.55000305175781,265600
2017-06-30,64.43187713623047,67.58000183105469,68.31999969482422,66.55000305175781,67.52999877929688,220300
2017-07-03,64.71788787841797,67.87999725341797,68.44000244140625,67.45999908447266,67.87000274658203,134000
2017-07-05,65.03251647949219,68.20999908447266,68.29000091552734,67.44999694824219,67.62000274658203,263400
2017-07-06,64.02188873291016,67.1500015258789,68.3499984741211,66.8499984741211,67.9800033569336,282600
2017-07-07,64.1839828491211,67.31999969482422,67.86000061035156,67.05000305175781,67.38999938964844,338300
2017-07-10,64.34607696533203,67.48999786376953,67.8499984741211,66.58000183105469,66.94000244140625,365000
2017-07-11,64.99436950683594,68.16999816894531,68.23999786376953,67.04000091552734,67.5,359500
2017-07-12,64.73695373535156,67.9000015258789,69.13999938964844,67.8499984741211,68.55000305175781,257300
2017-07-13,64.33653259277344,67.4800033569336,67.83999633789062,67.04000091552734,67.80999755859375,155900
2017-07-14,66.31963348388672,69.55999755859375,69.81999969482422,67.72000122070312,68.02999877929688,283000
2017-07-17,65.50923156738281,68.70999908447266,69.75,68.5199966430664,69.45999908447266,269800
2017-07-18,65.12784576416016,68.30999755859375,68.77999877929688,67.44000244140625,68.38999938964844,163300
2017-07-19,66.07174682617188,69.30000305175781,69.55000305175781,68.01000213623047,68.4800033569336,230300
2017-07-20,66.18614959716797,69.41999816894531,69.70999908447266,69.20999908447266,69.48999786376953,110100
2017-07-21,65.3566665649414,68.55000305175781,69.87000274658203,68.2699966430664,69.87000274658203,265800
2017-07-24,65.67133331298828,68.87999725341797,69.08999633789062,68.02999877929688,68.52999877929688,404500
2017-07-25,68.97966766357422,72.3499984741211,72.97000122070312,70.37000274658203,71.58000183105469,941500
2017-07-26,67.13005828857422,70.41000366210938,72.5999984741211,70.3499984741211,72.20999908447266,313300
2017-07-27,67.14913177490234,70.43000030517578,70.72000122070312,70.05999755859375,70.08000183105469,194500
2017-07-28,66.99655151367188,70.2699966430664,70.7699966430664,69.76000213623047,70.04000091552734,154300
2017-07-31,66.68193817138672,69.94000244140625,70.66999816894531,69.61000061035156,70.4000015258789,191900
2017-08-01,66.7295913696289,69.98999786376953,70.5,69.66999816894531,70.26000213623047,280300
2017-08-02,66.4721908569336,69.72000122070312,70.36000061035156,69.33000183105469,69.88999938964844,223500
2017-08-03,66.42453002929688,69.66999816894531,70.45999908447266,69.16000366210938,69.5,261900
2017-08-04,66.58658599853516,69.83999633789062,69.94999694824219,69.41999816894531,69.80999755859375,116600
2017-08-07,67.43514251708984,70.7300033569336,71.08000183105469,69.93000030517578,69.98999786376953,210000
2017-08-08,67.60674285888672,70.91000366210938,71.73999786376953,70.5,70.56999969482422,204200
2017-08-09,67.15865325927734,70.44000244140625,71.02999877929688,70.13999938964844,70.44999694824219,181600
2017-08-10,66.2052230834961,69.44000244140625,70.37999725341797,69.38999938964844,70.12000274658203,353700
2017-08-11,66.23382568359375,69.47000122070312,70.12999725341797,69.43000030517578,69.68000030517578,209900
2017-08-14,66.61519622802734,69.87000274658203,70.37999725341797,69.6500015258789,70.01000213623047,224500
2017-08-15,66.45309448242188,69.69999694824219,70.38999938964844,69.58000183105469,69.98999786376953,231000
2017-08-16,66.40545654296875,69.6500015258789,70.33999633789062,69.48999786376953,69.86000061035156,230000
2017-08-17,64.19351196289062,67.33000183105469,69.5,67.30000305175781,69.41000366210938,321000
2017-08-18,64.81916809082031,67.86000061035156,67.91000366210938,65.76000213623047,66.37999725341797,325800
2017-08-21,64.51347351074219,67.54000091552734,68.19999694824219,67.3499984741211,67.91999816894531,203600
2017-08-22,65.02931213378906,68.08000183105469,68.19000244140625,67.41000366210938,67.83000183105469,153800
2017-08-23,64.24606323242188,67.26000213623047,67.91000366210938,67.0999984741211,67.5,246500
2017-08-24,64.21739196777344,67.2300033569336,67.5999984741211,66.88999938964844,67.5999984741211,88500
2017-08-25,64.42753601074219,67.44999694824219,67.69000244140625,67.04000091552734,67.55000305175781,121600
2017-08-28,64.54217529296875,67.56999969482422,67.94999694824219,67.18000030517578,67.6500015258789,267600
2017-08-29,65.15347290039062,68.20999908447266,68.29000091552734,67.08000183105469,67.3499984741211,106800
2017-08-30,65.87942504882812,68.97000122070312,69.05999755859375,67.91000366210938,68.05000305175781,196100
2017-08-31,67.06385040283203,70.20999908447266,70.51000213623047,68.91000366210938,69.30999755859375,212600
2017-09-01,67.12116241455078,70.2699966430664,70.87999725341797,68.77999877929688,70.41999816894531,137800
2017-09-05,66.9874496459961,70.12999725341797,70.7699966430664,69.91000366210938,70.5,270400
2017-09-06,67.1594009399414,70.30999755859375,70.66999816894531,69.66000366210938,70.16000366210938,309600
2017-09-07,67.05430603027344,70.19999694824219,70.47000122070312,69.58000183105469,70.47000122070312,153900
2017-09-08,67.66564178466797,70.83999633789062,70.97000122070312,69.37999725341797,70.05000305175781,146000
2017-09-11,67.85668182373047,71.04000091552734,71.52999877929688,70.33999633789062,71.22000122070312,149500
2017-09-12,68.1336669921875,71.33000183105469,71.45999908447266,70.87000274658203,71.20999908447266,170100
2017-09-13,69.25125122070312,72.5,72.66999816894531,71.0,71.30000305175781,284100
2017-09-14,69.11750030517578,72.36000061035156,72.75,72.04000091552734,72.48999786376953,283300
2017-09-15,69.34676361083984,72.5999984741211,73.0,72.05999755859375,72.4800033569336,557100
2017-09-18,70.14912414550781,73.44000244140625,73.61000061035156,72.66000366210938,72.83000183105469,150800
2017-09-19,70.65538787841797,73.97000122070312,74.11000061035156,73.43000030517578,73.7300033569336,136200
2017-09-20,71.41951751708984,74.7699966430664,74.95999908447266,73.01000213623047,73.88999938964844,203200
2017-09-21,71.42909240722656,74.77999877929688,75.12999725341797,74.45999908447266,74.61000061035156,184000
2017-09-22,72.54664611816406,75.94999694824219,76.22000122070312,74.83000183105469,74.9800033569336,550500
2017-09-25,73.3490219116211,76.79000091552734,76.83999633789062,76.0,76.08999633789062,309000
2017-09-26,73.73108673095703,77.19000244140625,77.47000122070312,76.58000183105469,76.93000030517578,203100
2017-09-27,75.20207977294922,78.7300033569336,78.94999694824219,76.72000122070312,77.31999969482422,394500
2017-09-28,74.39971923828125,77.88999938964844,78.54000091552734,77.45999908447266,78.4000015258789,251100
2017-09-29,74.13225555419922,77.61000061035156,78.0,77.20999908447266,77.7300033569336,207100
2017-10-02,75.43130493164062,78.97000122070312,79.0,76.77999877929688,77.41999816894531,195300
2017-10-03,75.90892791748047,79.47000122070312,79.48999786376953,78.44000244140625,78.83999633789062,197500
2017-10-04,75.99488067626953,79.55999755859375,79.7300033569336,79.04000091552734,79.55000305175781,207900
2017-10-05,75.78473663330078,79.33999633789062,79.87999725341797,79.12999725341797,79.79000091552734,214600
2017-10-06,75.67012023925781,79.22000122070312,79.30999755859375,77.73999786376953,79.12000274658203,150800
2017-10-09,75.52684783935547,79.06999969482422,79.43000030517578,78.91000366210938,79.33999633789062,84600
2017-10-10,75.4504165649414,78.98999786376953,79.5,78.87000274658203,79.5,149900
2017-10-11,75.67970275878906,79.2300033569336,79.36000061035156,78.7300033569336,79.16000366210938,170100
2017-10-12,76.41517639160156,80.0,80.91999816894531,79.37000274658203,79.41999816894531,323000
2017-10-13,76.87366485595703,80.4800033569336,80.62999725341797,79.69999694824219,80.47000122070312,248000
2017-10-16,76.61576843261719,80.20999908447266,80.94000244140625,79.98999786376953,80.47000122070312,179400
2017-10-17,75.77520751953125,79.33000183105469,80.75,79.16000366210938,79.95999908447266,194600
2017-10-18,76.63485717773438,80.2300033569336,80.45999908447266,78.47000122070312,79.68000030517578,190800
2017-10-19,76.9023208618164,80.51000213623047,80.51000213623047,79.44000244140625,79.80999755859375,128100
2017-10-20,77.71421813964844,81.36000061035156,81.58000183105469,80.5,80.83000183105469,174000
2017-10-23,77.18890380859375,80.80999755859375,81.77999877929688,80.72000122070312,81.37000274658203,99800
2017-10-24,77.18890380859375,80.80999755859375,81.47000122070312,80.44999694824219,81.20999908447266,207600
2017-10-25,76.68263244628906,80.27999877929688,80.73999786376953,79.6500015258789,80.5199966430664,206200
2017-10-26,74.98239135742188,78.5,79.29000091552734,74.05000305175781,77.26000213623047,338800
2017-10-27,75.57461547851562,79.12000274658203,79.12999725341797,77.1500015258789,78.30999755859375,284000
2017-10-30,74.61942291259766,78.12000274658203,79.33999633789062,77.69999694824219,79.06999969482422,311500
2017-10-31,73.86482238769531,77.33000183105469,78.51000213623047,77.30999755859375,78.27999877929688,349600
2017-11-01,74.3901596069336,77.87999725341797,78.80000305175781,77.38999938964844,78.05000305175781,196400
2017-11-02,74.81999969482422,78.33000183105469,78.86000061035156,77.2699966430664,77.80999755859375,289300
2017-11-03,74.49522399902344,77.98999786376953,78.43000030517578,77.41999816894531,78.25,265000
2017-11-06,74.93463134765625,78.44999694824219,78.56999969482422,77.5199966430664,77.94999694824219,345400
2017-11-07,74.73402404785156,78.23999786376953,78.66000366210938,78.13999938964844,78.5,314100
2017-11-08,73.8074951171875,77.2699966430664,78.1500015258789,77.05999755859375,77.7300033569336,346200
2017-11-09,78.37330627441406,82.05000305175781,82.94000244140625,74.83000183105469,75.36000061035156,931300
2017-11-10,75.78555297851562,79.22000122070312,81.93000030517578,78.68000030517578,81.56999969482422,425300
2017-11-13,76.09169006347656,79.54000091552734,80.12000274658203,78.08999633789062,78.48999786376953,538400
2017-11-14,74.91500854492188,78.30999755859375,80.44000244140625,78.0,79.1500015258789,448300
2017-11-15,73.80529022216797,77.1500015258789,78.16000366210938,76.91000366210938,78.0,464000
2017-11-16,74.43669891357422,77.80999755859375,78.19999694824219,75.0,77.4000015258789,611600
2017-11-17,73.38439178466797,76.70999908447266,77.73999786376953,76.69000244140625,77.37000274658203,239200
2017-11-20,73.90097045898438,77.25,77.3499984741211,76.52999877929688,76.9000015258789,391300
2017-11-21,73.91055297851562,77.26000213623047,78.44000244140625,77.11000061035156,77.62999725341797,312500
2017-11-22,73.34610748291016,76.66999816894531,77.80000305175781,76.5999984741211,77.37000274658203,145500
2017-11-24,72.8965072631836,76.19999694824219,76.87999725341797,75.23999786376953,76.27999877929688,413300
2017-11-27,73.06867980957031,76.37999725341797,76.75,76.20999908447266,76.20999908447266,506800
2017-11-28,74.00621032714844,77.36000061035156,77.4800033569336,76.1500015258789,76.5,351300
2017-11-29,73.3365478515625,76.66000366210938,77.52999877929688,76.5,77.30999755859375,340600
2017-11-30,73.99664306640625,77.3499984741211,77.88999938964844,76.56999969482422,76.93000030517578,373900
2017-12-01,73.1739501953125,76.48999786376953,77.52999877929688,74.7300033569336,77.3499984741211,332600
2017-12-04,73.40352630615234,76.7300033569336,77.7300033569336,76.56999969482422,77.25,319700
2017-12-05,72.59994506835938,75.88999938964844,76.8499984741211,75.75,76.80999755859375,174900
2017-12-06,72.4468994140625,75.7300033569336,76.5199966430664,75.41999816894531,75.72000122070312,182700
2017-12-07,72.4851303100586,75.7699966430664,76.73999786376953,75.58000183105469,75.70999908447266,364400
2017-12-08,71.90158081054688,75.16000366210938,76.44000244140625,74.80999755859375,76.12000274658203,301700
2017-12-11,71.2606430053711,74.48999786376953,75.2699966430664,74.27999877929688,75.2699966430664,1032700
2017-12-12,72.4564437866211,75.73999786376953,76.2300033569336,74.58000183105469,75.01000213623047,294500
2017-12-13,73.22175598144531,76.54000091552734,77.12999725341797,75.76000213623047,75.76000213623047,264600
2017-12-14,72.92520141601562,76.2300033569336,77.20999908447266,76.05000305175781,76.37999725341797,282800
2017-12-15,73.67139434814453,77.01000213623047,78.02999877929688,76.52999877929688,76.52999877929688,873800
2017-12-18,74.41756439208984,77.79000091552734,78.68000030517578,77.47000122070312,77.80000305175781,264000
2017-12-19,73.97753143310547,77.33000183105469,78.37000274658203,77.2699966430664,78.04000091552734,182900
2017-12-20,74.4271240234375,77.80000305175781,78.26000213623047,77.5999984741211,77.95999908447266,401400
2017-12-21,74.56108093261719,77.94000244140625,78.30999755859375,76.27999877929688,76.27999877929688,218100
2017-12-22,74.15925598144531,77.5199966430664,77.93000030517578,77.19000244140625,77.8499984741211,111600
2017-12-26,74.00621032714844,77.36000061035156,77.72000122070312,77.33999633789062,77.5,183100
2017-12-27,73.80529022216797,77.1500015258789,77.6500015258789,76.94999694824219,77.38999938964844,308300
2017-12-28,73.83403778076172,77.18000030517578,77.2300033569336,76.9800033569336,77.2300033569336,93900
2017-12-29,73.22175598144531,76.54000091552734,77.33000183105469,76.5199966430664,77.18000030517578,218600
2018-01-02,73.58527374267578,76.91999816894531,76.95999908447266,75.83999633789062,76.44999694824219,265900
2018-01-03,74.1975326538086,77.55999755859375,77.81999969482422,76.80000305175781,76.91000366210938,465800
2018-01-04,75.5081558227539,78.93000030517578,79.16000366210938,77.48999786376953,77.80000305175781,373400
2018-01-05,76.24473571777344,79.69999694824219,79.86000061035156,79.06999969482422,79.41999816894531,300700
2018-01-08,76.81877136230469,80.30000305175781,80.9000015258789,79.56999969482422,79.61000061035156,463200
2018-01-09,75.74727630615234,79.18000030517578,80.37000274658203,78.66999816894531,80.26000213623047,231900
2018-01-10,76.52218627929688,79.98999786376953,80.12999725341797,78.72000122070312,79.02999877929688,637900
2018-01-11,79.06689453125,82.6500015258789,82.66000366210938,80.27999877929688,80.27999877929688,398800
2018-01-12,79.79393768310547,83.41000366210938,84.2300033569336,82.66000366210938,82.7300033569336,367400
2018-01-16,77.28750610351562,80.79000091552734,83.91999816894531,80.73999786376953,83.47000122070312,327600
2018-01-17,76.67525482177734,80.1500015258789,81.38999938964844,79.80000305175781,81.12000274658203,282500
2018-01-18,75.89080810546875,79.33000183105469,80.72000122070312,79.13999938964844,80.27999877929688,252500
2018-01-19,77.01007843017578,80.5,80.55000305175781,78.91999816894531,79.18000030517578,459300
2018-01-22,77.50753784179688,81.0199966430664,81.05000305175781,79.75,80.04000091552734,498400
2018-01-23,71.66242218017578,74.91000366210938,80.44000244140625,74.33999633789062,79.0,1625700
2018-01-24,71.05017852783203,74.2699966430664,75.44999694824219,72.2300033569336,75.44000244140625,808200
2018-01-25,70.4188003540039,73.61000061035156,74.69000244140625,72.12999725341797,74.61000061035156,697200
2018-01-26,72.65734100341797,75.94999694824219,76.33999633789062,73.20999908447266,74.23999786376953,610300
2018-01-29,71.79637145996094,75.05000305175781,76.9800033569336,75.0199966430664,75.80000305175781,369900
2018-01-30,70.8397445678711,74.05000305175781,75.08999633789062,73.23999786376953,74.58999633789062,394400
2018-01-31,74.15925598144531,77.5199966430664,78.88999938964844,73.3499984741211,74.62999725341797,1779600
2018-02-01,77.81367492675781,81.33999633789062,81.8499984741211,76.9000015258789,76.9000015258789,1543100
2018-02-02,78.22502899169922,81.7699966430664,83.70999908447266,79.55999755859375,80.55999755859375,1167400
2018-02-05,74.96285247802734,78.36000061035156,83.18000030517578,78.30999755859375,80.76000213623047,1401000
2018-02-06,75.53684997558594,78.95999908447266,81.08000183105469,76.13999938964844,78.16000366210938,1370800
2018-02-07,73.82445526123047,77.16999816894531,80.44999694824219,75.6500015258789,79.2699966430664,1310200
2018-02-08,79.3347396850586,82.93000030517578,89.30000305175781,77.5,77.5,6412900
2018-02-09,68.51505279541016,71.62000274658203,75.94999694824219,71.29000091552734,75.25,3038800
2018-02-12,68.23764038085938,71.33000183105469,72.30999755859375,70.80999755859375,71.27999877929688,1386800
2018-02-13,66.86006164550781,69.88999938964844,71.87999725341797,69.13999938964844,71.0999984741211,1161300
2018-02-14,69.10816955566406,72.23999786376953,72.41999816894531,69.19000244140625,69.22000122070312,679600
2018-02-15,69.71086883544922,72.87000274658203,73.44000244140625,71.5999984741211,72.69999694824219,370900
2018-02-16,70.8543930053711,73.91999816894531,74.19999694824219,72.36000061035156,72.36000061035156,730800
2018-02-20,70.46138763427734,73.51000213623047,74.9800033569336,73.44000244140625,74.01000213623047,499600
2018-02-21,70.70103454589844,73.76000213623047,74.73999786376953,73.06999969482422,73.12000274658203,467700
2018-02-22,70.22176361083984,73.26000213623047,74.83999633789062,73.0999984741211,74.2699966430664,393400
2018-02-23,69.87670135498047,72.9000015258789,73.98999786376953,72.41999816894531,73.75,304600
2018-02-26,69.7712631225586,72.79000091552734,73.41000366210938,72.3499984741211,73.05000305175781,464000
2018-02-27,68.64019775390625,71.61000061035156,73.05999755859375,71.54000091552734,72.75,360500
2018-02-28,67.89253997802734,70.83000183105469,72.55000305175781,70.76000213623047,71.56999969482422,290000
2018-03-01,67.48036193847656,70.4000015258789,71.51000213623047,69.62999725341797,70.93000030517578,468000
2018-03-02,67.40369415283203,70.31999969482422,70.52999877929688,68.55999755859375,69.88999938964844,411700
2018-03-05,68.42930603027344,71.38999938964844,71.58000183105469,69.30000305175781,70.11000061035156,590200
2018-03-06,69.64665222167969,72.66000366210938,72.79000091552734,71.27999877929688,71.98999786376953,274500
2018-03-07,69.96295166015625,72.98999786376953,73.45999908447266,71.81999969482422,72.30000305175781,425800
2018-03-08,69.87670135498047,72.9000015258789,73.73999786376953,71.38999938964844,73.45999908447266,402300
2018-03-09,71.80333709716797,74.91000366210938,75.0,73.18000030517578,73.54000091552734,406400
2018-03-12,71.41992950439453,74.51000213623047,75.62999725341797,74.1500015258789,74.87000274658203,253500
2018-03-13,71.3144760131836,74.4000015258789,75.62999725341797,74.06999969482422,74.87000274658203,163900
2018-03-14,70.74895477294922,73.80999755859375,74.93000030517578,73.04000091552734,74.87999725341797,179400
2018-03-15,70.81603240966797,73.87999725341797,74.41000366210938,73.30000305175781,74.08999633789062,142000
2018-03-16,70.95984649658203,74.02999877929688,74.55000305175781,73.31999969482422,73.91000366210938,605200
2018-03-19,70.76811218261719,73.83000183105469,74.83999633789062,72.69000244140625,73.61000061035156,244400
2018-03-20,69.96295166015625,72.98999786376953,74.2699966430664,72.98999786376953,73.72000122070312,245100
2018-03-21,70.82563018798828,73.88999938964844,74.36000061035156,73.02999877929688,73.18000030517578,215900
2018-03-22,69.04277038574219,72.02999877929688,74.47000122070312,71.98999786376953,73.2300033569336,313200
2018-03-23,67.7870864868164,70.72000122070312,72.12999725341797,70.66999816894531,72.12999725341797,252900
2018-03-26,69.1482162475586,72.13999938964844,73.93000030517578,70.68000030517578,71.70999908447266,273700
2018-03-27,68.189697265625,71.13999938964844,72.44000244140625,70.83000183105469,72.37000274658203,194300
2018-03-28,68.03632354736328,70.9800033569336,71.9000015258789,70.54000091552734,71.31999969482422,173100
2018-03-29,68.6881332397461,71.66000366210938,72.19000244140625,70.63999938964844,71.44000244140625,255900
2018-04-02,66.74231719970703,69.62999725341797,72.97000122070312,68.94999694824219,71.2699966430664,257000
2018-04-03,68.80313110351562,71.77999877929688,71.79000091552734,69.86000061035156,70.1500015258789,392200
2018-04-04,68.9085693359375,71.88999938964844,72.06999969482422,70.51000213623047,70.51000213623047,196900
2018-04-05,69.69454193115234,72.70999908447266,72.94999694824219,72.08000183105469,72.5,322500
2018-04-06,68.13217163085938,71.08000183105469,72.91999816894531,70.48999786376953,72.31999969482422,157100
2018-04-09,70.40387725830078,73.44999694824219,74.8499984741211,71.18000030517578,71.18000030517578,653800
2018-04-10,72.25384521484375,75.37999725341797,76.56999969482422,73.98999786376953,74.88999938964844,564000
2018-04-11,71.06525421142578,74.13999938964844,75.41000366210938,73.79000091552734,74.45999908447266,313300
2018-04-12,71.26657104492188,74.3499984741211,77.87000274658203,73.86000061035156,73.87999725341797,325800
2018-04-13,70.97900390625,74.05000305175781,74.83999633789062,73.54000091552734,74.72000122070312,219700
2018-04-16,71.88960266113281,75.0,75.02999877929688,72.80999755859375,73.93000030517578,207300
2018-04-17,71.60204315185547,74.69999694824219,75.55999755859375,74.6500015258789,75.37999725341797,325000
2018-04-18,72.60848236083984,75.75,76.16999816894531,74.62999725341797,75.30000305175781,308100
2018-04-19,72.3017578125,75.43000030517578,76.56999969482422,75.30000305175781,75.33000183105469,197000
2018-04-20,71.76499938964844,74.87000274658203,75.41999816894531,74.19999694824219,74.87999725341797,326400
2018-04-23,70.91191864013672,73.9800033569336,75.44999694824219,73.69000244140625,74.87000274658203,271400
2018-04-24,70.95984649658203,74.02999877929688,80.30000305175781,72.58999633789062,79.5,570500
2018-04-25,70.93108367919922,74.0,74.19999694824219,72.93000030517578,73.76000213623047,362500
2018-04-26,70.4901351928711,73.54000091552734,74.16000366210938,72.69999694824219,74.16000366210938,228400
2018-04-27,69.98213195800781,73.01000213623047,74.41000366210938,72.58000183105469,73.68000030517578,165600
2018-04-30,68.95650482177734,71.94000244140625,73.69999694824219,71.87000274658203,73.27999877929688,187900
2018-05-01,69.06195068359375,72.05000305175781,72.20999908447266,70.66000366210938,72.01000213623047,287100
2018-05-02,69.1290512084961,72.12000274658203,72.72000122070312,71.08000183105469,71.86000061035156,126500
2018-05-03,68.46766662597656,71.43000030517578,72.37000274658203,70.7699966430664,71.88999938964844,158400
2018-05-04,69.10987091064453,72.0999984741211,72.55000305175781,70.6500015258789,71.06999969482422,136300
2018-05-07,69.79042053222656,72.80999755859375,73.26000213623047,72.0999984741211,72.0999984741211,262300
2018-05-08,70.55726623535156,73.61000061035156,73.66000366210938,72.80999755859375,72.80999755859375,353300
2018-05-09,70.91191864013672,73.9800033569336,74.2300033569336,73.30000305175781,73.97000122070312,198100
2018-05-10,70.79689025878906,73.86000061035156,74.98999786376953,73.5,74.20999908447266,215500
2018-05-11,70.86396789550781,73.93000030517578,74.31999969482422,73.52999877929688,73.9800033569336,123600
2018-05-14,70.46138763427734,73.51000213623047,74.16000366210938,73.27999877929688,73.9800033569336,168800
2018-05-15,70.63394165039062,73.69000244140625,73.87999725341797,72.88999938964844,73.0,166900
2018-05-16,71.42951965332031,74.5199966430664,74.5999984741211,73.43000030517578,73.94000244140625,184500
2018-05-17,72.38804626464844,75.5199966430664,75.62999725341797,74.11000061035156,74.41999816894531,190300
2018-05-18,72.05480194091797,75.02999877929688,76.5,75.02999877929688,75.66999816894531,289100
2018-05-21,73.38966369628906,76.41999816894531,76.52999877929688,75.33000183105469,75.5199966430664,167700
2018-05-22,72.17005157470703,75.1500015258789,76.62000274658203,74.93000030517578,76.41000366210938,207500
2018-05-23,72.09320068359375,75.06999969482422,75.45999908447266,74.38999938964844,75.16000366210938,106900
2018-05-24,72.17005157470703,75.1500015258789,75.2300033569336,74.62999725341797,75.05999755859375,194700
2018-05-25,71.7571029663086,74.72000122070312,75.33000183105469,74.58000183105469,75.1500015258789,124900
2018-05-29,71.728271484375,74.69000244140625,75.2300033569336,74.16000366210938,74.16000366210938,206200
2018-05-30,73.55293273925781,76.58999633789062,76.91000366210938,74.33000183105469,75.04000091552734,231100
2018-05-31,72.76544189453125,75.7699966430664,76.62999725341797,75.41999816894531,76.62999725341797,317100
2018-06-01,72.95750427246094,75.97000122070312,76.80999755859375,74.97000122070312,76.22000122070312,207100
2018-06-04,73.22640228271484,76.25,76.87000274658203,75.81999969482422,76.52999877929688,177100
2018-06-05,73.5145492553711,76.55000305175781,77.0,75.86000061035156,76.08000183105469,158800
2018-06-06,74.45564270019531,77.52999877929688,77.55000305175781,76.25,76.55000305175781,197400
2018-06-07,74.9358139038086,78.02999877929688,78.33000183105469,77.58999633789062,77.58999633789062,210800
2018-06-08,75.89617156982422,79.02999877929688,79.1500015258789,77.98999786376953,78.16000366210938,241300
2018-06-11,76.05944061279297,79.19999694824219,79.4000015258789,78.76000213623047,79.0199966430664,165400
2018-06-12,75.49283599853516,78.61000061035156,79.16999816894531,78.12000274658203,79.11000061035156,218900
2018-06-13,74.9838638305664,78.08000183105469,78.68000030517578,77.44000244140625,78.68000030517578,233900
2018-06-14,75.56967163085938,78.69000244140625,78.75,77.86000061035156,78.4000015258789,187900
2018-06-15,75.72332763671875,78.8499984741211,79.0999984741211,77.62999725341797,78.33000183105469,442900
2018-06-18,75.76173400878906,78.88999938964844,79.37000274658203,78.4800033569336,78.4800033569336,266100
2018-06-19,74.7725601196289,77.86000061035156,79.06999969482422,76.69999694824219,78.55000305175781,232700
2018-06-20,75.60807800292969,78.7300033569336,78.98999786376953,77.41000366210938,77.91999816894531,245400
2018-06-21,74.58052062988281,77.66000366210938,78.9800033569336,77.44000244140625,78.62000274658203,177400
2018-06-22,74.66693115234375,77.75,78.08000183105469,77.3499984741211,78.0,410300
2018-06-25,73.26483917236328,76.29000091552734,77.38999938964844,76.19000244140625,77.38999938964844,290000
2018-06-26,73.73542022705078,76.77999877929688,76.94999694824219,76.26000213623047,76.51000213623047,193300
2018-06-27,73.01514434814453,76.02999877929688,77.30999755859375,75.95999908447266,76.87000274658203,136900
2018-06-28,72.86149597167969,75.87000274658203,76.1500015258789,75.04000091552734,75.98999786376953,152900
2018-06-29,73.81221771240234,76.86000061035156,77.58999633789062,75.7699966430664,76.0199966430664,218100
2018-07-02,73.22640228271484,76.25,76.55000305175781,75.83000183105469,76.36000061035156,259100
2018-07-03,73.7834243774414,76.83000183105469,77.81999969482422,76.4000015258789,76.70999908447266,91200
2018-07-05,74.13874816894531,77.19999694824219,77.23999786376953,76.36000061035156,77.05000305175781,160000
2018-07-06,74.91664123535156,78.01000213623047,78.19000244140625,77.08000183105469,77.23999786376953,153300
2018-07-09,75.9153823852539,79.05000305175781,79.38999938964844,78.2699966430664,78.2699966430664,165800
2018-07-10,75.77135467529297,78.9000015258789,79.58000183105469,78.16999816894531,79.04000091552734,139600
2018-07-11,75.56967163085938,78.69000244140625,79.0999984741211,78.0199966430664,78.70999908447266,276600
2018-07-12,77.08700561523438,80.2699966430664,80.41000366210938,78.81999969482422,79.33999633789062,154500
2018-07-13,77.0197982788086,80.19999694824219,81.18000030517578,79.97000122070312,79.97000122070312,154600
2018-07-16,76.7892837524414,79.95999908447266,80.58000183105469,79.5,80.43000030517578,132500
2018-07-17,77.12541961669922,80.30999755859375,80.79000091552734,79.69999694824219,79.69999694824219,99500
2018-07-18,77.95130920410156,81.16999816894531,81.27999877929688,80.01000213623047,80.30000305175781,157200
2018-07-19,78.4218978881836,81.66000366210938,81.79000091552734,80.81999969482422,80.94999694824219,244700
2018-07-20,79.05571746826172,82.31999969482422,82.97000122070312,80.83999633789062,81.61000061035156,223900
2018-07-23,78.4218978881836,81.66000366210938,82.4000015258789,81.38999938964844,82.02999877929688,227900
2018-07-24,79.43024444580078,82.70999908447266,82.80999755859375,81.66000366210938,82.47000122070312,230000
2018-07-25,80.39059448242188,83.70999908447266,83.87999725341797,82.25,83.05999755859375,163500
2018-07-26,81.29332733154297,84.6500015258789,85.26000213623047,83.95999908447266,84.16999816894531,216200
2018-07-27,79.34381866455078,82.62000274658203,84.9800033569336,82.41000366210938,84.6500015258789,230300
2018-07-30,77.69202423095703,80.9000015258789,83.19000244140625,80.66999816894531,82.58999633789062,265700
2018-07-31,79.91041564941406,83.20999908447266,83.73999786376953,80.19999694824219,82.69000244140625,471500
2018-08-01,76.86612701416016,80.04000091552734,83.0,78.20999908447266,82.6500015258789,494200
2018-08-02,75.78093719482422,78.91000366210938,80.55000305175781,78.80000305175781,79.68000030517578,286800
2018-08-03,75.14710998535156,78.25,79.36000061035156,77.58000183105469,79.19000244140625,214200
2018-08-06,75.43522644042969,78.55000305175781,78.8499984741211,78.12000274658203,78.30999755859375,214300
2018-08-07,76.4051513671875,79.55999755859375,80.72000122070312,78.9800033569336,78.9800033569336,250100
2018-08-08,77.14462280273438,80.33000183105469,80.54000091552734,78.83999633789062,79.47000122070312,249100
2018-08-09,77.02938842773438,80.20999908447266,81.04000091552734,79.51000213623047,80.31999969482422,238600
2018-08-10,76.94296264648438,80.12000274658203,80.81999969482422,79.45999908447266,79.8499984741211,181000
2018-08-13,76.43396759033203,79.58999633789062,80.56999969482422,79.38999938964844,80.41000366210938,156200
2018-08-14,76.7892837524414,79.95999908447266,80.87999725341797,79.58999633789062,79.95999908447266,140900
2018-08-15,75.28157806396484,78.38999938964844,79.80999755859375,77.80000305175781,79.43000030517578,188100
2018-08-16,76.0018081665039,79.13999938964844,79.54000091552734,78.5999984741211,78.5999984741211,157400
2018-08-17,76.92374420166016,80.0999984741211,80.2300033569336,79.0,79.58999633789062,102900
2018-08-20,76.85929870605469,79.88999938964844,80.41999816894531,79.54000091552734,80.08000183105469,102300
2018-08-21,77.86946105957031,80.94000244140625,81.4800033569336,79.63999938964844,80.25,229700
2018-08-22,77.06132507324219,80.0999984741211,80.94000244140625,79.93000030517578,80.55000305175781,147500
2018-08-23,76.12813568115234,79.12999725341797,80.08000183105469,79.04000091552734,80.0,159700
2018-08-24,76.23396301269531,79.23999786376953,79.8499984741211,78.87000274658203,79.51000213623047,214200
2018-08-27,77.68667602539062,80.75,81.16999816894531,79.52999877929688,79.62999725341797,271600
2018-08-28,77.64820861816406,80.70999908447266,81.43000030517578,80.13999938964844,81.0,146300
2018-08-29,78.04264831542969,81.12000274658203,81.36000061035156,80.29000091552734,80.76000213623047,95400
2018-08-30,77.62895202636719,80.69000244140625,81.47000122070312,80.3499984741211,80.8499984741211,113800
2018-08-31,77.5038833618164,80.55999755859375,81.4800033569336,80.29000091552734,80.33999633789062,109800
2018-09-04,76.57067108154297,79.58999633789062,81.48999786376953,78.91999816894531,80.41999816894531,136100
2018-09-05,76.70536804199219,79.7300033569336,80.0,79.29000091552734,79.51000213623047,159400
2018-09-06,76.37825012207031,79.38999938964844,80.4000015258789,79.2699966430664,79.66999816894531,145400
2018-09-07,75.20453643798828,78.16999816894531,79.41999816894531,77.94000244140625,79.02999877929688,158800
2018-09-10,76.01268768310547,79.01000213623047,79.4800033569336,78.31999969482422,78.62999725341797,133700
2018-09-11,76.56104278564453,79.58000183105469,79.63999938964844,78.2699966430664,78.83000183105469,171600
2018-09-12,77.68667602539062,80.75,81.01000213623047,79.48999786376953,79.48999786376953,221600
2018-09-13,78.12922668457031,81.20999908447266,81.88999938964844,80.97000122070312,81.13999938964844,191400
2018-09-14,80.01483917236328,83.16999816894531,83.3499984741211,81.5199966430664,81.5199966430664,208700
2018-09-17,77.97530364990234,81.05000305175781,83.25,80.9800033569336,83.04000091552734,226700
2018-09-18,77.97530364990234,81.05000305175781,81.62000274658203,81.0,81.31999969482422,184800
2018-09-19,78.74493408203125,81.8499984741211,82.79000091552734,81.26000213623047,81.30000305175781,258600
2018-09-20,78.72570037841797,81.83000183105469,82.88999938964844,81.58999633789062,82.4000015258789,173100
2018-09-21,78.31200408935547,81.4000015258789,82.12000274658203,81.19000244140625,81.98999786376953,438400
2018-09-24,78.17733001708984,81.26000213623047,81.66999816894531,80.0999984741211,81.18000030517578,197800
2018-09-25,78.91812133789062,82.02999877929688,82.12000274658203,80.9800033569336,81.19000244140625,240500
2018-09-26,77.93679809570312,81.01000213623047,82.5,80.80000305175781,81.97000122070312,240800
2018-09-27,77.78288269042969,80.8499984741211,82.25,80.62999725341797,81.41999816894531,186700
2018-09-28,77.79248809814453,80.86000061035156,81.05999755859375,80.20999908447266,80.62000274658203,178500
2018-10-01,76.7823257446289,79.80999755859375,81.91999816894531,79.41999816894531,81.36000061035156,193400
2018-10-02,76.21472930908203,79.22000122070312,79.79000091552734,78.56999969482422,79.79000091552734,163300
2018-10-03,77.16715240478516,80.20999908447266,80.79000091552734,79.11000061035156,79.30000305175781,172800
2018-10-04,76.98434448242188,80.0199966430664,81.20999908447266,79.68000030517578,80.13999938964844,159800
2018-10-05,75.62785339355469,78.61000061035156,80.31999969482422,78.56999969482422,80.31999969482422,148700
2018-10-08,75.77218627929688,78.76000213623047,79.0,77.61000061035156,78.5,105600
2018-10-09,74.51187133789062,77.44999694824219,79.01000213623047,77.19999694824219,78.30000305175781,168400
2018-10-10,72.15479278564453,75.0,77.25,74.13999938964844,77.08999633789062,403900
2018-10-11,70.71170806884766,73.5,75.05999755859375,72.7699966430664,75.0,406400
2018-10-12,69.46102905273438,72.19999694824219,74.7699966430664,71.37999725341797,74.58000183105469,367700
2018-10-15,71.35628509521484,74.16999816894531,74.63999938964844,72.47000122070312,72.47000122070312,337900
2018-10-16,73.78069305419922,76.69000244140625,76.86000061035156,73.94000244140625,74.6500015258789,312700
2018-10-17,74.51187133789062,77.44999694824219,77.62999725341797,75.73999786376953,76.41999816894531,542000
2018-10-18,73.5497817993164,76.44999694824219,78.12999725341797,76.04000091552734,77.2300033569336,359600
2018-10-19,73.43433380126953,76.33000183105469,76.91999816894531,75.75,76.44000244140625,288500
2018-10-22,73.42472076416016,76.31999969482422,78.72000122070312,75.56999969482422,76.48999786376953,165900
2018-10-23,71.10614776611328,73.91000366210938,75.55000305175781,73.5199966430664,75.55000305175781,312100
2018-10-24,69.547607421875,72.29000091552734,74.98999786376953,72.18000030517578,74.02999877929688,324400
2018-10-25,70.55777740478516,73.33999633789062,74.05000305175781,72.61000061035156,73.01000213623047,258400
2018-10-26,70.71170806884766,73.5,74.19999694824219,71.62999725341797,72.4800033569336,226300
2018-10-29,70.04786682128906,72.80999755859375,75.0,71.75,74.38999938964844,173200
2018-10-30,70.43272399902344,73.20999908447266,74.05999755859375,72.20999908447266,72.9000015258789,349400
2018-10-31,70.84638977050781,73.63999938964844,74.30000305175781,73.1500015258789,74.06999969482422,278100
2018-11-01,73.28042602539062,76.16999816894531,76.27999877929688,73.94999694824219,74.08000183105469,274800
2018-11-02,74.02123260498047,76.94000244140625,78.16999816894531,76.30999755859375,76.55000305175781,233200
2018-11-05,74.32907104492188,77.26000213623047,78.44000244140625,76.19999694824219,76.91000366210938,210000
2018-11-06,75.1468276977539,78.11000061035156,78.19000244140625,76.1500015258789,77.08999633789062,133800
2018-11-07,75.58936309814453,78.56999969482422,79.95999908447266,77.51000213623047,78.11000061035156,362300
2018-11-08,80.85186767578125,84.04000091552734,88.5,79.13999938964844,79.9000015258789,621900
2018-11-09,79.68867492675781,82.69000244140625,84.04000091552734,82.29000091552734,84.01000213623047,329900
2018-11-12,77.86727905273438,80.80000305175781,82.5999984741211,80.66999816894531,82.05999755859375,231200
2018-11-13,77.4432373046875,80.36000061035156,81.66999816894531,79.94000244140625,80.8499984741211,200900
2018-11-14,76.99031066894531,79.88999938964844,82.69999694824219,79.30000305175781,80.95999908447266,182700
2018-11-15,78.60932922363281,81.56999969482422,81.63999938964844,79.31999969482422,79.61000061035156,205400
2018-11-16,78.88880157470703,81.86000061035156,81.98999786376953,79.77999877929688,80.9800033569336,272900
2018-11-19,76.60479736328125,79.48999786376953,81.69999694824219,79.05000305175781,81.69999694824219,174600
2018-11-20,76.66265106201172,79.55000305175781,82.76000213623047,79.02999877929688,82.76000213623047,201900
2018-11-21,77.96363830566406,80.9000015258789,81.87999725341797,79.72000122070312,79.72000122070312,108100
2018-11-23,77.98291778564453,80.91999816894531,81.75,79.52999877929688,80.13999938964844,97200
2018-11-26,79.03334045410156,82.01000213623047,83.33000183105469,80.91999816894531,80.91999816894531,178600
2018-11-27,77.6456069946289,80.56999969482422,81.98999786376953,80.0199966430664,81.61000061035156,151300
2018-11-28,80.35363006591797,83.37999725341797,83.4800033569336,80.05999755859375,80.95999908447266,219500
2018-11-29,79.88141632080078,82.88999938964844,83.83999633789062,82.04000091552734,83.02999877929688,168800
2018-11-30,80.64273834228516,83.68000030517578,83.95999908447266,82.44000244140625,82.72000122070312,268400
2018-12-03,81.21131134033203,84.2699966430664,86.18000030517578,83.26000213623047,84.38999938964844,273800
2018-12-04,75.71820831298828,78.56999969482422,84.41999816894531,78.36000061035156,84.41999816894531,304700
2018-12-06,74.48468780517578,77.29000091552734,77.91000366210938,75.41999816894531,76.91999816894531,259500
2018-12-07,72.46089935302734,75.19000244140625,79.55000305175781,74.88999938964844,77.37999725341797,252600
2018-12-10,71.8152084350586,74.5199966430664,76.36000061035156,73.81999969482422,75.43000030517578,523400
2018-12-11,72.4319839477539,75.16000366210938,76.26000213623047,74.83999633789062,75.75,376500
2018-12-12,74.30157470703125,77.0999984741211,78.23999786376953,74.88999938964844,75.9800033569336,290100
2018-12-13,74.08953857421875,76.87999725341797,78.05999755859375,76.72000122070312,77.11000061035156,212300
2018-12-14,73.54987335205078,76.31999969482422,77.27999877929688,75.83000183105469,76.18000030517578,215100
2018-12-17,72.6150894165039,75.3499984741211,76.87999725341797,74.80000305175781,76.33999633789062,321000
2018-12-18,72.47052764892578,75.19999694824219,77.08999633789062,74.98999786376953,75.93000030517578,319700
2018-12-19,70.50456237792969,73.16000366210938,76.31999969482422,72.05999755859375,75.26000213623047,359300
2018-12-20,69.88780212402344,72.5199966430664,73.87000274658203,71.37000274658203,73.08999633789062,244500
2018-12-21,69.1650161743164,71.7699966430664,73.4000015258789,71.01000213623047,72.51000213623047,934800
2018-12-24,66.4473648071289,68.94999694824219,71.16000366210938,68.77999877929688,71.0999984741211,121500
2018-12-26,70.061279296875,72.69999694824219,72.73999786376953,68.4000015258789,68.9800033569336,332800
2018-12-27,70.15763854980469,72.80000305175781,72.83000183105469,69.19000244140625,71.30000305175781,195700
2018-12-28,70.0130844116211,72.6500015258789,74.61000061035156,70.1500015258789,73.0,191400
2018-12-31,71.59355926513672,74.29000091552734,74.44000244140625,72.76000213623047,73.02999877929688,249000
2019-01-02,71.23700714111328,73.91999816894531,74.20999908447266,72.08000183105469,72.95999908447266,258100
2019-01-03,68.43260955810547,71.01000213623047,73.77999877929688,70.63999938964844,73.77999877929688,193300
2019-01-04,70.15763854980469,72.80000305175781,73.72000122070312,72.08999633789062,72.08999633789062,323800
2019-01-07,70.35038757324219,73.0,73.72000122070312,71.9000015258789,72.9000015258789,513000
2019-01-08,73.61734008789062,76.38999938964844,77.23999786376953,73.16999816894531,73.9800033569336,757400
2019-01-09,73.25112915039062,76.01000213623047,76.80000305175781,74.81999969482422,76.6500015258789,481700
2019-01-10,73.6076889038086,76.37999725341797,76.55000305175781,75.19999694824219,75.5999984741211,246000
2019-01-11,73.48242950439453,76.25,77.19000244140625,75.88999938964844,75.97000122070312,222900
2019-01-14,73.00055694580078,75.75,76.26000213623047,74.37999725341797,75.91999816894531,227100
2019-01-15,73.0680160522461,75.81999969482422,76.18000030517578,75.0999984741211,75.76000213623047,172100
2019-01-16,73.2896957397461,76.05000305175781,77.05999755859375,75.83000183105469,75.83000183105469,223500
2019-01-17,74.00279998779297,76.79000091552734,77.11000061035156,75.56999969482422,75.62000274658203,213700
2019-01-18,75.294189453125,78.12999725341797,78.72000122070312,76.97000122070312,76.97000122070312,181200
2019-01-22,74.28229522705078,77.08000183105469,78.37000274658203,76.33000183105469,77.5199966430664,294900
2019-01-23,74.10883331298828,76.9000015258789,77.91999816894531,75.98999786376953,77.08000183105469,143200
2019-01-24,75.05326080322266,77.87999725341797,78.0,76.2699966430664,76.66000366210938,244300
2019-01-25,74.92794799804688,77.75,78.80000305175781,77.61000061035156,78.51000213623047,428400
2019-01-28,74.44612121582031,77.25,78.12000274658203,76.88999938964844,77.02999877929688,334400
2019-01-29,83.63020324707031,86.77999877929688,90.75,83.63999938964844,85.0,1849000
2019-01-30,83.51457977294922,86.66000366210938,87.5,84.87000274658203,86.75,787400
2019-01-31,87.55248260498047,90.8499984741211,91.38999938964844,85.68000030517578,86.76000213623047,866600
2019-02-01,85.86600494384766,89.0999984741211,90.8499984741211,88.54000091552734,90.8499984741211,418000
2019-02-04,86.86825561523438,90.13999938964844,90.19999694824219,87.0199966430664,89.05000305175781,370000
2019-02-05,86.75260925292969,90.0199966430664,90.75,88.94999694824219,90.0999984741211,472100
2019-02-06,86.4827880859375,89.73999786376953,90.36000061035156,89.20999908447266,89.69000244140625,187000
2019-02-07,86.1454849243164,89.38999938964844,89.88999938964844,88.25,89.37999725341797,294000
2019-02-08,87.041748046875,90.31999969482422,90.37000274658203,88.77999877929688,88.88999938964844,253900
2019-02-11,87.60069274902344,90.9000015258789,90.97000122070312,89.80000305175781,90.31999969482422,241000
2019-02-12,91.3494873046875,94.79000091552734,94.88999938964844,91.02999877929688,91.02999877929688,697200
2019-02-13,90.74234008789062,94.16000366210938,94.79000091552734,93.66000366210938,94.23999786376953,444900
2019-02-14,89.82683563232422,93.20999908447266,94.2699966430664,92.7300033569336,93.98999786376953,348900
2019-02-15,91.80878448486328,95.0999984741211,95.1500015258789,93.08999633789062,93.22000122070312,352200
2019-02-19,92.05977630615234,95.36000061035156,95.44999694824219,93.98999786376953,94.51000213623047,284800
2019-02-20,93.76852416992188,97.12999725341797,97.38999938964844,94.5199966430664,95.3499984741211,326700
2019-02-21,92.60040283203125,95.91999816894531,97.13999938964844,95.51000213623047,97.11000061035156,280900
2019-02-22,93.21825408935547,96.55999755859375,96.61000061035156,95.5,96.48999786376953,348000
2019-02-25,93.45960998535156,96.80999755859375,97.0,96.08999633789062,96.88999938964844,415800
2019-02-26,92.93830871582031,96.2699966430664,97.12000274658203,95.52999877929688,95.52999877929688,330900
2019-02-27,93.13135528564453,96.47000122070312,96.7300033569336,95.2699966430664,95.2699966430664,228300
2019-02-28,93.0058822631836,96.33999633789062,97.30999755859375,95.26000213623047,96.1500015258789,377000
2019-03-01,91.67362976074219,94.95999908447266,97.31999969482422,94.56999969482422,96.94999694824219,651800
2019-03-04,91.72190856933594,95.01000213623047,96.22000122070312,94.26000213623047,95.41000366210938,541600
2019-03-05,91.7605209350586,95.05000305175781,95.5999984741211,94.20999908447266,95.08999633789062,423700
2019-03-06,91.17161560058594,94.44000244140625,95.5199966430664,94.33999633789062,95.08999633789062,442800
2019-03-07,90.15796661376953,93.38999938964844,94.37000274658203,92.68000030517578,94.04000091552734,497400
2019-03-08,90.63101959228516,93.87999725341797,94.05000305175781,92.25,92.66999816894531,281700
2019-03-11,90.58274841308594,93.83000183105469,94.08999633789062,90.51000213623047,92.9000015258789,754900
2019-03-12,90.15796661376953,93.38999938964844,94.12999725341797,92.9800033569336,93.83000183105469,455100
2019-03-13,91.13300323486328,94.4000015258789,96.22000122070312,91.51000213623047,93.91999816894531,866400
2019-03-14,91.9535903930664,95.25,95.77999877929688,94.0,94.05000305175781,358900
2019-03-15,91.81843566894531,95.11000061035156,96.41999816894531,94.88999938964844,95.25,742900
2019-03-18,92.77418518066406,96.0999984741211,96.27999877929688,94.73999786376953,95.1500015258789,269700
2019-03-19,92.8514404296875,96.18000030517578,97.2699966430664,95.83000183105469,96.63999938964844,214600
2019-03-20,92.61006164550781,95.93000030517578,97.0,95.02999877929688,96.0,296300
2019-03-21,93.80712890625,97.16999816894531,97.62999725341797,95.80999755859375,95.80999755859375,283800
2019-03-22,89.9359359741211,93.16000366210938,97.30000305175781,93.06999969482422,96.48999786376953,375300
2019-03-25,90.34140014648438,93.58000183105469,94.22000122070312,92.66000366210938,93.05000305175781,276600
2019-03-26,90.99784851074219,94.26000213623047,95.0,93.62999725341797,94.36000061035156,169600
2019-03-27,90.14832305908203,93.37999725341797,94.95999908447266,93.1500015258789,94.30000305175781,355200
2019-03-28,91.13300323486328,94.4000015258789,95.94999694824219,93.12000274658203,93.7699966430664,196000
2019-03-29,91.60604858398438,94.88999938964844,95.38999938964844,93.72000122070312,95.0,268300
2019-04-01,92.7548828125,96.08000183105469,96.29000091552734,95.4000015258789,95.72000122070312,499200
2019-04-02,92.60040283203125,95.91999816894531,96.9800033569336,95.30000305175781,96.4800033569336,269300
2019-04-03,92.70658111572266,96.02999877929688,96.9000015258789,95.70999908447266,96.5,240200
2019-04-04,93.18927764892578,96.52999877929688,96.86000061035156,95.97000122070312,96.22000122070312,265100
2019-04-05,94.18364715576172,97.55999755859375,97.6500015258789,96.69999694824219,96.7699966430664,324700
2019-04-08,93.24720001220703,96.58999633789062,97.1500015258789,95.87999725341797,97.1500015258789,501700
2019-04-09,91.31642150878906,94.58999633789062,96.30999755859375,94.41000366210938,96.30999755859375,263600
2019-04-10,91.94395446777344,95.23999786376953,95.58000183105469,94.36000061035156,95.05000305175781,302600
2019-04-11,92.07909393310547,95.37999725341797,96.26000213623047,95.2300033569336,95.37999725341797,364800
2019-04-12,93.40167236328125,96.75,97.02999877929688,95.12999725341797,96.25,452100
2019-04-15,92.31079864501953,95.62000274658203,97.0,95.44999694824219,96.75,298700
2019-04-16,93.19892883300781,96.54000091552734,96.58999633789062,95.6500015258789,95.6500015258789,209200
2019-04-17,92.60040283203125,95.91999816894531,96.7300033569336,95.73999786376953,96.5,216900
2019-04-18,97.58184814453125,101.08000183105469,101.23999786376953,96.1500015258789,96.19000244140625,755300
2019-04-22,97.84248352050781,101.3499984741211,101.51000213623047,99.5199966430664,100.5999984741211,428600
2019-04-23,100.75798797607422,104.37000274658203,104.47000122070312,101.27999877929688,101.55999755859375,842000
2019-04-24,100.87379455566406,104.48999786376953,105.20999908447266,103.62999725341797,104.33999633789062,426600
2019-04-25,97.4370346069336,100.93000030517578,103.66000366210938,100.08000183105469,103.66000366210938,541300
2019-04-26,99.17472076416016,102.7300033569336,102.88999938964844,100.3499984741211,100.88999938964844,337200
2019-04-29,99.35813903808594,102.91999816894531,104.66999816894531,102.0,102.5,734400
2019-04-30,105.13121032714844,108.9000015258789,114.55000305175781,107.79000091552734,110.61000061035156,1199600
2019-05-01,104.42646026611328,108.16999816894531,109.62999725341797,106.31999969482422,108.6500015258789,612500
2019-05-02,104.76433563232422,108.5199966430664,108.58000183105469,106.19000244140625,108.0,549800
2019-05-03,108.4521484375,112.33999633789062,112.37999725341797,108.88999938964844,108.88999938964844,362400
2019-05-06,107.64120483398438,111.5,111.97000122070312,110.0,110.01000213623047,331800
2019-05-07,105.34362030029297,109.12000274658203,111.29000091552734,108.3499984741211,110.5199966430664,435300
2019-05-08,104.50367736816406,108.25,109.7300033569336,108.19999694824219,109.29000091552734,396700
2019-05-09,105.19878387451172,108.97000122070312,109.13999938964844,106.58000183105469,107.4800033569336,279700
2019-05-10,105.74903869628906,109.54000091552734,109.80999755859375,107.36000061035156,108.80000305175781,434600
2019-05-13,103.89549255371094,107.62000274658203,108.52999877929688,105.30999755859375,107.05999755859375,428200
2019-05-14,105.0732650756836,108.83999633789062,109.51000213623047,107.55000305175781,107.7699966430664,326300
2019-05-15,105.63320922851562,109.41999816894531,109.87999725341797,107.25,107.87000274658203,214100
2019-05-16,107.2357406616211,111.08000183105469,111.81999969482422,109.63999938964844,109.93000030517578,186900
2019-05-17,104.94731140136719,108.55000305175781,111.33999633789062,108.44999694824219,109.91999816894531,344600
2019-05-20,106.20415496826172,109.8499984741211,110.06999969482422,107.58999633789062,107.87000274658203,349100
2019-05-21,108.87257385253906,112.61000061035156,112.95999908447266,109.83000183105469,110.63999938964844,653800
2019-05-22,109.73302459716797,113.5,113.9800033569336,112.0199966430664,112.5199966430664,631900
2019-05-23,106.97760772705078,110.6500015258789,112.83000183105469,109.87999725341797,112.81999969482422,762900
2019-05-24,106.92928314208984,110.5999984741211,112.73999786376953,110.30000305175781,111.2699966430664,303800
2019-05-28,105.96244812011719,109.5999984741211,111.63999938964844,109.4800033569336,110.9800033569336,258200
2019-05-29,105.15034484863281,108.76000213623047,109.7300033569336,107.93000030517578,109.3499984741211,370100
2019-05-30,105.25669860839844,108.87000274658203,110.26000213623047,108.18000030517578,109.23999786376953,306700
2019-05-31,105.30503845214844,108.91999816894531,109.47000122070312,105.5999984741211,107.37000274658203,394400
2019-06-03,107.1419677734375,110.81999969482422,112.70999908447266,108.80000305175781,108.98999786376953,469700
2019-06-04,108.0894546508789,111.80000305175781,112.2300033569336,110.54000091552734,111.62000274658203,382400
2019-06-05,110.08106994628906,113.86000061035156,114.0,111.26000213623047,112.0,391900
2019-06-06,110.52581024169922,114.31999969482422,114.63999938964844,112.94999694824219,113.37999725341797,309800
2019-06-07,109.8296890258789,113.5999984741211,115.75,112.91999816894531,113.93000030517578,471200
2019-06-10,109.85868835449219,113.62999725341797,114.12999725341797,111.22000122070312,111.2300033569336,474500
2019-06-11,110.25511169433594,114.04000091552734,116.45999908447266,113.13999938964844,114.61000061035156,335000
2019-06-12,110.81584930419922,114.62000274658203,114.77999877929688,113.87000274658203,114.4800033569336,367200
2019-06-13,111.57962036132812,115.41000366210938,115.80999755859375,113.62999725341797,115.0,300700
2019-06-14,108.03144073486328,111.73999786376953,114.12000274658203,111.70999908447266,112.5,388800
2019-06-17,107.43201446533203,111.12000274658203,112.06999969482422,110.52999877929688,111.70999908447266,345200
2019-06-18,108.3891372680664,112.11000061035156,113.30000305175781,111.61000061035156,112.0199966430664,653700
2019-06-19,108.16678619384766,111.87999725341797,112.4000015258789,110.79000091552734,112.26000213623047,257400
2019-06-20,110.68049621582031,114.4800033569336,115.06999969482422,112.4000015258789,112.95999908447266,484200
2019-06-21,108.51484680175781,112.23999786376953,114.80000305175781,112.16000366210938,114.0199966430664,586200
2019-06-24,108.6888656616211,112.41999816894531,113.86000061035156,112.04000091552734,112.44999694824219,475800
2019-06-25,107.49970245361328,111.19000244140625,114.19999694824219,111.12000274658203,112.80000305175781,437700
2019-06-26,107.93476104736328,111.63999938964844,113.56999969482422,110.69000244140625,111.94000244140625,432100
2019-06-27,109.32696533203125,113.08000183105469,113.20999908447266,111.80000305175781,111.91999816894531,551000
2019-06-28,109.40431213378906,113.16000366210938,114.47000122070312,112.43000030517578,113.05999755859375,6099600
2019-07-01,110.78685760498047,114.58999633789062,115.51000213623047,113.37999725341797,114.83000183105469,684400
2019-07-02,110.08106994628906,113.86000061035156,114.88999938964844,112.8499984741211,114.55999755859375,469100
2019-07-03,111.06719970703125,114.87999725341797,115.41000366210938,113.70999908447266,114.30000305175781,250400
2019-07-05,111.34760284423828,115.16999816894531,115.5,113.08999633789062,114.11000061035156,472800
2019-07-08,110.34211730957031,114.12999725341797,115.97000122070312,113.62000274658203,115.58000183105469,492400
2019-07-09,110.0230712890625,113.80000305175781,114.12999725341797,113.11000061035156,113.5,256300
2019-07-10,109.11427307128906,112.86000061035156,115.0,112.77999877929688,114.37999725341797,235100
2019-07-11,109.86837768554688,113.63999938964844,113.73999786376953,111.9000015258789,112.91999816894531,279900
2019-07-12,112.043701171875,115.88999938964844,116.0,114.01000213623047,114.01000213623047,258300
2019-07-15,112.25640106201172,116.11000061035156,117.7300033569336,115.13999938964844,116.41000366210938,387500
2019-07-16,112.90415954589844,116.77999877929688,117.37000274658203,116.16999816894531,116.16999816894531,299100
2019-07-17,111.80199432373047,115.63999938964844,118.12999725341797,115.58999633789062,116.91999816894531,470100
2019-07-18,111.39594268798828,115.22000122070312,116.30000305175781,114.31999969482422,115.61000061035156,248000
2019-07-19,112.02435302734375,115.87000274658203,117.13999938964844,115.44999694824219,115.44999694824219,234700
2019-07-22,111.96634674072266,115.80999755859375,117.38999938964844,115.29000091552734,116.20999908447266,274900
2019-07-23,115.17617797851562,119.12999725341797,119.19999694824219,115.75,116.73999786376953,513100
2019-07-24,113.397216796875,117.29000091552734,118.80000305175781,117.19000244140625,118.08000183105469,353900
2019-07-25,112.50777435302734,116.37000274658203,117.7300033569336,116.2699966430664,117.1500015258789,274000
2019-07-26,111.93733978271484,115.77999877929688,116.43000030517578,115.27999877929688,116.27999877929688,301300
2019-07-29,110.78685760498047,114.58999633789062,116.19000244140625,114.37000274658203,115.83000183105469,330000
2019-07-30,110.9995346069336,114.80999755859375,114.81999969482422,113.0999984741211,114.05000305175781,319700
2019-07-31,108.32147216796875,112.04000091552734,115.0999984741211,111.1500015258789,114.4000015258789,418000
2019-08-01,108.14745330810547,111.86000061035156,113.83999633789062,111.05000305175781,112.0,433600
2019-08-02,106.19449615478516,109.83999633789062,111.33000183105469,107.80999755859375,111.33000183105469,596700
2019-08-05,103.39075469970703,106.94000244140625,107.9000015258789,104.43000030517578,107.5999984741211,699300
2019-08-06,101.66015625,105.1500015258789,108.0,102.4000015258789,105.0,809300
2019-08-07,102.86865997314453,106.4000015258789,107.04000091552734,103.33000183105469,104.04000091552734,517300
2019-08-08,104.6476058959961,108.23999786376953,108.72000122070312,105.88999938964844,107.18000030517578,502900
2019-08-09,104.62825012207031,108.22000122070312,108.9800033569336,106.95999908447266,107.9800033569336,317400
2019-08-12,103.22639465332031,106.7699966430664,109.31999969482422,106.70999908447266,107.73999786376953,291100
2019-08-13,104.80227661132812,108.4000015258789,109.5199966430664,106.16999816894531,106.5999984741211,337800
2019-08-14,100.66435241699219,104.12000274658203,107.44999694824219,104.01000213623047,107.05999755859375,303300
2019-08-15,100.92537689208984,104.38999938964844,105.2699966430664,103.51000213623047,104.27999877929688,179000
2019-08-16,102.9073486328125,106.44000244140625,112.2300033569336,105.01000213623047,105.01000213623047,225600
2019-08-19,103.0457992553711,106.41999816894531,107.80000305175781,106.0999984741211,107.47000122070312,258600
2019-08-20,101.64176940917969,104.97000122070312,106.0199966430664,104.83000183105469,106.0199966430664,456400
2019-08-21,102.12590789794922,105.47000122070312,106.0,104.72000122070312,106.0,226400
2019-08-22,102.57134246826172,105.93000030517578,106.4000015258789,104.8499984741211,105.81999969482422,147300
2019-08-23,99.860107421875,103.12999725341797,106.2699966430664,102.80999755859375,105.36000061035156,241100
2019-08-26,100.70254516601562,104.0,105.0,102.83000183105469,104.2699966430664,237800
2019-08-27,100.70254516601562,104.0,104.95999908447266,103.66999816894531,104.63999938964844,348200
2019-08-28,101.47716522216797,104.80000305175781,105.30999755859375,103.30000305175781,103.52999877929688,218700
2019-08-29,103.5589828491211,106.94999694824219,107.3499984741211,105.73999786376953,105.80999755859375,147300
2019-08-30,104.43046569824219,107.8499984741211,108.44999694824219,106.69000244140625,107.51000213623047,262900
2019-09-03,101.62242126464844,104.94999694824219,107.0999984741211,104.04000091552734,106.72000122070312,371400
2019-09-04,103.24916076660156,106.62999725341797,106.91000366210938,105.56999969482422,105.9800033569336,493000
2019-09-05,104.95332336425781,108.38999938964844,109.3499984741211,107.0999984741211,107.0999984741211,378500
2019-09-06,104.3336410522461,107.75,109.08000183105469,107.62999725341797,108.3499984741211,296800
2019-09-09,103.44281005859375,106.83000183105469,108.41999816894531,105.54000091552734,108.41999816894531,392700
2019-09-10,103.54932403564453,106.94000244140625,107.05999755859375,104.0999984741211,106.37999725341797,299900
2019-09-11,104.98240661621094,108.41999816894531,108.4800033569336,105.69000244140625,107.0999984741211,243900
2019-09-12,104.38207244873047,107.80000305175781,108.83000183105469,107.30000305175781,108.83000183105469,275500
2019-09-13,104.16903686523438,107.58000183105469,108.75,107.08999633789062,108.13999938964844,423400
2019-09-16,104.11090850830078,107.5199966430664,108.19000244140625,107.05999755859375,107.13999938964844,233800
2019-09-17,105.59242248535156,109.05000305175781,109.5999984741211,106.5999984741211,107.01000213623047,306900
2019-09-18,105.20511627197266,108.6500015258789,109.69999694824219,107.16999816894531,108.68000030517578,231800
2019-09-19,105.59242248535156,109.05000305175781,109.95999908447266,108.4000015258789,108.4000015258789,359100
2019-09-20,104.43046569824219,107.8499984741211,109.87000274658203,107.73999786376953,109.4000015258789,475000
2019-09-23,105.84416961669922,109.30999755859375,109.66000366210938,106.37000274658203,107.16999816894531,263900
2019-09-24,104.10124206542969,107.51000213623047,109.6500015258789,106.75,109.01000213623047,231900
2019-09-25,107.01580810546875,110.5199966430664,111.44999694824219,106.47000122070312,107.11000061035156,533000
2019-09-26,106.580078125,110.06999969482422,111.08000183105469,109.73999786376953,110.45999908447266,325400
2019-09-27,104.31427764892578,107.7300033569336,110.69000244140625,107.29000091552734,110.52999877929688,551200
2019-09-30,104.41109466552734,107.83000183105469,108.20999908447266,106.87999725341797,107.55999755859375,223700
2019-10-01,101.44810485839844,104.7699966430664,108.88999938964844,103.30000305175781,107.94999694824219,426700
2019-10-02,100.69282531738281,103.98999786376953,104.69999694824219,102.41000366210938,104.1500015258789,264100
2019-10-03,102.44546508789062,105.80000305175781,105.94999694824219,103.16999816894531,104.05999755859375,242700
2019-10-04,103.1813735961914,106.55999755859375,106.94999694824219,105.62000274658203,105.62000274658203,140500
2019-10-07,102.67784118652344,106.04000091552734,106.83000183105469,105.75,106.58999633789062,155400
2019-10-08,100.80903625488281,104.11000061035156,105.9000015258789,103.83999633789062,105.0999984741211,193800
2019-10-09,101.5352554321289,104.86000061035156,105.36000061035156,104.4000015258789,105.08000183105469,119300
2019-10-10,101.87418365478516,105.20999908447266,106.02999877929688,104.7300033569336,105.1500015258789,130800
2019-10-11,103.84949493408203,107.25,108.5999984741211,106.41000366210938,106.41000366210938,188100
2019-10-14,102.53262329101562,105.88999938964844,106.87999725341797,105.44000244140625,106.69999694824219,131200
2019-10-15,103.4912109375,106.87999725341797,108.0199966430664,105.02999877929688,106.2300033569336,156100
2019-10-16,102.84246063232422,106.20999908447266,107.16000366210938,105.08999633789062,106.9800033569336,198300
2019-10-17,104.5079116821289,107.93000030517578,108.37999725341797,106.87999725341797,106.94999694824219,204900
2019-10-18,103.77202606201172,107.16999816894531,108.31999969482422,106.69000244140625,107.62999725341797,145800
2019-10-21,102.83277130126953,106.19999694824219,108.70999908447266,105.88999938964844,108.05999755859375,207800
2019-10-22,103.2200927734375,106.5999984741211,107.55999755859375,105.62999725341797,106.19000244140625,270100
2019-10-23,103.25884246826172,106.63999938964844,107.66000366210938,105.26000213623047,106.7699966430664,204600
2019-10-24,104.45951080322266,107.87999725341797,108.05000305175781,105.6500015258789,106.76000213623047,151200
2019-10-25,104.17871856689453,107.58999633789062,108.54000091552734,107.44999694824219,107.9000015258789,111800
2019-10-28,104.43046569824219,107.8499984741211,109.3499984741211,107.83000183105469,108.02999877929688,194100
2019-10-29,105.18572235107422,108.62999725341797,109.12999725341797,107.55999755859375,107.63999938964844,187200
2019-10-30,104.21746063232422,107.62999725341797,108.77999877929688,106.77999877929688,108.44000244140625,176800
2019-10-31,103.27819061279297,106.66000366210938,107.44999694824219,105.58000183105469,107.44999694824219,221800
2019-11-01,105.52462768554688,108.9800033569336,109.0199966430664,107.31999969482422,107.31999969482422,239100
2019-11-04,106.28959655761719,109.7699966430664,110.37999725341797,108.80000305175781,109.5,201800
2019-11-05,105.66988372802734,109.12999725341797,110.11000061035156,108.44000244140625,109.9000015258789,179200
2019-11-06,107.3353500366211,110.8499984741211,111.08000183105469,108.30999755859375,109.02999877929688,240300
2019-11-07,105.71829986572266,109.18000030517578,112.48999786376953,108.94000244140625,111.69999694824219,247300
2019-11-08,107.70331573486328,111.2300033569336,111.33999633789062,108.41999816894531,108.9800033569336,171400
2019-11-11,107.30628204345703,110.81999969482422,111.3499984741211,110.27999877929688,110.54000091552734,139800
2019-11-12,108.88461303710938,112.44999694824219,112.79000091552734,110.06999969482422,111.08000183105469,249700
2019-11-13,109.99812316894531,113.5999984741211,113.7300033569336,111.22000122070312,111.69999694824219,314100
2019-11-14,110.3080062866211,113.91999816894531,114.33000183105469,112.48999786376953,113.2300033569336,292600
2019-11-15,111.26119995117188,114.73999786376953,115.36000061035156,114.01000213623047,114.01000213623047,291900
2019-11-18,110.15577697753906,113.5999984741211,115.05000305175781,113.4800033569336,114.0,380400
2019-11-19,112.17269897460938,115.68000030517578,116.25,106.8499984741211,107.5,1621100
2019-11-20,108.00306701660156,111.37999725341797,114.95999908447266,111.0199966430664,114.48999786376953,835500
2019-11-21,108.10972595214844,111.48999786376953,112.9000015258789,111.18000030517578,111.18000030517578,428000
2019-11-22,108.60426330566406,112.0,112.41999816894531,111.25,111.58999633789062,256500
2019-11-25,111.0672378540039,114.54000091552734,114.91000366210938,111.36000061035156,112.5,368100
2019-11-26,114.70357513427734,118.29000091552734,118.33999633789062,113.80999755859375,114.13999938964844,700500
2019-11-27,115.39203643798828,119.0,119.94999694824219,117.7699966430664,118.01000213623047,485100
2019-11-29,113.24903869628906,116.79000091552734,118.55999755859375,116.62000274658203,118.19000244140625,135700
2019-12-02,112.21148681640625,115.72000122070312,117.13999938964844,115.5199966430664,116.33000183105469,250900
2019-12-03,111.4842300415039,114.97000122070312,115.66000366210938,114.0999984741211,114.73999786376953,301100
2019-12-04,115.28536987304688,118.88999938964844,120.06999969482422,116.7300033569336,116.7300033569336,707700
2019-12-05,116.08052062988281,119.70999908447266,120.05999755859375,118.8499984741211,118.8499984741211,451600
2019-12-06,118.49504089355469,122.19999694824219,122.30000305175781,120.0,120.06999969482422,527500
2019-12-09,118.16534423828125,121.86000061035156,122.70999908447266,120.93000030517578,120.93000030517578,528100
2019-12-10,118.10713195800781,121.80000305175781,122.47000122070312,120.81999969482422,121.0,329900
2019-12-11,119.94952392578125,123.69999694824219,123.83999633789062,121.33000183105469,121.66000366210938,440200
2019-12-12,120.34711456298828,124.11000061035156,124.77999877929688,122.37000274658203,122.87000274658203,415900
2019-12-13,120.70590209960938,124.4800033569336,124.66999816894531,122.95999908447266,123.06999969482422,416100
2019-12-16,118.78594207763672,122.5,124.70999908447266,122.30000305175781,124.44000244140625,500300
2019-12-17,116.2647705078125,119.9000015258789,122.41000366210938,119.70999908447266,121.5,456700
2019-12-18,114.61630249023438,118.19999694824219,119.72000122070312,117.66999816894531,119.55000305175781,544500
2019-12-19,114.81023406982422,118.4000015258789,118.66999816894531,117.30999755859375,118.0,609800
2019-12-20,115.60535430908203,119.22000122070312,119.75,117.9800033569336,119.2699966430664,512100
2019-12-23,115.8283920288086,119.44999694824219,119.81999969482422,118.27999877929688,119.38999938964844,243300
2019-12-24,115.33385467529297,118.94000244140625,119.48999786376953,118.58999633789062,119.27999877929688,71900
2019-12-26,115.05264282226562,118.6500015258789,119.98999786376953,118.05000305175781,119.16000366210938,106500
2019-12-27,114.83931732177734,118.43000030517578,119.33000183105469,117.94999694824219,118.4800033569336,124000
2019-12-30,114.6259994506836,118.20999908447266,119.06999969482422,117.80999755859375,118.12999725341797,239800
2019-12-31,114.84901428222656,118.44000244140625,118.98999786376953,117.66999816894531,117.69000244140625,250900
2020-01-02,117.05989074707031,120.72000122070312,120.76000213623047,118.81999969482422,119.31999969482422,373900
2020-01-03,115.98355102539062,119.61000061035156,119.87999725341797,117.29000091552734,119.30000305175781,311100
2020-01-06,116.17748260498047,119.80999755859375,119.87999725341797,117.79000091552734,118.80000305175781,224600
2020-01-07,119.43560791015625,123.16999816894531,123.69000244140625,118.94999694824219,119.44000244140625,525600
2020-01-08,117.5835189819336,121.26000213623047,123.27999877929688,120.75,123.27999877929688,390700
2020-01-09,118.51441955566406,122.22000122070312,122.98999786376953,121.30000305175781,121.62000274658203,332700
2020-01-10,118.26228332519531,121.95999908447266,122.94999694824219,121.7699966430664,122.69999694824219,294300
2020-01-13,123.9640121459961,127.83999633789062,129.05999755859375,125.05000305175781,125.0999984741211,2223500
2020-01-14,121.471923828125,125.2699966430664,127.83999633789062,124.12000274658203,127.83999633789062,1292900
2020-01-15,120.10469055175781,123.86000061035156,125.33000183105469,122.8499984741211,125.11000061035156,924300
2020-01-16,122.0440444946289,125.86000061035156,125.9800033569336,123.37999725341797,124.62000274658203,718700
2020-01-17,121.50102996826172,125.30000305175781,125.8499984741211,124.47000122070312,125.63999938964844,546600
2020-01-21,119.94952392578125,123.69999694824219,125.98999786376953,122.41999816894531,125.06999969482422,865000
2020-01-22,116.25505828857422,119.88999938964844,124.66999816894531,119.55000305175781,124.66999816894531,865500
2020-01-23,116.37142181396484,120.01000213623047,120.55999755859375,118.66999816894531,119.86000061035156,474000
2020-01-24,115.77992248535156,119.4000015258789,120.79000091552734,118.36000061035156,120.25,406200
2020-01-27,114.84901428222656,118.44000244140625,119.41000366210938,117.38999938964844,117.8499984741211,379300
2020-01-28,113.73388671875,117.29000091552734,118.87000274658203,116.0,116.19999694824219,629000
2020-01-29,113.74358367919922,117.30000305175781,118.20999908447266,117.01000213623047,118.20999908447266,425000
2020-01-30,114.3350830078125,117.91000366210938,118.05999755859375,116.11000061035156,116.83999633789062,364800
2020-01-31,112.78359985351562,116.30999755859375,118.18000030517578,115.44000244140625,117.29000091552734,1237400
2020-02-03,113.04541015625,116.58000183105469,118.08999633789062,115.55999755859375,117.36000061035156,836400
2020-02-04,112.44422149658203,115.95999908447266,119.98999786376953,115.80999755859375,118.38999938964844,1007500
2020-02-05,113.24903869628906,116.79000091552734,117.4000015258789,115.08999633789062,117.01000213623047,423300
2020-02-06,114.3738784790039,117.94999694824219,118.88999938964844,116.66000366210938,117.36000061035156,495700
2020-02-07,115.23690032958984,118.83999633789062,119.19999694824219,116.68000030517578,117.4800033569336,816700
2020-02-10,114.30599975585938,117.87999725341797,119.55999755859375,117.2300033569336,118.86000061035156,686500
2020-02-11,113.75325775146484,117.30999755859375,119.43000030517578,117.2699966430664,118.30999755859375,375800
2020-02-12,115.40174865722656,119.01000213623047,119.0999984741211,116.0,117.83999633789062,465000
2020-02-13,116.11929321289062,119.75,119.81999969482422,118.43000030517578,118.54000091552734,600000
2020-02-14,114.6127700805664,117.91999816894531,120.19999694824219,117.61000061035156,119.4800033569336,366700
2020-02-18,115.17650604248047,118.5,119.02999877929688,117.20999908447266,117.97000122070312,422000
2020-02-19,116.24565124511719,119.5999984741211,119.86000061035156,118.72000122070312,118.80000305175781,541900
2020-02-20,117.68417358398438,121.08000183105469,121.16999816894531,119.41000366210938,119.75,435500
2020-02-21,116.78994750976562,120.16000366210938,120.8499984741211,119.58999633789062,120.20999908447266,423100
2020-02-24,113.99072265625,117.27999877929688,118.08999633789062,115.0199966430664,117.04000091552734,496700
2020-02-25,109.82105255126953,112.98999786376953,117.58999633789062,112.3499984741211,117.58999633789062,928600
2020-02-26,109.25732421875,112.41000366210938,113.77999877929688,111.44000244140625,113.06999969482422,1289100
2020-02-27,104.28089904785156,107.29000091552734,111.33999633789062,107.2699966430664,110.55000305175781,935000
2020-02-28,100.30561065673828,103.19999694824219,104.98999786376953,99.2300033569336,104.31999969482422,1322400
2020-03-02,103.1728744506836,106.1500015258789,106.30000305175781,100.66000366210938,103.48999786376953,728700
2020-03-03,103.14370727539062,106.12000274658203,110.05999755859375,104.94000244140625,105.23999786376953,715500
2020-03-04,107.1384506225586,110.2300033569336,111.16000366210938,105.4800033569336,107.80000305175781,731600
2020-03-05,98.69218444824219,101.54000091552734,107.7699966430664,100.43000030517578,107.7699966430664,941200
2020-03-06,95.93182373046875,98.69999694824219,100.5999984741211,97.08999633789062,98.02999877929688,1310000
2020-03-09,83.90876770019531,86.33000183105469,93.66000366210938,85.38999938964844,91.70999908447266,1301000
2020-03-10,91.95654296875,94.61000061035156,94.81999969482422,87.94000244140625,89.25,1183300
2020-03-11,82.46055603027344,84.83999633789062,92.5999984741211,83.75,91.38999938964844,1142000
2020-03-12,72.47859954833984,74.56999969482422,78.02999877929688,68.5,73.91999816894531,2308400
2020-03-13,76.18173217773438,78.37999725341797,79.72000122070312,72.7300033569336,79.31999969482422,1462500
2020-03-16,62.234195709228516,64.02999877929688,77.58000183105469,61.150001525878906,77.44000244140625,1548800
2020-03-17,64.34333038330078,66.19999694824219,67.66999816894531,60.40999984741211,65.02999877929688,1193100
2020-03-18,53.99201583862305,55.54999923706055,62.470001220703125,52.04999923706055,61.04999923706055,1255400
2020-03-19,55.070892333984375,56.65999984741211,57.0,51.400001525878906,54.869998931884766,1077800
2020-03-20,51.68849563598633,53.18000030517578,59.43000030517578,52.619998931884766,57.31999969482422,1391500
2020-03-23,48.83095169067383,50.2400016784668,52.5,46.5099983215332,52.36000061035156,1083100
2020-03-24,56.15947723388672,57.779998779296875,58.2400016784668,53.029998779296875,53.83000183105469,908400
2020-03-25,63.75043487548828,65.58999633789062,67.44000244140625,58.31999969482422,59.86000061035156,1062800
2020-03-26,68.58103942871094,70.55999755859375,71.7300033569336,66.6500015258789,66.6500015258789,1179300
2020-03-27,60.27085876464844,62.0099983215332,69.12999725341797,61.61000061035156,66.47000122070312,860500
2020-03-30,57.53965377807617,59.20000076293945,62.400001525878906,58.0,61.849998474121094,1215400
2020-03-31,57.77291488647461,59.439998626708984,60.349998474121094,58.220001220703125,59.040000915527344,1035400
2020-04-01,52.5146598815918,54.029998779296875,57.470001220703125,53.439998626708984,55.72999954223633,673300
2020-04-02,51.61074447631836,53.099998474121094,56.41999816894531,51.66999816894531,53.65999984741211,898500
2020-04-03,49.81262969970703,51.25,53.88999938964844,49.54999923706055,53.25,973700
2020-04-06,57.94788360595703,59.619998931884766,60.119998931884766,52.9900016784668,54.91999816894531,2540500
2020-04-07,59.08506774902344,60.790000915527344,67.16000366210938,60.65999984741211,63.06999969482422,1404900
2020-04-08,64.38221740722656,66.23999786376953,66.91000366210938,61.52000045776367,62.29999923706055,965300
2020-04-09,66.30667114257812,68.22000122070312,71.87000274658203,67.22000122070312,68.91000366210938,1185800
2020-04-13,60.377769470214844,62.119998931884766,68.38999938964844,61.59000015258789,66.81999969482422,929800
2020-04-14,57.374420166015625,59.029998779296875,63.959999084472656,58.709999084472656,63.220001220703125,1355100
2020-04-15,53.48659896850586,55.029998779296875,57.56999969482422,54.45000076293945,57.56999969482422,1465100
2020-04-16,52.116153717041016,53.619998931884766,55.54999923706055,52.220001220703125,54.4900016784668,1126000
2020-04-17,55.99425506591797,57.61000061035156,59.16999816894531,56.77000045776367,56.77000045776367,825600
2020-04-20,53.515777587890625,55.060001373291016,56.58000183105469,53.75,55.810001373291016,884100
2020-04-21,50.15280532836914,51.599998474121094,54.5,51.33000183105469,52.560001373291016,925600
2020-04-22,50.66794204711914,52.130001068115234,53.45000076293945,51.16999816894531,53.33000183105469,775600
2020-04-23,52.85484313964844,54.380001068115234,56.130001068115234,52.529998779296875,53.08000183105469,636300
2020-04-24,50.72626495361328,52.189998626708984,55.29999923706055,50.83000183105469,54.84000015258789,751200
2020-04-27,53.710166931152344,55.2599983215332,55.86000061035156,52.38999938964844,52.90999984741211,649600
2020-04-28,56.7134895324707,58.349998474121094,59.2599983215332,57.31999969482422,57.31999969482422,689800
2020-04-29,61.1942024230957,62.959999084472656,64.12999725341797,60.36000061035156,60.70000076293945,907100
2020-04-30,58.86151123046875,60.560001373291016,62.34000015258789,59.790000915527344,61.849998474121094,824700
2020-05-01,56.869014739990234,58.5099983215332,59.88999938964844,57.130001068115234,58.720001220703125,624300
2020-05-04,54.1378173828125,55.70000076293945,57.72999954223633,54.93000030517578,57.72999954223633,1106600
2020-05-05,53.224178314208984,54.7599983215332,63.09000015258789,54.400001525878906,63.09000015258789,1026300
2020-05-06,55.15837097167969,56.75,57.630001068115234,55.16999816894531,55.349998474121094,627200
2020-05-07,56.54825973510742,58.18000030517578,59.45000076293945,57.52000045776367,58.189998626708984,510300
2020-05-08,60.095890045166016,61.83000183105469,61.900001525878906,59.130001068115234,60.099998474121094,487600
2020-05-11,58.81291961669922,60.5099983215332,60.880001068115234,58.2400016784668,60.709999084472656,747800
2020-05-12,55.469390869140625,57.06999969482422,61.22999954223633,57.0099983215332,61.22999954223633,507000
2020-05-13,52.33970642089844,53.849998474121094,56.5,52.84000015258789,56.5,693700
2020-05-14,53.71987533569336,55.27000045776367,55.84000015258789,50.5,52.68000030517578,678200
2020-05-15,52.29971694946289,53.72999954223633,55.150001525878906,53.209999084472656,54.349998474121094,440100
2020-05-18,59.47352981567383,61.099998474121094,61.709999084472656,57.16999816894531,57.16999816894531,546200
2020-05-19,58.39308166503906,59.9900016784668,61.68000030517578,59.220001220703125,60.939998626708984,472600
2020-05-20,60.21330261230469,61.86000061035156,62.599998474121094,60.7400016784668,60.880001068115234,409200
2020-05-21,60.75839614868164,62.41999816894531,63.52000045776367,61.4900016784668,61.90999984741211,630000
2020-05-22,60.1938362121582,61.84000015258789,63.0,60.25,62.7400016784668,350100
2020-05-26,66.02437591552734,67.83000183105469,68.54000091552734,64.5199966430664,64.98999786376953,840000
2020-05-27,68.5940933227539,70.47000122070312,73.83000183105469,68.87999725341797,70.62000274658203,1029400
2020-05-28,67.49418640136719,69.33999633789062,72.66999816894531,68.63999938964844,72.0,512400
2020-05-29,66.75442504882812,68.58000183105469,69.70999908447266,66.87999725341797,67.47000122070312,539600
2020-06-01,68.14635467529297,70.01000213623047,70.7699966430664,68.83000183105469,69.91999816894531,373400
2020-06-02,69.28520202636719,71.18000030517578,71.91999816894531,70.72000122070312,71.22000122070312,353700
2020-06-03,74.4246597290039,76.45999908447266,76.68000030517578,72.11000061035156,72.11000061035156,519700
2020-06-04,77.43238830566406,79.55000305175781,79.79000091552734,74.63999938964844,76.12000274658203,692100
2020-06-05,82.60104370117188,84.86000061035156,90.66000366210938,83.91000366210938,84.0,1287000
2020-06-08,83.07801055908203,85.3499984741211,88.83999633789062,84.7699966430664,87.29000091552734,685300
2020-06-09,80.81974792480469,83.02999877929688,84.0,79.83000183105469,82.05999755859375,818900
2020-06-10,76.16700744628906,78.25,82.72000122070312,77.12999725341797,82.72000122070312,684100
2020-06-11,68.81796264648438,70.69999694824219,74.4800033569336,70.6500015258789,72.29000091552734,687100
2020-06-12,74.6290512084961,76.66999816894531,76.72000122070312,72.05999755859375,75.0999984741211,536100
2020-06-15,76.81916046142578,78.91999816894531,79.76000213623047,72.29000091552734,73.06999969482422,534700
2020-06-16,76.94570922851562,79.05000305175781,84.44999694824219,78.58000183105469,83.08999633789062,730000
2020-06-17,76.7315673828125,78.83000183105469,80.38999938964844,78.0199966430664,79.52999877929688,471400
2020-06-18,77.32533264160156,79.44000244140625,80.36000061035156,76.75,77.83000183105469,421700
2020-06-19,75.81659698486328,77.88999938964844,80.66000366210938,76.8499984741211,80.48999786376953,525300
2020-06-22,75.53430938720703,77.5999984741211,77.97000122070312,74.7699966430664,76.73999786376953,328200
2020-06-23,75.5732421875,77.63999938964844,79.4800033569336,76.75,79.1500015258789,386400
2020-06-24,70.9107437133789,72.8499984741211,76.43000030517578,72.58000183105469,75.91000366210938,485800
2020-06-25,72.54601287841797,74.52999877929688,74.68000030517578,71.22000122070312,72.23999786376953,328100
2020-06-26,72.68230438232422,74.66999816894531,75.18000030517578,72.30999755859375,73.7300033569336,1263200
2020-06-29,76.244873046875,78.33000183105469,78.44999694824219,75.79000091552734,76.66999816894531,406300
2020-06-30,75.48563385009766,77.55000305175781,78.30000305175781,76.52999877929688,77.3499984741211,390800
2020-07-01,73.79195404052734,75.80999755859375,78.51000213623047,75.55999755859375,78.0199966430664,364000
2020-07-02,74.76532745361328,76.80999755859375,79.86000061035156,76.08000183105469,78.2300033569336,289600
2020-07-06,76.35194396972656,78.44000244140625,79.7699966430664,77.55000305175781,78.91000366210938,297400
2020-07-07,73.1300277709961,75.12999725341797,77.36000061035156,74.83000183105469,77.22000122070312,507100
2020-07-08,74.0450210571289,76.06999969482422,76.25,74.23999786376953,74.87000274658203,368400
2020-07-09,70.49219512939453,72.41999816894531,75.73999786376953,72.12999725341797,75.73999786376953,272100
2020-07-10,72.23454284667969,74.20999908447266,74.55000305175781,72.16000366210938,72.18000030517578,373200
2020-07-13,72.2540054321289,74.2300033569336,76.38999938964844,73.62000274658203,75.48999786376953,401200
2020-07-14,74.46359252929688,76.5,76.91000366210938,73.18000030517578,74.30000305175781,352200
2020-07-15,77.15985107421875,79.2699966430664,79.66999816894531,74.66999816894531,74.87000274658203,687300
2020-07-16,76.11835479736328,78.19999694824219,79.19000244140625,77.63999938964844,78.63999938964844,377700
2020-07-17,76.28382110595703,78.37000274658203,79.19999694824219,78.0199966430664,78.61000061035156,221400
2020-07-20,75.1936264038086,77.25,78.9000015258789,76.83999633789062,78.01000213623047,269800
2020-07-21,76.48822784423828,78.58000183105469,80.0,77.44000244140625,77.80000305175781,287300
2020-07-22,77.96774291992188,80.0999984741211,80.44000244140625,78.23999786376953,78.23999786376953,198500
2020-07-23,78.28895568847656,80.43000030517578,81.1500015258789,79.56999969482422,79.58999633789062,319200
2020-07-24,77.88015747070312,80.01000213623047,80.97000122070312,79.98999786376953,80.0199966430664,298400
2020-07-27,78.16243743896484,80.30000305175781,81.23999786376953,79.23999786376953,80.0,245800
2020-07-28,76.42980194091797,78.5199966430664,80.62000274658203,78.4000015258789,80.01000213623047,412200
2020-07-29,76.23513793945312,78.31999969482422,79.51000213623047,77.8499984741211,79.08999633789062,417400
2020-07-30,74.01583099365234,76.04000091552734,77.7699966430664,74.33999633789062,76.81999969482422,441800
2020-07-31,72.94511413574219,74.94000244140625,76.05000305175781,73.29000091552734,75.83999633789062,366500
2020-08-03,73.39287567138672,75.4000015258789,75.73999786376953,73.2300033569336,75.48999786376953,557900
2020-08-04,72.72122955322266,74.70999908447266,76.2699966430664,73.80999755859375,75.2300033569336,394900
2020-08-05,74.7166748046875,76.76000213623047,76.93000030517578,75.5199966430664,75.79000091552734,547200
2020-08-06,75.43695831298828,77.5,77.55000305175781,75.66000366210938,76.55999755859375,295100
2020-08-07,78.30843353271484,80.44999694824219,82.69000244140625,77.05999755859375,81.04000091552734,476400
2020-08-10,82.01702117919922,84.26000213623047,84.75,81.05999755859375,81.4000015258789,361100
2020-08-11,83.710693359375,86.0,88.01000213623047,85.54000091552734,85.73999786376953,343700
2020-08-12,83.39922332763672,85.68000030517578,87.30000305175781,84.9800033569336,87.30000305175781,231300
2020-08-13,82.39663696289062,84.6500015258789,86.5999984741211,82.7300033569336,84.72000122070312,346000
2020-08-14,82.71914672851562,84.9000015258789,85.26000213623047,83.62000274658203,83.62000274658203,171400
2020-08-17,82.64118957519531,84.81999969482422,85.66000366210938,83.6500015258789,85.45999908447266,310900
2020-08-18,81.189453125,83.33000183105469,85.05999755859375,83.08999633789062,84.22000122070312,215700
2020-08-19,80.52692413330078,82.6500015258789,84.75,82.37000274658203,83.47000122070312,226800
2020-08-20,79.99104309082031,82.0999984741211,82.69999694824219,81.0999984741211,81.94000244140625,365100
2020-08-21,79.2992935180664,81.38999938964844,82.69000244140625,81.08000183105469,81.69000244140625,221300
2020-08-24,81.69610595703125,83.8499984741211,84.19000244140625,81.38999938964844,82.68000030517578,335500
2020-08-25,81.38433074951172,83.52999877929688,85.04000091552734,82.87000274658203,84.73999786376953,196000
2020-08-26,81.23817443847656,83.37999725341797,83.83999633789062,82.5999984741211,83.04000091552734,288900
2020-08-27,84.3754653930664,86.5999984741211,87.55999755859375,83.62000274658203,83.98999786376953,455800
2020-08-28,85.29131317138672,87.54000091552734,87.79000091552734,86.01000213623047,86.58000183105469,473200
2020-08-31,83.48883819580078,85.69000244140625,90.62000274658203,85.68000030517578,87.77999877929688,355300
2020-09-01,83.28424072265625,85.4800033569336,86.08000183105469,84.18000030517578,85.69999694824219,292100
2020-09-02,84.8333740234375,87.06999969482422,87.79000091552734,83.9800033569336,86.26000213623047,153500
2020-09-03,81.94942474365234,84.11000061035156,88.0199966430664,83.4800033569336,87.58000183105469,226000
2020-09-04,82.32939910888672,84.5,86.16000366210938,83.44000244140625,86.05000305175781,188600
2020-09-08,80.1859130859375,82.30000305175781,84.62000274658203,82.25,83.61000061035156,229600
2020-09-09,80.37104797363281,82.48999786376953,83.18000030517578,80.88999938964844,82.93000030517578,242800
2020-09-10,78.82189178466797,80.9000015258789,84.19999694824219,80.6500015258789,83.61000061035156,169700
2020-09-11,80.1274642944336,82.23999786376953,82.81999969482422,80.83999633789062,81.12000274658203,154000
2020-09-14,81.4427719116211,83.58999633789062,84.05999755859375,82.7699966430664,83.5199966430664,185100
2020-09-15,80.42949676513672,82.55000305175781,84.41000366210938,82.37999725341797,83.88999938964844,123300
2020-09-16,82.57299041748047,84.75,85.76000213623047,82.38999938964844,83.11000061035156,325200
2020-09-17,83.10885620117188,85.30000305175781,85.51000213623047,81.5,82.98999786376953,371900
2020-09-18,81.04331970214844,83.18000030517578,86.37000274658203,82.73999786376953,84.38999938964844,612700
2020-09-21,76.1327896118164,78.13999938964844,81.25,76.38999938964844,80.66999816894531,492000
2020-09-22,76.21072387695312,78.22000122070312,79.55000305175781,77.5999984741211,78.31999969482422,252000
2020-09-23,75.08050537109375,77.05999755859375,79.62000274658203,76.77999877929688,78.30999755859375,412200
2020-09-24,73.55084228515625,75.48999786376953,77.66999816894531,74.87999725341797,76.83000183105469,626300
2020-09-25,74.07696533203125,76.02999877929688,76.88999938964844,74.33999633789062,74.55000305175781,737900
2020-09-28,76.79530334472656,78.81999969482422,80.19000244140625,77.37000274658203,77.80000305175781,275100
2020-09-29,76.53224182128906,78.55000305175781,80.06999969482422,78.12999725341797,78.86000061035156,330600
2020-09-30,78.10089874267578,80.16000366210938,81.16999816894531,78.83000183105469,78.83000183105469,545800
2020-10-01,78.94853973388672,81.02999877929688,81.80000305175781,79.73999786376953,80.66000366210938,291000
2020-10-02,79.74747467041016,81.8499984741211,82.31999969482422,78.19000244140625,78.36000061035156,185100
2020-10-05,81.79354095458984,83.94999694824219,84.52999877929688,82.69999694824219,82.88999938964844,151900
2020-10-06,80.71204376220703,82.83999633789062,85.91999816894531,82.52999877929688,84.80999755859375,235400
2020-10-07,82.64118957519531,84.81999969482422,85.62000274658203,83.41999816894531,83.7699966430664,189300
2020-10-08,83.98573303222656,86.19999694824219,86.48999786376953,84.06999969482422,85.18000030517578,159700
2020-10-09,84.51187133789062,86.73999786376953,87.38999938964844,85.41000366210938,87.38999938964844,197100
2020-10-12,84.29750061035156,86.5199966430664,87.3499984741211,85.97000122070312,87.3499984741211,139400
2020-10-13,82.93347930908203,85.12000274658203,86.37000274658203,83.13999938964844,85.4800033569336,165800
2020-10-14,82.61195373535156,84.79000091552734,86.45999908447266,84.0,85.43000030517578,162500
2020-10-15,83.72268676757812,85.93000030517578,86.33999633789062,82.83999633789062,83.27999877929688,190200
2020-10-16,83.00169372558594,85.19000244140625,86.95999908447266,85.1500015258789,86.58000183105469,167100
2020-10-19,81.8812255859375,84.04000091552734,86.04000091552734,83.75,85.83000183105469,251600
2020-10-20,82.0468521118164,84.20999908447266,85.86000061035156,83.7300033569336,83.9800033569336,375500
2020-10-21,79.51364135742188,81.61000061035156,83.98999786376953,81.47000122070312,83.98999786376953,310000
2020-10-22,81.82276916503906,83.9800033569336,84.06999969482422,81.7699966430664,81.7699966430664,238300
2020-10-23,84.62879943847656,86.86000061035156,86.9800033569336,84.2300033569336,85.37999725341797,304200
2020-10-26,81.40380096435547,83.55000305175781,84.94999694824219,81.72000122070312,84.94999694824219,222600
2020-10-27,77.26299285888672,79.30000305175781,83.02999877929688,78.87000274658203,83.02999877929688,325600
2020-10-28,74.79796600341797,76.7699966430664,79.44000244140625,76.33000183105469,77.19999694824219,487800
2020-10-29,76.26919555664062,78.27999877929688,78.97000122070312,76.0,76.0,338500
2020-10-30,77.50655364990234,79.55000305175781,79.9800033569336,77.05999755859375,78.0999984741211,284800
2020-11-02,82.68990325927734,84.87000274658203,84.93000030517578,80.63999938964844,80.76000213623047,445400
2020-11-03,85.95386505126953,88.22000122070312,88.73999786376953,85.83999633789062,86.61000061035156,324700
2020-11-04,83.35244750976562,85.55000305175781,87.44000244140625,84.62999725341797,87.0,270900
2020-11-05,87.13277435302734,89.43000030517578,89.88999938964844,86.06999969482422,87.0,233600
2020-11-06,86.2266616821289,88.5,90.0,85.4800033569336,89.0,210700
2020-11-09,96.53489685058594,99.08000183105469,104.05999755859375,93.33999633789062,97.16999816894531,560700
2020-11-10,100.9192886352539,103.58000183105469,104.62000274658203,98.41000366210938,99.0,617200
2020-11-11,98.23992156982422,100.83000183105469,104.0,99.23999786376953,104.0,431100
2020-11-12,97.09025573730469,99.6500015258789,100.5999984741211,97.87000274658203,99.0,328800
2020-11-13,102.5615463256836,105.18000030517578,105.62000274658203,100.0,100.0,247300
2020-11-16,106.48147583007812,109.19999694824219,111.22000122070312,107.44000244140625,109.3499984741211,669500
2020-11-17,107.56385040283203,110.30999755859375,111.83999633789062,106.2300033569336,106.7300033569336,327500
2020-11-18,104.86280822753906,107.54000091552734,111.93000030517578,107.4800033569336,111.54000091552734,609400
2020-11-19,107.29080200195312,110.02999877929688,110.66999816894531,105.18000030517578,107.6500015258789,410700
2020-11-20,105.93541717529297,108.63999938964844,111.58999633789062,106.04000091552734,108.38999938964844,602600
2020-11-23,109.21178436279297,112.0,112.37000274658203,109.12999725341797,109.33999633789062,466400
2020-11-24,111.86405944824219,114.72000122070312,115.37999725341797,113.12999725341797,113.44000244140625,408300
2020-11-25,111.00596618652344,113.83999633789062,114.08999633789062,111.45999908447266,113.4800033569336,252200
2020-11-27,111.48377227783203,114.33000183105469,115.26000213623047,113.44000244140625,113.72000122070312,147900
2020-11-30,109.0460205078125,111.83000183105469,113.86000061035156,111.01000213623047,113.66000366210938,381000
2020-12-01,110.6841812133789,113.51000213623047,115.0199966430664,112.26000213623047,114.30000305175781,305300
2020-12-02,112.4686050415039,115.33999633789062,115.83000183105469,111.72000122070312,113.23999786376953,320500
2020-12-03,113.82402038574219,116.7300033569336,118.29000091552734,113.93000030517578,115.41000366210938,277000
2020-12-04,114.94538879394531,117.87999725341797,118.55999755859375,112.37000274658203,112.37000274658203,242100
2020-12-07,113.55101013183594,116.44999694824219,117.77999877929688,114.01000213623047,116.87999725341797,192300
2020-12-08,114.21407318115234,117.12999725341797,118.5199966430664,115.02999877929688,115.91999816894531,181600
2020-12-09,113.88252258300781,116.79000091552734,119.33999633789062,116.44000244140625,118.43000030517578,212300
2020-12-10,115.20865631103516,118.1500015258789,118.33999633789062,115.06999969482422,115.06999969482422,355800
2020-12-11,115.28668212890625,118.2300033569336,118.5999984741211,115.80999755859375,116.75,215000
2020-12-14,113.90204620361328,116.80999755859375,119.9000015258789,116.52999877929688,119.80999755859375,220000
2020-12-15,115.813232421875,118.7699966430664,119.02999877929688,115.26000213623047,118.29000091552734,360500
2020-12-16,113.2682113647461,116.16000366210938,119.06999969482422,115.2699966430664,119.06999969482422,285600
2020-12-17,115.05265808105469,117.98999786376953,118.26000213623047,114.51000213623047,116.11000061035156,272600
2020-12-18,115.97899627685547,118.94000244140625,119.16000366210938,116.58999633789062,117.72000122070312,758600
2020-12-21,115.0624008178711,118.0,118.37999725341797,114.93000030517578,115.43000030517578,195100
2020-12-22,116.30078125,119.2699966430664,120.76000213623047,117.13999938964844,119.05999755859375,321800
2020-12-23,118.45577239990234,121.4800033569336,122.91000366210938,119.45999908447266,119.45999908447266,239600
2020-12-24,117.98772430419922,121.0,122.37999725341797,118.13999938964844,121.4800033569336,73700
2020-12-28,117.79268646240234,120.80000305175781,122.93000030517578,120.66999816894531,122.44999694824219,135000
2020-12-29,117.99747467041016,121.01000213623047,121.69999694824219,119.33999633789062,121.69999694824219,145500
2020-12-30,118.74829864501953,121.77999877929688,123.56999969482422,118.20999908447266,120.13999938964844,270200
2020-12-31,118.50452423095703,121.52999877929688,123.19000244140625,119.55999755859375,121.94000244140625,196300
2021-01-04,115.9107666015625,118.87000274658203,122.25,117.86000061035156,121.88999938964844,253400
2021-01-05,118.13397979736328,121.1500015258789,122.70999908447266,119.33999633789062,119.33999633789062,401200
2021-01-06,123.95536804199219,127.12000274658203,127.91000366210938,122.05999755859375,122.70999908447266,585500
2021-01-07,121.74186706542969,124.8499984741211,127.68000030517578,124.38999938964844,127.43000030517578,334700
2021-01-08,121.88815307617188,125.0,125.37999725341797,122.38999938964844,125.29000091552734,225600
2021-01-11,122.12216186523438,125.23999786376953,126.79000091552734,123.0199966430664,124.87999725341797,185900
2021-01-12,123.48731231689453,126.63999938964844,126.94999694824219,124.11000061035156,125.0199966430664,287200
2021-01-13,121.23482513427734,124.33000183105469,126.69999694824219,122.87000274658203,125.83999633789062,208900
2021-01-14,122.71697998046875,125.8499984741211,127.05000305175781,124.51000213623047,125.66999816894531,219500
2021-01-15,119.7136459350586,122.7699966430664,125.33999633789062,121.62000274658203,123.6500015258789,163500
2021-01-19,120.8935317993164,123.9800033569336,125.7300033569336,123.75,123.88999938964844,250300
2021-01-20,121.9271469116211,125.04000091552734,125.44000244140625,123.58000183105469,125.0,228100
2021-01-21,119.30410766601562,122.3499984741211,125.33999633789062,121.8499984741211,125.33999633789062,243100
2021-01-22,118.98231506347656,122.0199966430664,123.83000183105469,120.1500015258789,120.61000061035156,340700
2021-01-25,116.06675720214844,119.02999877929688,121.43000030517578,117.19999694824219,121.11000061035156,283100
2021-01-26,114.12631225585938,117.04000091552734,121.0199966430664,116.94000244140625,120.55000305175781,163600
2021-01-27,107.94412994384766,110.69999694824219,114.75,110.19000244140625,113.80999755859375,291400
2021-01-28,112.33210754394531,115.19999694824219,116.2300033569336,110.51000213623047,112.83000183105469,420000
2021-01-29,109.16300964355469,111.94999694824219,115.37999725341797,111.75,114.62999725341797,396600
2021-02-01,112.31262969970703,115.18000030517578,115.41000366210938,112.27999877929688,113.37999725341797,307900
2021-02-02,115.13065338134766,118.06999969482422,121.25,114.0,118.98999786376953,335000
2021-02-03,112.47836303710938,115.3499984741211,118.43000030517578,115.06999969482422,117.0999984741211,330000
2021-02-04,114.14580535888672,117.05999755859375,118.72000122070312,115.06999969482422,116.44999694824219,226200
2021-02-05,113.75575256347656,116.66000366210938,119.51000213623047,116.37000274658203,119.05000305175781,265900
2021-02-08,113.73625946044922,116.63999938964844,119.44999694824219,116.23999786376953,117.25,333300
2021-02-09,112.59539794921875,115.47000122070312,116.77999877929688,113.62000274658203,116.63999938964844,240800
2021-02-10,112.45887756347656,115.33000183105469,116.2699966430664,113.9000015258789,115.37000274658203,235200
2021-02-11,113.11219024658203,116.0,116.95999908447266,114.01000213623047,115.97000122070312,363600
2021-02-12,113.19020080566406,116.08000183105469,118.30000305175781,115.22000122070312,116.33999633789062,266000
2021-02-16,111.82505798339844,114.68000030517578,117.23999786376953,114.2699966430664,116.55000305175781,249700
2021-02-17,111.16197967529297,114.0,114.51000213623047,111.91000366210938,113.3499984741211,197200
2021-02-18,109.82611083984375,112.62999725341797,113.8499984741211,111.41999816894531,113.27999877929688,157000
2021-02-19,113.1003646850586,115.81999969482422,116.08999633789062,112.83999633789062,113.61000061035156,271800
2021-02-22,116.16661071777344,118.95999908447266,119.47000122070312,114.38999938964844,114.7300033569336,218800
2021-02-23,116.6353530883789,119.44000244140625,119.69000244140625,116.5,117.41000366210938,169000
2021-02-24,118.98875427246094,121.8499984741211,123.23999786376953,119.66000366210938,119.66000366210938,252200
2021-02-25,114.30148315429688,117.05000305175781,122.54000091552734,116.75,122.18000030517578,180200
2021-02-26,111.53792572021484,114.22000122070312,116.88999938964844,113.75,116.51000213623047,281000
2021-03-01,116.3814468383789,119.18000030517578,120.37000274658203,116.02999877929688,117.06999969482422,277900
2021-03-02,114.45770263671875,117.20999908447266,118.98999786376953,116.9000015258789,118.98999786376953,159500
2021-03-03,113.68624877929688,116.41999816894531,120.01000213623047,116.38999938964844,118.12000274658203,246800
2021-03-04,112.81716918945312,115.52999877929688,118.0,112.47000122070312,116.3499984741211,294800
2021-03-05,112.52420043945312,115.2300033569336,117.56999969482422,111.20999908447266,117.56999969482422,469900
2021-03-08,112.53396606445312,115.23999786376953,117.5,114.2300033569336,116.5999984741211,316300
2021-03-09,113.031982421875,115.75,118.5199966430664,113.75,115.29000091552734,284700
2021-03-10,115.03385925292969,117.80000305175781,119.08000183105469,116.29000091552734,116.6500015258789,163800
2021-03-11,114.20381164550781,116.94999694824219,119.20999908447266,116.22000122070312,118.52999877929688,265200
2021-03-12,117.91458129882812,120.75,120.91000366210938,117.02999877929688,118.29000091552734,166300
2021-03-15,121.34217834472656,124.26000213623047,124.4800033569336,120.3499984741211,120.4000015258789,272600
2021-03-16,118.71533966064453,121.56999969482422,124.23999786376953,120.56999969482422,123.77999877929688,345300
2021-03-17,120.82462310791016,123.7300033569336,124.56999969482422,121.20999908447266,121.66000366210938,194800
2021-03-18,118.62744140625,121.4800033569336,125.2699966430664,121.01000213623047,123.43000030517578,203700
2021-03-19,118.18802642822266,121.02999877929688,123.5199966430664,117.4800033569336,120.47000122070312,529300
2021-03-22,117.36774444580078,120.19000244140625,120.94999694824219,118.44999694824219,120.52999877929688,245700
2021-03-23,116.00060272216797,118.79000091552734,119.80000305175781,116.19000244140625,118.66999816894531,658800
2021-03-24,116.85018920898438,119.66000366210938,123.4800033569336,119.44999694824219,119.75,455000
2021-03-25,119.1352310180664,122.0,122.69999694824219,116.83999633789062,119.01000213623047,266300
2021-03-26,120.44377899169922,123.33999633789062,123.8499984741211,121.06999969482422,122.23999786376953,258900
2021-03-29,117.88529205322266,120.72000122070312,123.6500015258789,119.5,122.80999755859375,289400
2021-03-30,118.37355041503906,121.22000122070312,122.05999755859375,120.30999755859375,120.4800033569336,342300
2021-03-31,117.79740142822266,120.62999725341797,122.4000015258789,118.69000244140625,121.86000061035156,582300
2021-04-01,120.24846649169922,123.13999938964844,123.16999816894531,118.94000244140625,120.41999816894531,346500
2021-04-05,120.50235748291016,123.4000015258789,125.3499984741211,122.16999816894531,124.30999755859375,203600
2021-04-06,119.55513763427734,122.43000030517578,124.86000061035156,122.12000274658203,123.36000061035156,223500
2021-04-07,118.45167541503906,121.30000305175781,122.68000030517578,120.2300033569336,122.68000030517578,140600
2021-04-08,120.16059112548828,123.05000305175781,123.0999984741211,120.37999725341797,121.30999755859375,130800
2021-04-09,119.82855987548828,122.70999908447266,123.16000366210938,121.58000183105469,123.16000366210938,149000
2021-04-12,121.03942108154297,123.94999694824219,124.43000030517578,122.20999908447266,123.33000183105469,116200
2021-04-13,118.99852752685547,121.86000061035156,123.93000030517578,121.61000061035156,123.83000183105469,162300
2021-04-14,119.4184341430664,122.29000091552734,124.62999725341797,121.94000244140625,121.94999694824219,151700
2021-04-15,119.89691162109375,122.77999877929688,122.94999694824219,120.6500015258789,122.94999694824219,191600
2021-04-16,120.76602935791016,123.66999816894531,124.3499984741211,122.05000305175781,124.01000213623047,221100
2021-04-19,120.18010711669922,123.06999969482422,123.47000122070312,121.62000274658203,123.18000030517578,149300
2021-04-20,116.89900970458984,119.70999908447266,122.8499984741211,118.94999694824219,122.69999694824219,137400
2021-04-21,119.2035903930664,122.06999969482422,122.18000030517578,118.70999908447266,119.6500015258789,142300
2021-04-22,119.22311401367188,122.08999633789062,124.05000305175781,121.52999877929688,122.4800033569336,141900
2021-04-23,121.26404571533203,124.18000030517578,124.94999694824219,121.83000183105469,122.4800033569336,119100
2021-04-26,121.30311584472656,124.22000122070312,126.0199966430664,124.05000305175781,124.80000305175781,178400
2021-04-27,121.15662384033203,124.06999969482422,126.12000274658203,123.37000274658203,123.98999786376953,202600
2021-04-28,121.36168670654297,124.27999877929688,124.58999633789062,123.08999633789062,123.70999908447266,186600
2021-04-29,122.28939819335938,125.2300033569336,126.0999984741211,124.1500015258789,124.72000122070312,192700
2021-04-30,122.0745620727539,125.01000213623047,125.41000366210938,121.87000274658203,124.25,331200
2021-05-03,121.61558532714844,124.54000091552734,126.58000183105469,122.9800033569336,125.52999877929688,277300
2021-05-04,124.037353515625,127.0199966430664,130.0,123.70999908447266,130.0,580800
2021-05-05,121.43006134033203,124.3499984741211,127.51000213623047,123.41999816894531,127.06999969482422,401500
2021-05-06,123.42216491699219,126.38999938964844,126.91999816894531,120.56999969482422,124.12999725341797,975000
2021-05-07,126.87901306152344,129.92999267578125,130.22000122070312,124.38999938964844,125.55999755859375,408000
2021-05-10,125.07247924804688,128.0800018310547,130.75,126.47000122070312,129.58999633789062,417100
2021-05-11,121.85972595214844,124.79000091552734,127.95999908447266,124.37999725341797,125.9000015258789,249300
2021-05-12,116.0103759765625,118.80000305175781,125.58000183105469,118.16000366210938,123.97000122070312,363400
2021-05-13,118.3051986694336,121.1500015258789,122.45999908447266,118.83000183105469,118.83000183105469,355200
2021-05-14,119.03758239746094,121.9000015258789,122.56999969482422,121.19999694824219,122.5199966430664,334900
2021-05-17,119.10896301269531,121.80999755859375,122.4000015258789,120.30000305175781,121.04000091552734,146000
2021-05-18,116.80130004882812,119.44999694824219,122.66000366210938,119.33999633789062,122.0,108700
2021-05-19,116.52750396728516,119.16999816894531,119.27999877929688,116.7699966430664,117.45999908447266,165000
2021-05-20,117.92578887939453,120.5999984741211,120.5999984741211,118.54000091552734,119.22000122070312,152600
2021-05-21,118.8351821899414,121.52999877929688,122.9800033569336,117.23999786376953,121.62000274658203,161500
2021-05-24,119.80322265625,122.5199966430664,123.0999984741211,120.2300033569336,122.3499984741211,218900
2021-05-25,117.74002838134766,120.41000366210938,123.66000366210938,120.29000091552734,123.16999816894531,209100
2021-05-26,119.03074645996094,121.7300033569336,122.30999755859375,120.1500015258789,121.23999786376953,286000
2021-05-27,125.19104766845703,128.02999877929688,128.6699981689453,123.19999694824219,123.45999908447266,567700
2021-05-28,124.35989379882812,127.18000030517578,128.2100067138672,124.18000030517578,127.4800033569336,265900
2021-06-01,125.67017364501953,128.52000427246094,129.1699981689453,127.20999908447266,128.60000610351562,256400
2021-06-02,123.91008758544922,126.72000122070312,129.57000732421875,126.29000091552734,128.5800018310547,167800
2021-06-03,123.69496154785156,126.5,126.72000122070312,125.01000213623047,126.08999633789062,191400
2021-06-04,124.14476776123047,126.95999908447266,128.80999755859375,125.94999694824219,126.33000183105469,130300
2021-06-07,122.51180267333984,125.29000091552734,127.5999984741211,124.77999877929688,127.5999984741211,221600
2021-06-08,123.79275512695312,126.5999984741211,126.91000366210938,123.97000122070312,125.66000366210938,566300
2021-06-09,120.2823715209961,123.01000213623047,126.31999969482422,122.95999908447266,126.31999969482422,206700
2021-06-10,119.41209411621094,122.12000274658203,124.86000061035156,121.69000244140625,123.87999725341797,203400
2021-06-11,120.45836639404297,123.19000244140625,124.2699966430664,122.5,123.19999694824219,240600
2021-06-14,118.7765121459961,121.47000122070312,123.37000274658203,120.33999633789062,122.98999786376953,239400
2021-06-15,118.78628540039062,121.4800033569336,122.63999938964844,120.95999908447266,121.7699966430664,262900
2021-06-16,117.41732788085938,120.08000183105469,122.29000091552734,119.91999816894531,121.31999969482422,260500
2021-06-17,114.96299743652344,117.56999969482422,120.7300033569336,116.04000091552734,119.61000061035156,253300
2021-06-18,115.22698974609375,117.83999633789062,118.8499984741211,115.80999755859375,115.81999969482422,518700
2021-06-21,118.82539367675781,121.5199966430664,122.01000213623047,118.38999938964844,118.38999938964844,328800
2021-06-22,119.71522521972656,122.43000030517578,123.33000183105469,120.11000061035156,121.25,431000
2021-06-23,118.56138610839844,121.25,123.73999786376953,121.16999816894531,122.58999633789062,169700
2021-06-24,119.94989776611328,122.66999816894531,123.18000030517578,120.68000030517578,121.97000122070312,246300
2021-06-25,120.97663116455078,123.72000122070312,124.61000061035156,122.5,123.33000183105469,515100
2021-06-28,117.77912902832031,120.44999694824219,123.19999694824219,120.18000030517578,123.19999694824219,182400
2021-06-29,116.75241088867188,119.4000015258789,121.6500015258789,119.27999877929688,121.18000030517578,266000
2021-06-30,120.15524291992188,122.87999725341797,123.1500015258789,118.83000183105469,119.29000091552734,377900
2021-07-01,120.63436889648438,123.37000274658203,124.1500015258789,122.61000061035156,123.72000122070312,247300
2021-07-02,121.26017761230469,124.01000213623047,124.41000366210938,122.20999908447266,123.31999969482422,159500
2021-07-06,119.41209411621094,122.12000274658203,123.62999725341797,120.41000366210938,123.62999725341797,344700
2021-07-07,119.5978775024414,122.30999755859375,124.0,122.13999938964844,122.5199966430664,180300
2021-07-08,116.83064270019531,119.4800033569336,121.18000030517578,118.9000015258789,120.0,196000
2021-07-09,120.31170654296875,123.04000091552734,123.25,121.47000122070312,121.62000274658203,293500
2021-07-12,119.45122528076172,122.16000366210938,122.93000030517578,120.75,121.75,189700
2021-07-13,117.85733795166016,120.52999877929688,121.86000061035156,120.41999816894531,121.4000015258789,153500
2021-07-14,117.15331268310547,119.80999755859375,121.43000030517578,118.83999633789062,121.02999877929688,118700
2021-07-15,116.68396759033203,119.33000183105469,120.37000274658203,118.19999694824219,118.76000213623047,143800
2021-07-16,114.68919372558594,117.29000091552734,120.9000015258789,117.01000213623047,120.08999633789062,198200
2021-07-19,110.29875183105469,112.80000305175781,114.98999786376953,112.18000030517578,114.98999786376953,277100
2021-07-20,115.87236785888672,118.5,119.7300033569336,112.93000030517578,113.13999938964844,301400
2021-07-21,117.8475570678711,120.5199966430664,121.45999908447266,119.2699966430664,119.54000091552734,204200
2021-07-22,115.92124938964844,118.55000305175781,120.44999694824219,117.87999725341797,119.94000244140625,174600
2021-07-23,116.90884399414062,119.55999755859375,120.19000244140625,118.41000366210938,119.62000274658203,169000
2021-07-26,118.04313659667969,120.72000122070312,121.25,119.05000305175781,119.73999786376953,175400
2021-07-27,117.3586654663086,120.0199966430664,120.80000305175781,118.97000122070312,120.0999984741211,224000
2021-07-28,119.607666015625,122.31999969482422,123.58000183105469,120.3499984741211,121.05000305175781,322900
2021-07-29,120.22369384765625,122.94999694824219,123.91999816894531,121.16000366210938,122.94999694824219,199600
2021-07-30,118.86450958251953,121.55999755859375,123.9000015258789,121.19000244140625,122.25,238000
2021-08-02,119.12852478027344,121.83000183105469,126.37999725341797,121.51000213623047,122.83000183105469,332000
2021-08-03,110.57255554199219,113.08000183105469,113.95999908447266,108.95999908447266,111.0,996100
2021-08-04,106.94480895996094,109.37000274658203,114.26000213623047,109.3499984741211,111.98999786376953,445100
2021-08-05,112.10771179199219,114.6500015258789,115.19000244140625,111.44000244140625,111.44000244140625,429400
2021-08-06,111.10057830810547,113.62000274658203,115.51000213623047,113.30000305175781,115.33999633789062,218000
2021-08-09,109.26226043701172,111.73999786376953,113.38999938964844,110.62000274658203,113.38999938964844,341100
2021-08-10,110.68989562988281,113.19999694824219,113.43000030517578,111.0199966430664,112.05000305175781,273300
2021-08-11,115.68657684326172,118.30999755859375,118.44999694824219,112.29000091552734,113.87999725341797,494300
2021-08-12,115.02165985107422,117.62999725341797,119.30000305175781,116.8499984741211,118.1500015258789,229200
2021-08-13,114.319580078125,116.75,118.37000274658203,116.4800033569336,117.62000274658203,127700
2021-08-16,113.34040069580078,115.75,116.55999755859375,114.63999938964844,115.75,138000
2021-08-17,114.67208099365234,117.11000061035156,117.22000122070312,114.31999969482422,114.68000030517578,269000
2021-08-18,115.50439453125,117.95999908447266,119.94999694824219,115.61000061035156,116.97000122070312,419200
2021-08-19,114.21187591552734,116.63999938964844,118.19999694824219,115.38999938964844,116.73999786376953,233500
2021-08-20,116.25836944580078,118.7300033569336,119.55999755859375,116.54000091552734,116.54000091552734,177600
2021-08-23,117.04170227050781,119.52999877929688,120.44000244140625,118.2300033569336,119.81999969482422,159000
2021-08-24,119.20569610595703,121.73999786376953,122.51000213623047,120.02999877929688,120.2300033569336,141700
2021-08-25,119.52883911132812,122.06999969482422,122.88999938964844,121.19000244140625,121.77999877929688,176900
2021-08-26,118.57903289794922,121.0999984741211,121.86000061035156,119.97000122070312,121.6500015258789,112600
2021-08-27,120.78217315673828,123.3499984741211,124.04000091552734,121.4800033569336,121.4800033569336,165700
2021-08-30,119.83238220214844,122.37999725341797,123.87000274658203,121.66000366210938,123.69000244140625,119600
2021-08-31,118.42235565185547,120.94000244140625,122.88999938964844,120.9000015258789,122.0199966430664,184300
2021-09-01,119.45050048828125,121.98999786376953,122.16999816894531,120.33000183105469,121.33999633789062,233600
2021-09-02,119.8911361694336,122.44000244140625,122.6500015258789,121.41999816894531,122.1500015258789,191000
2021-09-03,117.43338012695312,119.93000030517578,122.41999816894531,119.47000122070312,122.12999725341797,198600
2021-09-07,117.32567596435547,119.81999969482422,121.43000030517578,118.8499984741211,119.62999725341797,292000
2021-09-08,117.05149841308594,119.54000091552734,119.94999694824219,118.19999694824219,119.69999694824219,262700
2021-09-09,116.61087036132812,119.08999633789062,120.38999938964844,118.52999877929688,119.45999908447266,134400
2021-09-10,118.32443237304688,120.83999633789062,122.88999938964844,117.48999786376953,119.44999694824219,413900
2021-09-13,120.54719543457031,123.11000061035156,123.94000244140625,120.6500015258789,122.33000183105469,295900
2021-09-14,120.26322174072266,122.81999969482422,124.30000305175781,121.86000061035156,123.77999877929688,221100
2021-09-15,119.84217834472656,122.38999938964844,123.48999786376953,121.61000061035156,123.11000061035156,300200
2021-09-16,115.47501373291016,117.93000030517578,122.69000244140625,117.73999786376953,122.37000274658203,560500
2021-09-17,113.94749450683594,116.37000274658203,118.29000091552734,114.77999877929688,116.91000366210938,1410300
2021-09-20,114.87771606445312,117.31999969482422,117.33999633789062,113.51000213623047,114.01000213623047,403100
2021-09-21,112.58642578125,114.9800033569336,118.30999755859375,114.70999908447266,118.30999755859375,346800
2021-09-22,113.75165557861328,116.16999816894531,117.72000122070312,115.41999816894531,115.77999877929688,525400
2021-09-23,112.96831512451172,115.37000274658203,117.0999984741211,113.76000213623047,114.02999877929688,633800
2021-09-24,112.55705261230469,114.94999694824219,115.86000061035156,113.88999938964844,114.2300033569336,222300
2021-09-27,113.42852783203125,115.83999633789062,117.98999786376953,115.16999816894531,115.25,265400
2021-09-28,111.42119598388672,113.79000091552734,115.94000244140625,113.61000061035156,115.69000244140625,304500
2021-09-29,111.215576171875,113.58000183105469,115.23999786376953,113.0,113.98999786376953,573500
2021-09-30,110.84349060058594,113.19999694824219,115.37999725341797,113.0999984741211,114.54000091552734,428100
2021-10-01,115.19103240966797,117.63999938964844,117.91000366210938,113.61000061035156,113.61000061035156,297400
2021-10-04,113.8593521118164,116.27999877929688,117.9800033569336,115.73999786376953,117.45999908447266,185600
2021-10-05,113.71247863769531,116.12999725341797,117.7699966430664,113.7699966430664,116.05999755859375,140600
2021-10-06,112.91934967041016,115.31999969482422,115.63999938964844,113.27999877929688,115.12999725341797,213700
2021-10-07,113.22288513183594,115.62999725341797,117.9000015258789,115.43000030517578,116.0,223200
2021-10-08,112.7137222290039,115.11000061035156,117.54000091552734,114.81999969482422,115.6500015258789,349300
2021-10-11,112.15557861328125,114.54000091552734,117.4000015258789,114.45999908447266,115.08999633789062,191200
2021-10-12,112.1849594116211,114.56999969482422,116.27999877929688,113.7300033569336,114.25,139800
2021-10-13,113.03685760498047,115.44000244140625,115.70999908447266,113.6500015258789,114.41000366210938,158800
2021-10-14,113.41871643066406,115.83000183105469,116.70999908447266,115.0,116.3499984741211,145100
2021-10-15,113.05642700195312,115.45999908447266,117.79000091552734,115.37000274658203,116.30999755859375,202300
2021-10-18,112.126220703125,114.51000213623047,115.25,114.05999755859375,114.91999816894531,242700
2021-10-19,112.06745910644531,114.44999694824219,115.31999969482422,113.86000061035156,114.97000122070312,198200
2021-10-20,112.53746032714844,114.93000030517578,115.79000091552734,114.19999694824219,114.26000213623047,490300
2021-10-21,112.60601806640625,115.0,116.41999816894531,114.63999938964844,114.63999938964844,207000
2021-10-22,111.90099334716797,114.27999877929688,115.6500015258789,114.13999938964844,115.1500015258789,148700
2021-10-25,110.96098327636719,113.31999969482422,115.30999755859375,113.2300033569336,114.41999816894531,249000
2021-10-26,110.667236328125,113.0199966430664,114.19999694824219,112.80999755859375,112.94999694824219,140600
2021-10-27,108.4444808959961,110.75,113.44000244140625,110.62999725341797,113.27999877929688,139500
2021-10-28,110.05033874511719,112.38999938964844,112.80999755859375,110.63999938964844,110.94000244140625,198100
2021-10-29,110.59868621826172,112.94999694824219,113.29000091552734,111.08999633789062,112.16000366210938,187600
2021-11-01,113.2522964477539,115.66000366210938,115.91999816894531,113.26000213623047,113.26000213623047,239600
2021-11-02,112.96831512451172,115.37000274658203,115.97000122070312,114.56999969482422,115.75,140800
2021-11-03,113.97686004638672,116.4000015258789,116.4800033569336,114.16999816894531,115.19000244140625,179900
2021-11-04,113.01728057861328,115.41999816894531,118.13999938964844,115.11000061035156,116.80999755859375,242300
2021-11-05,118.01109313964844,120.5199966430664,120.63999938964844,116.83999633789062,116.83999633789062,268900
2021-11-08,116.45418548583984,118.93000030517578,121.41999816894531,118.51000213623047,121.06999969482422,156900
2021-11-09,116.9242172241211,119.41000366210938,119.43000030517578,117.91999816894531,118.12999725341797,124400
2021-11-10,117.14942169189453,119.63999938964844,121.05999755859375,119.26000213623047,119.41999816894531,155700
2021-11-11,115.71002197265625,118.16999816894531,121.54000091552734,118.0,119.76000213623047,104000
2021-11-12,114.9775619506836,117.26000213623047,120.66999816894531,116.98999786376953,120.66999816894531,123400
2021-11-15,114.30099487304688,116.56999969482422,118.77999877929688,115.6500015258789,118.16999816894531,175700
2021-11-16,112.40856170654297,114.63999938964844,117.22000122070312,114.36000061035156,116.91000366210938,187100
2021-11-17,113.40872192382812,115.66000366210938,115.80999755859375,113.41000366210938,114.22000122070312,308600
2021-11-18,112.22224426269531,114.44999694824219,116.48999786376953,113.91999816894531,116.48999786376953,327600
2021-11-19,111.94770050048828,114.16999816894531,114.80000305175781,108.9000015258789,111.0,539100
2021-11-22,113.5557861328125,115.80999755859375,116.98999786376953,103.0199966430664,103.20999908447266,342500
2021-11-23,113.9185791015625,116.18000030517578,116.9800033569336,115.06999969482422,116.01000213623047,194400
2021-11-24,112.55562591552734,114.79000091552734,116.25,113.94999694824219,115.81999969482422,133000
2021-11-26,105.9272232055664,108.02999877929688,112.30000305175781,106.48999786376953,111.73999786376953,313800
2021-11-29,106.98619842529297,109.11000061035156,110.33999633789062,107.77999877929688,109.48999786376953,344100
2021-11-30,103.74063873291016,105.80000305175781,108.04000091552734,105.0999984741211,107.9000015258789,383300
2021-12-01,100.67154693603516,102.66999816894531,109.81999969482422,102.43000030517578,108.0199966430664,363300
2021-12-02,105.56442260742188,107.66000366210938,108.47000122070312,103.19000244140625,103.45999908447266,300300
2021-12-03,104.43680572509766,106.51000213623047,108.41000366210938,105.51000213623047,107.94999694824219,267700
2021-12-06,105.69189453125,107.79000091552734,110.0199966430664,105.91000366210938,108.1500015258789,233200
2021-12-07,105.69189453125,107.79000091552734,110.30000305175781,107.4000015258789,107.97000122070312,210300
2021-12-08,106.8096923828125,108.93000030517578,110.12000274658203,106.87999725341797,110.12000274658203,249200
2021-12-09,105.74092864990234,107.83999633789062,108.16999816894531,106.16000366210938,107.62999725341797,227600
2021-12-10,106.13314819335938,108.23999786376953,109.63999938964844,107.05000305175781,108.94999694824219,208500
2021-12-13,104.3975830078125,106.47000122070312,108.31999969482422,105.80000305175781,107.8499984741211,256300
2021-12-14,103.52491760253906,105.58000183105469,108.01000213623047,104.83000183105469,105.94999694824219,188200
2021-12-15,105.32908630371094,107.41999816894531,107.80000305175781,104.54000091552734,105.93000030517578,360000
2021-12-16,103.96615600585938,106.02999877929688,108.58999633789062,105.94999694824219,108.08000183105469,187300
2021-12-17,103.72102355957031,105.77999877929688,107.37999725341797,104.31999969482422,105.93000030517578,795400
2021-12-20,100.7499771118164,102.75,104.75,101.27999877929688,104.0199966430664,235800
2021-12-21,104.48582458496094,106.55999755859375,106.5999984741211,102.87999725341797,103.79000091552734,226700
2021-12-22,104.15245056152344,106.22000122070312,106.79000091552734,105.12999725341797,106.23999786376953,224000
2021-12-23,105.63306427001953,107.7300033569336,108.37000274658203,105.54000091552734,106.91000366210938,172600
2021-12-27,106.86853790283203,108.98999786376953,109.12000274658203,107.0999984741211,107.69000244140625,140100
2021-12-28,107.54510498046875,109.68000030517578,110.4000015258789,109.04000091552734,109.16999816894531,113100
2021-12-29,107.65296936035156,109.79000091552734,110.38999938964844,106.9800033569336,109.27999877929688,129600
2021-12-30,107.71178436279297,109.8499984741211,111.0999984741211,109.22000122070312,109.91000366210938,204900
2021-12-31,107.32940673828125,109.45999908447266,111.05999755859375,103.94999694824219,109.41999816894531,149000
2022-01-03,108.32953643798828,110.4800033569336,112.0,108.87000274658203,109.55999755859375,207500
2022-01-04,110.4572982788086,112.6500015258789,112.88999938964844,111.19999694824219,111.30999755859375,243700
2022-01-05,108.24128723144531,110.38999938964844,114.62000274658203,110.1500015258789,113.16000366210938,325200
2022-01-06,108.27070617675781,110.41999816894531,111.98999786376953,110.0999984741211,111.08999633789062,223800
2022-01-07,109.85916900634766,112.04000091552734,115.0,111.9000015258789,112.06999969482422,351600
2022-01-10,108.3981704711914,110.55000305175781,112.58000183105469,109.08000183105469,111.16000366210938,322000
2022-01-11,111.2417221069336,113.44999694824219,113.6500015258789,109.83999633789062,110.91000366210938,266500
2022-01-12,111.71238708496094,113.93000030517578,114.5,113.01000213623047,113.51000213623047,207700
2022-01-13,112.9772720336914,115.22000122070312,116.2699966430664,113.95999908447266,114.63999938964844,215100
2022-01-14,115.37957763671875,117.66999816894531,117.91000366210938,113.6500015258789,113.97000122070312,426400
2022-01-18,114.35001373291016,116.62000274658203,117.87000274658203,115.6500015258789,117.12000274658203,255100
2022-01-19,113.40872192382812,115.66000366210938,117.6500015258789,114.30000305175781,117.11000061035156,219200
2022-01-20,111.82022857666016,114.04000091552734,116.75,113.72000122070312,115.9000015258789,374700
2022-01-21,109.30025482177734,111.47000122070312,114.37999725341797,110.8499984741211,113.44000244140625,380900
2022-01-24,110.07489013671875,112.26000213623047,112.5999984741211,107.68000030517578,110.55999755859375,297400
2022-01-25,108.62369537353516,110.77999877929688,111.73999786376953,107.25,110.80000305175781,223700
2022-01-26,107.25093841552734,109.37999725341797,113.0199966430664,108.44999694824219,111.86000061035156,279800
2022-01-27,105.37812042236328,107.47000122070312,110.94999694824219,106.11000061035156,110.52999877929688,340400
2022-01-28,106.74107360839844,108.86000061035156,108.91999816894531,104.7699966430664,107.3499984741211,366000
2022-01-31,108.12361145019531,110.2699966430664,110.41000366210938,105.56999969482422,107.5999984741211,551300
2022-02-01,107.32940673828125,109.45999908447266,109.9800033569336,104.5,106.95999908447266,587100
2022-02-02,109.33948516845703,111.51000213623047,112.58000183105469,109.08000183105469,109.45999908447266,476800
2022-02-03,108.4864273071289,110.63999938964844,112.55999755859375,110.1500015258789,110.62000274658203,464000
2022-02-04,108.10401153564453,110.25,110.97000122070312,107.94999694824219,109.75,384400
2022-02-07,109.94741821289062,112.12999725341797,112.83000183105469,109.23999786376953,110.12999725341797,366900
2022-02-08,112.81059265136719,115.05000305175781,115.33000183105469,111.33999633789062,112.3499984741211,533400
2022-02-09,115.01678466796875,117.30000305175781,117.7300033569336,115.44999694824219,115.5,609500
2022-02-10,114.11467742919922,116.37999725341797,119.19999694824219,115.5999984741211,116.02999877929688,464900
2022-02-11,112.27127838134766,114.5,117.72000122070312,113.87999725341797,116.69999694824219,702800
2022-02-14,113.24200439453125,115.48999786376953,115.87999725341797,113.91999816894531,114.36000061035156,493700
2022-02-15,116.49739074707031,118.80999755859375,119.13999938964844,115.0,116.43000030517578,328200
2022-02-16,118.60553741455078,120.95999908447266,122.0199966430664,118.41000366210938,118.52999877929688,436600
2022-02-17,118.0752182006836,120.2300033569336,120.63999938964844,118.01000213623047,119.9000015258789,441800
2022-02-18,118.18324279785156,120.33999633789062,121.7699966430664,118.83000183105469,119.58999633789062,481100
2022-02-22,115.03076934814453,117.12999725341797,120.81999969482422,116.68000030517578,120.16000366210938,662200
2022-02-23,115.83606719970703,117.94999694824219,120.29000091552734,117.7300033569336,118.29000091552734,365000
2022-02-24,117.73149108886719,119.87999725341797,120.25,114.2300033569336,115.44000244140625,445900
2022-02-25,120.75628662109375,122.95999908447266,123.25,116.4000015258789,120.27999877929688,551400
2022-02-28,122.3963623046875,124.62999725341797,125.41000366210938,121.80000305175781,122.66000366210938,662300
2022-03-01,119.55814361572266,121.73999786376953,125.0199966430664,120.08999633789062,124.7300033569336,602300
2022-03-02,121.9151382446289,124.13999938964844,125.0999984741211,122.30999755859375,122.7300033569336,566400
2022-03-03,119.0671157836914,121.23999786376953,124.61000061035156,119.43000030517578,124.61000061035156,570900
2022-03-04,116.47442626953125,118.5999984741211,120.55000305175781,116.88999938964844,120.55000305175781,337800
2022-03-07,113.36124420166016,115.43000030517578,119.94000244140625,115.3499984741211,118.37999725341797,303400
2022-03-08,114.42190551757812,116.51000213623047,118.8499984741211,115.13999938964844,116.16999816894531,348400
2022-03-09,117.31900787353516,119.45999908447266,120.62000274658203,118.16999816894531,118.16999816894531,492200
2022-03-10,118.7626724243164,120.93000030517578,121.33000183105469,117.0199966430664,117.12999725341797,365900
2022-03-11,119.63672637939453,121.81999969482422,123.69999694824219,120.29000091552734,121.41000366210938,347600
2022-03-14,119.9804458618164,122.16999816894531,123.95999908447266,121.58000183105469,122.86000061035156,594800
2022-03-15,122.01335144042969,124.23999786376953,124.48999786376953,119.69000244140625,122.69000244140625,598000
2022-03-16,121.06072998046875,123.2699966430664,127.87999725341797,122.19000244140625,124.9000015258789,700100
2022-03-17,122.62224578857422,124.86000061035156,125.51000213623047,122.33000183105469,123.05999755859375,658800
2022-03-18,121.20805358886719,123.41999816894531,125.87999725341797,123.29000091552734,124.16000366210938,2606200
2022-03-21,122.288330078125,124.5199966430664,124.86000061035156,121.54000091552734,122.88999938964844,582500
2022-03-22,123.8301773071289,126.08999633789062,126.83000183105469,125.0,125.48999786376953,323300
2022-03-23,123.23114013671875,125.4800033569336,126.8499984741211,125.27999877929688,126.0,310700
2022-03-24,123.24095153808594,125.48999786376953,125.9000015258789,122.97000122070312,124.93000030517578,359700
2022-03-25,123.66323852539062,125.91999816894531,126.51000213623047,125.16000366210938,125.80999755859375,364800
2022-03-28,122.72044372558594,124.95999908447266,125.91999816894531,124.19999694824219,125.4000015258789,305000
2022-03-29,126.07917022705078,128.3800048828125,128.72999572753906,125.41999816894531,125.80000305175781,559400
2022-03-30,125.1756362915039,127.45999908447266,129.1199951171875,126.62999725341797,128.16000366210938,715200
2022-03-31,122.67134094238281,124.91000366210938,128.63999938964844,124.77999877929688,127.26000213623047,324900
2022-04-01,122.74009704589844,124.9800033569336,126.25,122.62000274658203,125.19000244140625,479800
2022-04-04,121.679443359375,123.9000015258789,124.51000213623047,122.36000061035156,124.37000274658203,401800
2022-04-05,118.54660034179688,120.70999908447266,125.29000091552734,120.54000091552734,123.6500015258789,463100
2022-04-06,116.90653991699219,119.04000091552734,120.20999908447266,118.73999786376953,120.16999816894531,354700
2022-04-07,116.13070678710938,118.25,119.44999694824219,116.88999938964844,119.0,406600
2022-04-08,114.03888702392578,116.12000274658203,119.13999938964844,116.04000091552734,118.43000030517578,333500
2022-04-11,113.39069366455078,115.45999908447266,118.0999984741211,115.3499984741211,115.7699966430664,448700
2022-04-12,113.69515228271484,115.7699966430664,117.30999755859375,115.43000030517578,115.83999633789062,303800
2022-04-13,114.89328002929688,116.98999786376953,117.16999816894531,115.4000015258789,115.87000274658203,286100
2022-04-14,115.0111312866211,117.11000061035156,118.33999633789062,116.97000122070312,117.36000061035156,289800
2022-04-18,115.32539367675781,117.43000030517578,118.66999816894531,116.75,117.02999877929688,364500
2022-04-19,118.53678894042969,120.69999694824219,121.12999725341797,117.7300033569336,117.7300033569336,250200
2022-04-20,120.99197387695312,123.19999694824219,123.7300033569336,121.25,121.55000305175781,279700
2022-04-21,116.12088012695312,118.23999786376953,124.61000061035156,117.56999969482422,123.75,693800
2022-04-22,114.53972625732422,116.62999725341797,118.69000244140625,116.44000244140625,117.73999786376953,412500
2022-04-25,113.77371215820312,115.8499984741211,116.1500015258789,113.37000274658203,115.95999908447266,463000
2022-04-26,110.45429229736328,112.47000122070312,116.18000030517578,112.4000015258789,114.87999725341797,526600
2022-04-27,109.9632339477539,111.97000122070312,113.37999725341797,111.05999755859375,112.13999938964844,837800
2022-04-28,111.4658203125,113.5,114.3499984741211,110.7300033569336,112.5199966430664,393600
2022-04-29,108.49996948242188,110.4800033569336,113.94999694824219,110.2699966430664,112.73999786376953,678700
2022-05-02,107.73393249511719,109.69999694824219,112.30000305175781,107.12999725341797,110.88999938964844,729400
2022-05-03,100.17193603515625,102.0,105.91999816894531,100.0,100.0,1629900
2022-05-04,104.85645294189453,106.7699966430664,107.16999816894531,101.0,101.61000061035156,734300
2022-05-05,103.4029769897461,105.29000091552734,106.98999786376953,103.72000122070312,106.22000122070312,537900
2022-05-06,102.38160705566406,104.25,105.45999908447266,101.93000030517578,105.36000061035156,445900
2022-05-09,96.57752227783203,98.33999633789062,103.19999694824219,98.02999877929688,102.91000366210938,659600
2022-05-10,95.41868591308594,97.16000366210938,100.98999786376953,96.83000183105469,99.37000274658203,541000
2022-05-11,95.7525863647461,97.5,100.44999694824219,96.69000244140625,97.1500015258789,596400
2022-05-12,97.10785675048828,98.87999725341797,99.0,95.72000122070312,96.9800033569336,725000
2022-05-13,98.12922668457031,99.91999816894531,101.05000305175781,98.80999755859375,100.2300033569336,293900
2022-05-16,97.23382568359375,98.81999969482422,99.87999725341797,97.7699966430664,99.87000274658203,309300
2022-05-17,99.96920776367188,101.5999984741211,101.81999969482422,99.43000030517578,100.01000213623047,401500
2022-05-18,97.43060302734375,99.0199966430664,101.94999694824219,98.63999938964844,100.37000274658203,267800
2022-05-19,95.4233627319336,96.9800033569336,100.19000244140625,96.80999755859375,97.95999908447266,700600
2022-05-20,93.86870574951172,95.4000015258789,98.27999877929688,93.19999694824219,98.27999877929688,399600
2022-05-23,95.66934204101562,97.2300033569336,97.94000244140625,95.37000274658203,96.54000091552734,338300
2022-05-24,95.83662414550781,97.4000015258789,97.77999877929688,94.6500015258789,96.23999786376953,320400
2022-05-25,95.7972640991211,97.36000061035156,97.80999755859375,95.1500015258789,96.68000030517578,329600
2022-05-26,98.41455841064453,100.0199966430664,100.55999755859375,98.19000244140625,98.19000244140625,251400
2022-05-27,100.59893035888672,102.23999786376953,102.27999877929688,100.08000183105469,100.5999984741211,233200
2022-05-31,99.97903442382812,101.61000061035156,102.66999816894531,100.2699966430664,101.86000061035156,374000
2022-06-01,99.75272369384766,101.37999725341797,101.9800033569336,99.06999969482422,101.68000030517578,265000
2022-06-02,101.13026428222656,102.77999877929688,103.3499984741211,97.31999969482422,101.87999725341797,371200
2022-06-03,99.77242279052734,101.4000015258789,103.19999694824219,100.80999755859375,102.27999877929688,271900
2022-06-06,100.06758117675781,101.69999694824219,102.19000244140625,100.8499984741211,101.63999938964844,272900
2022-06-07,100.97282409667969,102.62000274658203,102.69999694824219,100.68000030517578,101.06999969482422,235000
2022-06-08,99.43785095214844,101.05999755859375,102.08000183105469,100.41000366210938,101.9800033569336,231200
2022-06-09,97.63725280761719,99.2300033569336,100.68000030517578,99.18000030517578,100.44999694824219,275200
2022-06-10,94.79362487792969,96.33999633789062,97.9000015258789,96.08000183105469,97.9000015258789,312900
2022-06-13,91.4383773803711,92.93000030517578,94.56999969482422,92.19000244140625,94.20999908447266,358200
2022-06-14,89.3425521850586,90.80000305175781,94.6500015258789,90.16000366210938,93.37999725341797,380100
2022-06-15,90.67088317871094,92.1500015258789,93.12000274658203,90.51000213623047,92.12999725341797,363000
2022-06-16,86.85316467285156,88.2699966430664,91.88999938964844,87.79000091552734,90.75,387600
2022-06-17,88.63410949707031,90.08000183105469,90.73999786376953,87.58999633789062,88.5,946500
2022-06-21,89.69677734375,91.16000366210938,92.63999938964844,90.26000213623047,91.9000015258789,288600
2022-06-22,89.21463775634766,90.66999816894531,91.12999725341797,89.56999969482422,89.61000061035156,276000
2022-06-23,88.201171875,89.63999938964844,90.94000244140625,88.52999877929688,90.66999816894531,186300
2022-06-24,92.24519348144531,93.75,94.0,90.52999877929688,90.69000244140625,452600
2022-06-27,92.04843139648438,93.55000305175781,94.69999694824219,92.86000061035156,94.44000244140625,245800
2022-06-28,91.03495025634766,92.5199966430664,95.33000183105469,92.41999816894531,94.1500015258789,250700
2022-06-29,90.36587524414062,91.83999633789062,92.9800033569336,90.63999938964844,92.44999694824219,262900
2022-06-30,91.00542449951172,92.48999786376953,92.69999694824219,90.04000091552734,90.76000213623047,297600
2022-07-01,91.97953033447266,93.4800033569336,93.97000122070312,91.69000244140625,92.3499984741211,285900
2022-07-05,90.61184692382812,92.08999633789062,93.0999984741211,89.20999908447266,91.91999816894531,254800
2022-07-06,90.40520477294922,91.87999725341797,93.94999694824219,90.55000305175781,92.56999969482422,244000
2022-07-07,91.72370910644531,93.22000122070312,93.79000091552734,92.33999633789062,92.33999633789062,183100
2022-07-08,91.51708221435547,93.01000213623047,93.4800033569336,91.97000122070312,93.33999633789062,141600
2022-07-11,90.55280303955078,92.02999877929688,93.0,91.63999938964844,92.37000274658203,129800
2022-07-12,90.18875122070312,91.66000366210938,93.22000122070312,91.13999938964844,91.13999938964844,293800
2022-07-13,88.67346954345703,90.12000274658203,91.20999908447266,89.72000122070312,90.5,256400
2022-07-14,87.77806091308594,89.20999908447266,89.3499984741211,87.9000015258789,88.44000244140625,214700
2022-07-15,88.2700424194336,89.70999908447266,91.62000274658203,89.16000366210938,90.69999694824219,251800
2022-07-18,88.81121826171875,90.26000213623047,91.97000122070312,89.83999633789062,90.87999725341797,290600
2022-07-19,93.02252197265625,94.54000091552734,94.87999725341797,89.76000213623047,90.4000015258789,229600
2022-07-20,94.59683227539062,96.13999938964844,96.2300033569336,93.55999755859375,95.04000091552734,248900
2022-07-21,96.19083404541016,97.76000213623047,97.81999969482422,94.86000061035156,96.25,289800
2022-07-22,95.38400268554688,96.94000244140625,98.73999786376953,94.83000183105469,98.29000091552734,240400
2022-07-25,96.45649719238281,98.02999877929688,98.4800033569336,96.70999908447266,97.31999969482422,257700
2022-07-26,96.24002838134766,97.80999755859375,98.79000091552734,97.25,98.05999755859375,162500
2022-07-27,98.37521362304688,99.9800033569336,101.06999969482422,98.08999633789062,98.08999633789062,364500
2022-07-28,100.47101593017578,102.11000061035156,102.19999694824219,99.51000213623047,100.75,256700
2022-07-29,103.01942443847656,104.69999694824219,105.11000061035156,101.36000061035156,102.26000213623047,394400
2022-08-01,103.10798645019531,104.79000091552734,105.55999755859375,103.2699966430664,105.5199966430664,449500
2022-08-02,91.79258728027344,93.29000091552734,95.8499984741211,87.44000244140625,87.7699966430664,1699000
2022-08-03,93.63257598876953,95.16000366210938,95.91999816894531,92.13999938964844,94.58999633789062,578800
2022-08-04,92.2156753540039,93.72000122070312,96.26000213623047,93.6500015258789,95.27999877929688,398900
2022-08-05,93.7014389038086,95.2300033569336,95.41999816894531,92.7699966430664,93.4000015258789,476300
2022-08-08,96.37776947021484,97.94999694824219,98.55000305175781,95.38999938964844,96.3499984741211,520500
2022-08-09,96.51554107666016,98.08999633789062,98.44000244140625,96.41000366210938,98.18000030517578,474400
2022-08-10,98.7392578125,100.3499984741211,100.7300033569336,98.1500015258789,99.33999633789062,337900
2022-08-11,99.24108123779297,100.86000061035156,103.29000091552734,100.75,101.51000213623047,308000
2022-08-12,101.60700225830078,103.06999969482422,103.12999725341797,100.83999633789062,100.95999908447266,257900
2022-08-15,102.78997802734375,104.2699966430664,104.48999786376953,102.7699966430664,102.7699966430664,393700
2022-08-16,103.01670837402344,104.5,105.16000366210938,103.36000061035156,103.70999908447266,456200
2022-08-17,102.31680297851562,103.79000091552734,104.27999877929688,102.73999786376953,103.08000183105469,340500
2022-08-18,102.54352569580078,104.0199966430664,104.38999938964844,103.30000305175781,103.79000091552734,204900
2022-08-19,99.77339935302734,101.20999908447266,103.5,101.13999938964844,103.5,297300
2022-08-22,95.83019256591797,97.20999908447266,99.44000244140625,96.83999633789062,99.43000030517578,294600
2022-08-23,97.14130401611328,98.54000091552734,98.80999755859375,97.31999969482422,97.31999969482422,404100
2022-08-24,97.92993927001953,99.33999633789062,99.76000213623047,98.41999816894531,98.5999984741211,246100
2022-08-25,99.28050994873047,100.70999908447266,101.36000061035156,99.83999633789062,100.19000244140625,233800
2022-08-26,95.2682876586914,96.63999938964844,101.02999877929688,96.5,100.52999877929688,277600
2022-08-29,94.7359390258789,96.0999984741211,96.75,95.19000244140625,96.16000366210938,209900
2022-08-30,92.61646270751953,93.94999694824219,96.80000305175781,93.51000213623047,96.56999969482422,380800
2022-08-31,91.74894714355469,93.06999969482422,94.69999694824219,91.5999984741211,94.5,617500
2022-09-01,91.39405822753906,92.70999908447266,93.69000244140625,91.6500015258789,93.23999786376953,360800
2022-09-02,90.7040023803711,92.01000213623047,94.04000091552734,91.73999786376953,93.6500015258789,268200
2022-09-06,91.13774871826172,92.44999694824219,93.30000305175781,91.69000244140625,92.69999694824219,354200
2022-09-07,92.50801849365234,93.83999633789062,93.88999938964844,91.94999694824219,92.33000183105469,209700
2022-09-08,93.29666900634766,94.63999938964844,94.80000305175781,92.33000183105469,93.05999755859375,182100
2022-09-09,95.2682876586914,96.63999938964844,96.98999786376953,94.86000061035156,95.27999877929688,252900
2022-09-12,97.2004623413086,98.5999984741211,99.05000305175781,96.86000061035156,97.56999969482422,317100
2022-09-13,92.31086730957031,93.63999938964844,96.95999908447266,93.2699966430664,96.2300033569336,284900
2022-09-14,92.24185943603516,93.56999969482422,93.91999816894531,90.4800033569336,92.16000366210938,524100
2022-09-15,93.15866088867188,94.5,95.05999755859375,92.83999633789062,93.48999786376953,702400
2022-09-16,88.7225341796875,90.0,93.16000366210938,89.4000015258789,93.16000366210938,1054700
2022-09-19,89.80691528320312,91.0999984741211,91.2699966430664,89.25,89.25,637400
2022-09-20,88.10147857666016,89.37000274658203,90.45999908447266,88.47000122070312,90.45999908447266,632100
2022-09-21,85.94255065917969,87.18000030517578,90.98999786376953,87.18000030517578,90.58000183105469,633100
2022-09-22,83.45832824707031,84.66000366210938,87.27999877929688,84.29000091552734,86.97000122070312,343600
2022-09-23,81.72331237792969,82.9000015258789,83.66000366210938,81.54000091552734,83.16999816894531,349300
2022-09-26,80.83607482910156,82.0,83.79000091552734,81.79000091552734,82.61000061035156,260100
2022-09-27,79.1306381225586,80.2699966430664,83.08999633789062,79.9000015258789,82.69999694824219,464600
2022-09-28,80.77694702148438,81.94000244140625,82.18000030517578,80.11000061035156,81.20999908447266,515800
2022-09-29,79.64325714111328,80.79000091552734,81.19000244140625,79.26000213623047,81.0199966430664,267000
2022-09-30,79.12078857421875,80.26000213623047,82.38999938964844,80.0,80.54000091552734,327200
2022-10-03,82.05848693847656,83.23999786376953,83.83000183105469,81.16000366210938,81.66999816894531,247100
2022-10-04,86.12000274658203,87.36000061035156,87.36000061035156,84.9000015258789,84.91999816894531,309200
2022-10-05,85.31163787841797,86.54000091552734,87.43000030517578,85.55000305175781,86.05000305175781,257500
2022-10-06,84.01036834716797,85.22000122070312,87.37999725341797,84.80000305175781,85.80999755859375,189200
2022-10-07,83.06401062011719,84.26000213623047,84.86000061035156,83.27999877929688,84.1500015258789,181000
2022-10-10,83.23158264160156,84.43000030517578,85.3499984741211,83.7699966430664,84.94999694824219,132300
2022-10-11,84.34555053710938,85.55999755859375,86.83999633789062,83.95999908447266,84.81999969482422,310200
2022-10-12,82.27536010742188,83.45999908447266,85.01000213623047,83.19999694824219,84.95999908447266,204900
2022-10-13,83.25131225585938,84.44999694824219,84.6500015258789,81.4800033569336,82.33999633789062,627100
2022-10-14,83.05413818359375,84.25,85.30000305175781,83.2300033569336,85.0,315300
2022-10-17,85.42007446289062,86.6500015258789,87.06999969482422,85.27999877929688,85.4800033569336,240000
2022-10-18,87.35226440429688,88.61000061035156,88.80000305175781,87.37999725341797,88.62999725341797,261000
2022-10-19,86.25801086425781,87.5,88.5,86.4800033569336,88.0999984741211,264900
2022-10-20,84.60185241699219,85.81999969482422,88.0999984741211,85.47000122070312,87.33000183105469,202000
2022-10-21,85.86369323730469,87.0999984741211,87.45999908447266,84.87000274658203,85.80000305175781,269700
2022-10-24,86.91849517822266,88.16999816894531,88.33000183105469,86.91000366210938,87.69000244140625,296700
2022-10-25,87.91416931152344,89.18000030517578,89.47000122070312,87.83999633789062,87.91000366210938,260300
2022-10-26,86.79035186767578,88.04000091552734,90.37999725341797,87.95999908447266,89.29000091552734,359700
2022-10-27,87.81559753417969,89.08000183105469,90.26000213623047,88.55999755859375,89.16000366210938,240800
2022-10-28,91.48278045654297,92.80000305175781,93.0,89.04000091552734,89.41999816894531,273500
2022-10-31,90.39839935302734,91.69999694824219,92.56999969482422,90.81999969482422,92.0,277200
2022-11-01,91.03917694091797,92.3499984741211,93.08000183105469,91.36000061035156,92.62000274658203,238500
2022-11-02,89.06755828857422,90.3499984741211,93.7699966430664,90.06999969482422,92.05999755859375,195600
2022-11-03,88.33805847167969,89.61000061035156,90.62999725341797,87.79000091552734,89.16000366210938,216200
2022-11-04,90.4674072265625,91.7699966430664,92.36000061035156,89.66000366210938,90.88999938964844,217400
2022-11-07,92.16299438476562,93.48999786376953,93.56999969482422,91.47000122070312,92.0999984741211,197100
2022-11-08,94.04588317871094,95.4000015258789,96.5199966430664,92.62999725341797,93.9000015258789,419500
2022-11-09,93.45440673828125,94.80000305175781,96.55999755859375,93.70999908447266,94.55000305175781,389900
2022-11-10,98.74893188476562,99.97000122070312,100.11000061035156,97.18000030517578,97.70999908447266,348400
2022-11-11,98.79830932617188,100.0199966430664,101.47000122070312,99.22000122070312,99.83999633789062,235500
2022-11-14,98.40321350097656,99.62000274658203,101.37999725341797,98.79000091552734,99.41999816894531,297400
2022-11-15,98.36369323730469,99.58000183105469,101.83000183105469,98.93000030517578,100.5999984741211,477500
2022-11-16,96.77335357666016,97.97000122070312,100.02999877929688,97.77999877929688,99.6500015258789,382700
2022-11-17,96.8425064086914,98.04000091552734,98.08000183105469,92.6500015258789,96.23999786376953,455000
2022-11-18,96.36837005615234,97.55999755859375,101.20999908447266,97.33999633789062,101.20999908447266,601400
2022-11-21,97.25736236572266,98.45999908447266,99.08000183105469,96.16000366210938,96.77999877929688,364600
2022-11-22,97.9389419555664,99.1500015258789,99.23999786376953,97.31999969482422,97.76000213623047,397900
2022-11-23,97.14871215820312,98.3499984741211,99.69000244140625,98.27999877929688,98.7300033569336,234300
2022-11-25,97.5240707397461,98.7300033569336,98.80999755859375,97.80999755859375,98.12000274658203,91600
2022-11-28,93.37538146972656,94.52999877929688,98.11000061035156,94.30000305175781,97.83999633789062,394500
2022-11-29,93.29634857177734,94.44999694824219,95.66999816894531,94.31999969482422,94.37000274658203,260000
2022-11-30,94.62986755371094,95.80000305175781,95.80000305175781,93.02999877929688,94.04000091552734,289100
2022-12-01,95.03485107421875,96.20999908447266,96.55999755859375,94.94999694824219,95.86000061035156,372400
2022-12-02,96.19055938720703,97.37999725341797,98.0199966430664,94.05000305175781,94.80000305175781,275600
2022-12-05,95.1237564086914,96.30000305175781,97.33000183105469,95.30999755859375,96.86000061035156,281300
2022-12-06,92.71355438232422,93.86000061035156,96.5999984741211,93.51000213623047,96.44000244140625,257800
2022-12-07,92.7925796508789,93.94000244140625,95.12000274658203,93.43000030517578,93.88999938964844,198000
2022-12-08,92.654296875,93.80000305175781,95.79000091552734,93.23999786376953,94.23999786376953,192000
2022-12-09,91.78504180908203,92.91999816894531,93.83000183105469,92.3499984741211,93.02999877929688,205500
2022-12-12,94.37303161621094,95.54000091552734,95.87000274658203,92.08000183105469,93.58000183105469,323100
2022-12-13,94.74839782714844,95.91999816894531,98.29000091552734,95.41000366210938,98.29000091552734,245700
2022-12-14,93.94828796386719,95.11000061035156,96.94999694824219,92.06999969482422,96.44000244140625,347600
2022-12-15,90.67871856689453,91.80000305175781,94.25,91.5999984741211,94.25,223400
2022-12-16,90.40213775634766,91.5199966430664,92.19000244140625,89.97000122070312,91.0,662000
2022-12-19,89.58228302001953,90.69000244140625,93.19000244140625,90.41999816894531,91.33000183105469,311000
2022-12-20,90.13542938232422,91.25,92.8499984741211,90.36000061035156,90.7300033569336,229800
2022-12-21,93.13831329345703,94.29000091552734,94.33999633789062,92.08999633789062,92.08999633789062,269700
2022-12-22,91.5380859375,92.66999816894531,94.1500015258789,90.19999694824219,92.88999938964844,214900
2022-12-23,92.891357421875,94.04000091552734,94.4800033569336,92.0199966430664,92.73999786376953,249700
2022-12-27,94.04706573486328,95.20999908447266,95.62999725341797,93.7300033569336,93.93000030517578,208100
2022-12-28,92.6246566772461,93.7699966430664,96.08000183105469,93.58999633789062,95.22000122070312,188600
2022-12-29,95.2422866821289,96.41999816894531,96.77999877929688,93.9000015258789,94.38999938964844,248500
2022-12-30,95.42996215820312,96.61000061035156,97.0,95.33999633789062,95.45999908447266,180000
2023-01-03,96.75359344482422,97.94999694824219,98.25,96.61000061035156,96.69999694824219,246700
2023-01-04,99.6181640625,100.8499984741211,101.1500015258789,97.66999816894531,97.94999694824219,374800
2023-01-05,98.47235107421875,99.69000244140625,101.36000061035156,99.13999938964844,100.02999877929688,391800
2023-01-06,100.94182586669922,102.19000244140625,102.69999694824219,100.04000091552734,100.16999816894531,370800
2023-01-09,100.88253784179688,102.12999725341797,103.69999694824219,101.91999816894531,102.3499984741211,298800
2023-01-10,101.24803161621094,102.5,103.2699966430664,101.20999908447266,101.70999908447266,278700
2023-01-11,102.0481185913086,103.30999755859375,103.91000366210938,102.69000244140625,103.0,243700
2023-01-12,103.8952865600586,105.18000030517578,105.73999786376953,103.0,103.73999786376953,295200
2023-01-13,106.33512115478516,107.6500015258789,107.76000213623047,103.93000030517578,104.0999984741211,421300
2023-01-17,106.54255676269531,107.86000061035156,108.43000030517578,106.79000091552734,107.7300033569336,316900
2023-01-18,104.82380676269531,106.12000274658203,108.41999816894531,105.97000122070312,107.7300033569336,403600
2023-01-19,103.40139770507812,104.68000030517578,106.2699966430664,104.43000030517578,105.22000122070312,316000
2023-01-20,105.68318939208984,106.98999786376953,107.05000305175781,104.5199966430664,105.36000061035156,324100
2023-01-23,106.85865783691406,108.18000030517578,108.33999633789062,106.41999816894531,106.73999786376953,261100
2023-01-24,107.89582824707031,109.2300033569336,109.33000183105469,107.12000274658203,107.91000366210938,288200
2023-01-25,107.3821792602539,108.70999908447266,108.87999725341797,107.37000274658203,108.16999816894531,211700
2023-01-26,108.41934204101562,109.76000213623047,109.79000091552734,108.31999969482422,109.44000244140625,232400
2023-01-27,109.29847717285156,110.6500015258789,111.52999877929688,109.56999969482422,109.56999969482422,298000
2023-01-30,107.99459838867188,109.33000183105469,111.05999755859375,109.18000030517578,109.45999908447266,350700
2023-01-31,101.01095581054688,102.26000213623047,106.62999725341797,97.33999633789062,106.0,1474500
2023-02-01,103.75701141357422,105.04000091552734,105.88999938964844,101.94999694824219,102.30000305175781,614000
2023-02-02,105.2880630493164,106.58999633789062,106.94999694824219,104.93000030517578,105.58999633789062,420100
2023-02-03,102.5716552734375,103.83999633789062,105.95999908447266,103.55999755859375,105.79000091552734,265800
2023-02-06,101.66289520263672,102.91999816894531,104.2300033569336,102.05000305175781,102.87999725341797,278800
2023-02-07,102.9371337890625,104.20999908447266,104.61000061035156,102.12000274658203,102.94000244140625,315900
2023-02-08,102.52227020263672,103.79000091552734,104.16000366210938,102.62000274658203,103.44999694824219,210800
2023-02-09,102.1962890625,103.45999908447266,105.41999816894531,103.22000122070312,104.62000274658203,266000
2023-02-10,101.42583465576172,102.68000030517578,103.68000030517578,100.77999877929688,102.86000061035156,346100
2023-02-13,102.29508209228516,103.55999755859375,103.91999816894531,102.05999755859375,103.29000091552734,189900
2023-02-14,102.39385986328125,103.66000366210938,104.05000305175781,101.80000305175781,103.43000030517578,244000
2023-02-15,102.52227020263672,103.79000091552734,104.87999725341797,102.94000244140625,103.13999938964844,325400
2023-02-16,100.34913635253906,101.58999633789062,103.08999633789062,101.27999877929688,102.29000091552734,313600
2023-02-17,100.3194351196289,101.33999633789062,102.02999877929688,100.80000305175781,100.81999969482422,309900
2023-02-21,97.94361877441406,98.94000244140625,101.11000061035156,98.7300033569336,100.75,292400
2023-02-22,98.63655853271484,99.63999938964844,100.91999816894531,99.05000305175781,99.41999816894531,405900
2023-02-23,97.04277038574219,98.02999877929688,100.62999725341797,97.31999969482422,100.02999877929688,491200
2023-02-24,96.93388366699219,97.91999816894531,98.52999877929688,96.13999938964844,96.77999877929688,409300
2023-02-27,99.30972290039062,100.31999969482422,101.37000274658203,99.19999694824219,99.19999694824219,385500
2023-02-28,98.00300598144531,99.0,100.54000091552734,98.9000015258789,100.54000091552734,455500
2023-03-01,99.05232238769531,100.05999755859375,100.81999969482422,98.93000030517578,99.44000244140625,407500
2023-03-02,100.04225158691406,101.05999755859375,101.12000274658203,98.1500015258789,99.08000183105469,283100
2023-03-03,101.40837097167969,102.44000244140625,102.55000305175781,99.9800033569336,101.5999984741211,813300
2023-03-06,98.61677551269531,99.62000274658203,102.77999877929688,99.48999786376953,102.37999725341797,343500
2023-03-07,97.63672637939453,98.62999725341797,100.72000122070312,98.5999984741211,99.5199966430664,226100
2023-03-08,97.59713745117188,98.58999633789062,99.1500015258789,97.87999725341797,98.69999694824219,192900
2023-03-09,95.8548583984375,96.83000183105469,99.26000213623047,96.70999908447266,98.61000061035156,256300
2023-03-10,92.72667694091797,93.66999816894531,96.91000366210938,93.12000274658203,96.91000366210938,306400
2023-03-13,92.4297103881836,93.37000274658203,93.83999633789062,90.79000091552734,92.68000030517578,394000
2023-03-14,93.77601623535156,94.7300033569336,95.95999908447266,93.76000213623047,95.33999633789062,251300
2023-03-15,91.41006469726562,92.33999633789062,94.0999984741211,90.95999908447266,92.55000305175781,300500
2023-03-16,91.74665069580078,92.68000030517578,93.27999877929688,90.88999938964844,91.44000244140625,535900
2023-03-17,88.4897689819336,89.38999938964844,91.97000122070312,88.98999786376953,91.97000122070312,745300
2023-03-20,89.81629943847656,90.7300033569336,91.68000030517578,89.0199966430664,89.75,361000
2023-03-21,91.62786102294922,92.55999755859375,93.11000061035156,92.05999755859375,92.05999755859375,325200
2023-03-22,89.47970581054688,90.38999938964844,92.83000183105469,90.3499984741211,91.91999816894531,317200
2023-03-23,88.92536163330078,89.83000183105469,91.83000183105469,89.29000091552734,90.83000183105469,334900
2023-03-24,89.915283203125,90.83000183105469,92.04000091552734,88.30000305175781,89.25,278300
2023-03-27,92.84547424316406,93.79000091552734,94.0999984741211,91.61000061035156,92.01000213623047,394200
2023-03-28,94.36996459960938,95.33000183105469,95.58999633789062,93.41999816894531,93.41999816894531,262800
2023-03-29,96.49832153320312,97.4800033569336,97.66999816894531,94.5199966430664,96.16000366210938,341400
2023-03-30,97.43875885009766,98.43000030517578,98.87999725341797,97.54000091552734,98.06999969482422,306800
2023-03-31,96.3894271850586,97.37000274658203,99.37000274658203,96.9000015258789,98.9800033569336,427400
2023-04-03,97.49813842773438,98.48999786376953,99.0199966430664,96.72000122070312,97.41999816894531,387000
2023-04-04,96.3993148803711,97.37999725341797,98.94000244140625,96.7699966430664,98.26000213623047,319600
2023-04-05,94.55805206298828,95.5199966430664,97.11000061035156,95.2300033569336,96.69999694824219,139500
2023-04-06,92.35050964355469,93.29000091552734,95.01000213623047,91.8499984741211,95.01000213623047,411400
2023-04-10,93.17216491699219,94.12000274658203,94.91000366210938,92.80999755859375,92.80999755859375,229800
2023-04-11,92.74649047851562,93.69000244140625,94.93000030517578,93.62000274658203,94.19999694824219,298600
2023-04-12,93.32063293457031,94.2699966430664,94.88999938964844,93.77999877929688,94.54000091552734,168300
2023-04-13,94.77583312988281,95.73999786376953,95.83999633789062,94.11000061035156,94.86000061035156,189500
2023-04-14,91.78624725341797,92.72000122070312,95.37999725341797,91.7699966430664,95.1500015258789,472400
2023-04-17,93.8651123046875,94.81999969482422,94.91000366210938,92.79000091552734,92.79000091552734,220300
2023-04-18,94.55805206298828,95.5199966430664,95.73999786376953,94.56999969482422,95.13999938964844,203500
2023-04-19,94.08289337158203,95.04000091552734,95.56999969482422,94.41999816894531,95.33000183105469,211100
2023-04-20,93.77601623535156,94.7300033569336,95.2699966430664,94.22000122070312,94.63999938964844,139300
2023-04-21,93.15235137939453,94.0999984741211,95.04000091552734,92.94999694824219,95.0199966430664,217400
2023-04-24,92.66729736328125,93.61000061035156,94.5999984741211,92.58999633789062,93.91000366210938,326500
2023-04-25,91.86544036865234,92.80000305175781,93.98999786376953,92.44999694824219,93.44999694824219,260000
2023-04-26,90.855712890625,91.77999877929688,92.80999755859375,91.41999816894531,92.3499984741211,295500
2023-04-27,92.77617645263672,93.72000122070312,93.81999969482422,91.88999938964844,92.41999816894531,290100
2023-04-28,95.05301666259766,96.0199966430664,96.2699966430664,93.55000305175781,93.55000305175781,579300
2023-05-01,97.64663696289062,98.63999938964844,100.16999816894531,95.5999984741211,95.7699966430664,633000
2023-05-02,112.66385650634766,113.80999755859375,116.23999786376953,109.7699966430664,112.94999694824219,1705700
2023-05-03,109.78316497802734,110.9000015258789,113.45999908447266,109.94999694824219,112.05999755859375,937700
2023-05-04,105.69476318359375,106.7699966430664,110.69000244140625,106.61000061035156,110.69000244140625,571300
2023-05-05,107.78350830078125,108.87999725341797,109.8499984741211,107.01000213623047,107.86000061035156,293900
2023-05-08,107.58552551269531,108.68000030517578,109.7699966430664,108.16000366210938,109.48999786376953,203400
2023-05-09,108.00129699707031,109.0999984741211,110.04000091552734,108.12000274658203,108.58000183105469,296200
2023-05-10,108.21907043457031,109.31999969482422,110.69000244140625,108.94000244140625,110.11000061035156,343600
2023-05-11,106.64508056640625,107.7300033569336,109.37999725341797,107.30999755859375,108.54000091552734,367900
2023-05-12,106.36791229248047,107.44999694824219,108.58000183105469,106.69000244140625,108.30000305175781,233200
2023-05-15,107.72411346435547,108.81999969482422,109.13999938964844,107.4800033569336,108.0,399900
2023-05-16,107.23904418945312,108.33000183105469,109.06999969482422,107.77999877929688,108.44999694824219,245500
2023-05-17,109.54558563232422,110.66000366210938,110.80000305175781,108.93000030517578,109.30000305175781,308500
2023-05-18,110.129638671875,111.25,111.9800033569336,108.97000122070312,109.87999725341797,302300
2023-05-19,108.67156219482422,109.55999755859375,112.0,109.13999938964844,112.0,234900
2023-05-22,108.7013168334961,109.58999633789062,110.05999755859375,108.56999969482422,109.61000061035156,251800
2023-05-23,107.14405059814453,108.0199966430664,109.41999816894531,107.83000183105469,108.80999755859375,308100
2023-05-24,106.12239837646484,106.98999786376953,108.83999633789062,106.41999816894531,107.7699966430664,227900
2023-05-25,105.45783233642578,106.31999969482422,107.02999877929688,105.41999816894531,106.58999633789062,192700
2023-05-26,106.98534393310547,107.86000061035156,107.93000030517578,105.81999969482422,106.01000213623047,236900
2023-05-30,106.65802001953125,107.52999877929688,108.62999725341797,106.7300033569336,108.0,272300
2023-05-31,104.55521392822266,105.41000366210938,107.63999938964844,105.18000030517578,106.95999908447266,368200
2023-06-01,106.69769287109375,107.56999969482422,108.19000244140625,105.3499984741211,105.41000366210938,223200
2023-06-02,109.87174224853516,110.7699966430664,110.9800033569336,107.88999938964844,108.62999725341797,278900
2023-06-05,108.1458511352539,109.02999877929688,110.48999786376953,107.95999908447266,110.48999786376953,274200
2023-06-06,108.85009765625,109.73999786376953,110.6500015258789,108.81999969482422,108.81999969482422,160800
2023-06-07,111.0223388671875,111.93000030517578,112.33000183105469,109.23999786376953,109.66000366210938,233400
2023-06-08,112.39115142822266,113.30999755859375,113.52999877929688,111.62000274658203,111.70999908447266,374200
2023-06-09,110.982666015625,111.88999938964844,113.61000061035156,111.54000091552734,113.30999755859375,304100
2023-06-12,112.05391693115234,112.97000122070312,113.30000305175781,111.7300033569336,111.88999938964844,257700
2023-06-13,112.5399398803711,113.45999908447266,114.41999816894531,112.97000122070312,113.31999969482422,345900
2023-06-14,112.25228118896484,113.16999816894531,114.54000091552734,112.52999877929688,113.7699966430664,284400
2023-06-15,113.64093780517578,114.56999969482422,114.63999938964844,111.98999786376953,113.0199966430664,288900
2023-06-16,113.3135986328125,114.23999786376953,115.98999786376953,113.5,114.9000015258789,519700
2023-06-20,114.85104370117188,115.79000091552734,115.93000030517578,113.16000366210938,113.55999755859375,299700
2023-06-21,116.24960327148438,117.19999694824219,117.2300033569336,115.0,115.0199966430664,243900
2023-06-22,114.81135559082031,115.75,117.19999694824219,115.01000213623047,116.66000366210938,340900
2023-06-23,113.2243423461914,114.1500015258789,114.94000244140625,113.4000015258789,114.19999694824219,338000
2023-06-26,114.1666259765625,115.0999984741211,115.7300033569336,113.36000061035156,113.80999755859375,143600
2023-06-27,115.3668212890625,116.30999755859375,116.72000122070312,114.62000274658203,115.33000183105469,251800
2023-06-28,115.92227935791016,116.87000274658203,117.12000274658203,116.02999877929688,116.19999694824219,170500
2023-06-29,116.90425109863281,117.86000061035156,118.0,116.91000366210938,116.91000366210938,205500
2023-06-30,117.94573974609375,118.91000366210938,119.3499984741211,117.58999633789062,118.0,302600
2023-07-03,117.44979858398438,118.41000366210938,119.05000305175781,118.0199966430664,118.80000305175781,97700
2023-07-05,116.71578216552734,117.66999816894531,118.83000183105469,116.58000183105469,118.12999725341797,182100
2023-07-06,115.70406341552734,116.6500015258789,117.19999694824219,115.9000015258789,116.80999755859375,183200
2023-07-07,116.51741790771484,117.47000122070312,117.95999908447266,116.73999786376953,117.0199966430664,287700
2023-07-10,117.62833404541016,118.58999633789062,119.16999816894531,117.19999694824219,117.4800033569336,199700
2023-07-11,119.10624694824219,120.08000183105469,120.12999725341797,118.43000030517578,119.16000366210938,217300
2023-07-12,119.1360092163086,120.11000061035156,121.3499984741211,119.38999938964844,121.0,243900
2023-07-13,118.85828399658203,119.83000183105469,120.75,119.44999694824219,120.08999633789062,330100
2023-07-14,118.39208984375,119.36000061035156,119.91000366210938,118.54000091552734,119.91000366210938,143900
2023-07-17,119.42366027832031,120.4000015258789,120.51000213623047,118.73999786376953,119.3499984741211,205300
2023-07-18,120.70320129394531,121.69000244140625,121.77999877929688,119.9800033569336,120.12000274658203,196600
2023-07-19,119.27487182617188,120.25,121.8499984741211,118.91999816894531,121.8499984741211,211100
2023-07-20,120.10806274414062,121.08999633789062,121.5999984741211,120.4000015258789,120.83999633789062,138200
2023-07-21,119.49309539794922,120.47000122070312,121.80999755859375,120.37999725341797,121.27999877929688,160600
2023-07-24,119.40380859375,120.37999725341797,121.58000183105469,120.04000091552734,120.38999938964844,129000
2023-07-25,119.1756820678711,120.1500015258789,120.1500015258789,118.25,119.33000183105469,202300
2023-07-26,118.92770385742188,119.9000015258789,120.81999969482422,119.45999908447266,120.06999969482422,205900
2023-07-27,118.65989685058594,119.62999725341797,120.95999908447266,118.6500015258789,120.11000061035156,225200
2023-07-28,118.27305603027344,119.23999786376953,120.93000030517578,118.7699966430664,120.27999877929688,183000
2023-07-31,119.40380859375,120.37999725341797,120.41000366210938,119.41000366210938,119.83999633789062,444100
2023-08-01,130.80062866210938,131.8699951171875,133.14999389648438,125.87999725341797,131.77999877929688,1134000
2023-08-02,126.71405029296875,127.75,131.2899932861328,126.62999725341797,130.72999572753906,518200
2023-08-03,124.30375671386719,125.31999969482422,128.44000244140625,124.91999816894531,127.75,469900
2023-08-04,124.78977966308594,125.80999755859375,127.18000030517578,125.33000183105469,126.11000061035156,272700
2023-08-07,126.48591613769531,127.5199966430664,128.63999938964844,126.12999725341797,126.12999725341797,257800
2023-08-08,126.5851058959961,127.62000274658203,128.27999877929688,126.62000274658203,126.62000274658203,320500
2023-08-09,126.16851806640625,127.19999694824219,129.17999267578125,126.68000030517578,128.0,482500
2023-08-10,126.42640686035156,127.45999908447266,129.08999633789062,126.7699966430664,127.55000305175781,437400
2023-08-11,126.43634033203125,127.25,127.4000015258789,126.31999969482422,126.91000366210938,400700
2023-08-14,126.1283187866211,126.94000244140625,127.7699966430664,125.80999755859375,127.51000213623047,365300
2023-08-15,125.93953704833984,126.75,127.5,125.76000213623047,126.41000366210938,250300
2023-08-16,124.71739959716797,125.5199966430664,127.01000213623047,125.51000213623047,126.08000183105469,360500
2023-08-17,123.4654541015625,124.26000213623047,126.19999694824219,124.20999908447266,125.73999786376953,236100
2023-08-18,125.05522155761719,125.86000061035156,126.0999984741211,123.58999633789062,123.5999984741211,440200
2023-08-21,124.02188110351562,124.81999969482422,126.0,124.44999694824219,125.94999694824219,401900
2023-08-22,124.44913482666016,125.25,125.76000213623047,124.79000091552734,124.80999755859375,364000
2023-08-23,126.11837768554688,126.93000030517578,127.30000305175781,125.33000183105469,125.66000366210938,204500
2023-08-24,123.4853286743164,124.27999877929688,127.33999633789062,124.2699966430664,126.54000091552734,276300
2023-08-25,125.28376007080078,126.08999633789062,127.33000183105469,124.30999755859375,124.7300033569336,622100
2023-08-28,126.47608184814453,127.29000091552734,128.77999877929688,126.54000091552734,126.54000091552734,443400
2023-08-29,127.91680908203125,128.74000549316406,128.9600067138672,126.7300033569336,127.12000274658203,717700
2023-08-30,127.99629974365234,128.82000732421875,129.89999389648438,128.07000732421875,128.9499969482422,667900
2023-08-31,128.5427703857422,129.3699951171875,130.22999572753906,129.14999389648438,129.14999389648438,426400
2023-09-01,129.0197296142578,129.85000610351562,130.9600067138672,129.19000244140625,130.19000244140625,275800
2023-09-05,129.3277587890625,130.16000366210938,132.44000244140625,128.80999755859375,132.0500030517578,452200
2023-09-06,129.42709350585938,130.25999450683594,131.92999267578125,129.8699951171875,130.39999389648438,376400
2023-09-07,129.4171600341797,130.25,130.32000732421875,128.24000549316406,130.22999572753906,467900
2023-09-08,126.6946792602539,127.51000213623047,130.72999572753906,127.30000305175781,130.44000244140625,361800
2023-09-11,129.37742614746094,130.2100067138672,130.42999267578125,127.5199966430664,128.0,339500
2023-09-12,129.58607482910156,130.4199981689453,131.17999267578125,128.66000366210938,129.55999755859375,341400
2023-09-13,128.87066650390625,129.6999969482422,130.8300018310547,129.2100067138672,130.25999450683594,301800
2023-09-14,128.49310302734375,129.32000732421875,131.1300048828125,128.60000610351562,130.08999633789062,587900
2023-09-15,128.1950225830078,129.02000427246094,130.69000244140625,128.16000366210938,129.4499969482422,823300
2023-09-18,129.09918212890625,129.92999267578125,130.66000366210938,128.4600067138672,128.72999572753906,316800
2023-09-19,128.026123046875,128.85000610351562,130.50999450683594,128.58999633789062,129.9199981689453,213600
2023-09-20,126.74435424804688,127.55999755859375,129.97999572753906,127.4800033569336,129.42999267578125,220300
2023-09-21,123.0183334350586,123.80999755859375,126.94000244140625,123.77999877929688,126.94000244140625,206000
2023-09-22,123.12763214111328,123.91999816894531,125.01000213623047,122.95999908447266,123.76000213623047,207100
2023-09-25,124.29014587402344,125.08999633789062,125.37999725341797,123.5,123.55000305175781,148000
2023-09-26,122.39236450195312,123.18000030517578,125.4000015258789,122.87999725341797,124.29000091552734,158600
2023-09-27,123.15744018554688,123.94999694824219,125.26000213623047,123.47000122070312,123.73999786376953,219500
2023-09-28,124.71739959716797,125.5199966430664,126.70999908447266,123.80000305175781,124.12999725341797,206800
2023-09-29,123.4654541015625,124.26000213623047,126.76000213623047,124.05999755859375,126.4000015258789,202000
2023-10-02,122.75006866455078,123.54000091552734,124.93000030517578,123.01000213623047,124.12999725341797,161000
2023-10-03,122.19364166259766,122.9800033569336,123.87000274658203,122.31999969482422,122.61000061035156,197100
2023-10-04,124.06161499023438,124.86000061035156,125.04000091552734,122.13999938964844,122.86000061035156,229300
2023-10-05,124.44913482666016,125.25,126.13999938964844,123.68000030517578,124.80999755859375,277300
2023-10-06,124.50874328613281,125.30999755859375,126.47000122070312,124.01000213623047,124.5,467900
2023-10-09,127.10205841064453,127.91999816894531,128.6999969482422,125.30999755859375,125.52999877929688,314500
2023-10-10,127.52931213378906,128.35000610351562,129.9499969482422,127.81999969482422,128.39999389648438,256800
2023-10-11,129.69537353515625,130.52999877929688,131.49000549316406,129.67999267578125,130.0,258100
2023-10-12,129.0693817138672,129.89999389648438,130.8800048828125,128.75999450683594,130.61000061035156,253400
2023-10-13,126.5953140258789,127.41000366210938,130.44000244140625,126.95999908447266,130.44000244140625,166800
2023-10-16,128.7713165283203,129.60000610351562,130.3000030517578,128.60000610351562,128.60000610351562,219900
2023-10-17,130.1722869873047,131.00999450683594,132.16000366210938,129.3000030517578,129.3000030517578,614900
2023-10-18,125.5420913696289,126.3499984741211,129.7899932861328,125.30999755859375,129.7899932861328,456000
2023-10-19,123.92251586914062,124.72000122070312,126.80000305175781,124.31999969482422,126.20999908447266,347300
2023-10-20,123.31642150878906,124.11000061035156,125.30000305175781,123.62999725341797,124.70999908447266,209400
2023-10-23,121.46830749511719,122.25,124.66999816894531,122.0199966430664,124.05999755859375,232200
2023-10-24,121.3590087890625,122.13999938964844,123.88999938964844,121.44999694824219,123.38999938964844,235900
2023-10-25,119.8785400390625,120.6500015258789,122.23999786376953,120.48999786376953,122.1500015258789,151000
2023-10-26,120.45484161376953,121.2300033569336,122.44000244140625,120.5199966430664,120.62000274658203,200000
2023-10-27,118.70609283447266,119.47000122070312,122.05999755859375,119.02999877929688,120.98999786376953,169700
2023-10-30,120.06732177734375,120.83999633789062,121.55000305175781,119.41000366210938,120.1500015258789,187900
2023-10-31,123.90264129638672,124.69999694824219,124.8499984741211,120.81999969482422,120.9000015258789,642300
2023-11-01,125.72093963623047,126.52999877929688,126.56999969482422,123.19999694824219,124.95999908447266,257000
2023-11-02,129.45689392089844,130.2899932861328,130.69000244140625,128.02000427246094,128.02000427246094,317200
2023-11-03,130.59954833984375,131.44000244140625,133.0,130.36000061035156,131.36000061035156,179200
2023-11-06,129.9934539794922,130.8300018310547,131.7100067138672,130.0800018310547,131.5,163000
2023-11-07,129.18862915039062,130.02000427246094,131.2899932861328,129.89999389648438,130.69000244140625,148200
2023-11-08,129.9934539794922,130.8300018310547,131.13999938964844,129.8000030517578,130.02000427246094,149300
2023-11-09,131.3347930908203,132.17999267578125,133.8800048828125,130.75999450683594,131.41000366210938,271500
2023-11-10,134.19639587402344,135.05999755859375,135.25999450683594,132.63999938964844,132.64999389648438,281000
2023-11-13,133.92811584472656,134.7899932861328,135.86000061035156,134.58999633789062,135.0,323600
2023-11-14,134.12684631347656,134.99000549316406,136.6999969482422,134.38999938964844,136.0,505200
2023-11-15,133.77908325195312,134.63999938964844,136.30999755859375,134.5,135.00999450683594,485100
2023-11-16,132.66624450683594,133.52000427246094,135.4600067138672,132.89999389648438,134.1199951171875,553200
2023-11-17,130.13833618164062,130.75999450683594,132.7899932861328,126.30999755859375,130.60000610351562,703400
2023-11-20,129.79994201660156,130.4199981689453,133.25999450683594,129.9199981689453,131.11000061035156,642900
2023-11-21,130.82505798339844,131.4499969482422,131.99000549316406,128.52000427246094,130.30999755859375,407800
2023-11-22,131.53167724609375,132.16000366210938,133.10000610351562,130.72000122070312,131.75999450683594,276800
2023-11-24,132.35772705078125,132.99000549316406,133.1999969482422,132.47999572753906,132.72000122070312,121800
2023-11-27,131.0340576171875,131.66000366210938,132.74000549316406,131.16000366210938,132.74000549316406,303300
2023-11-28,130.00894165039062,130.6300048828125,132.82000732421875,130.5500030517578,131.33999633789062,244200
2023-11-29,128.91416931152344,129.52999877929688,132.36000061035156,129.47000122070312,131.5800018310547,323200
2023-11-30,134.5373077392578,135.17999267578125,136.83999633789062,129.9600067138672,129.9600067138672,1228100
2023-12-01,134.84584045410156,135.49000549316406,137.02000427246094,134.32000732421875,134.72000122070312,380700
2023-12-04,137.9012451171875,138.55999755859375,138.55999755859375,134.50999450683594,135.17999267578125,417100
2023-12-05,135.54251098632812,136.19000244140625,139.25,136.14999389648438,137.91000366210938,495900
2023-12-06,134.1690673828125,134.80999755859375,138.22000122070312,134.72000122070312,136.67999267578125,358400
2023-12-07,132.8951416015625,133.52999877929688,136.10000610351562,132.57000732421875,135.6999969482422,601200
2023-12-08,132.91506958007812,133.5500030517578,134.5500030517578,132.44000244140625,133.80999755859375,322100
2023-12-11,132.90509033203125,133.5399932861328,135.36000061035156,133.33999633789062,133.6199951171875,264100
2023-12-12,135.423095703125,136.07000732421875,137.8000030517578,133.8699951171875,134.2899932861328,516200
2023-12-13,136.89605712890625,137.5500030517578,137.67999267578125,135.7899932861328,135.9499969482422,426200
2023-12-14,135.4131317138672,136.05999755859375,139.4499969482422,134.67999267578125,137.89999389648438,386200
2023-12-15,135.0249786376953,135.6699981689453,140.72999572753906,135.19000244140625,140.72999572753906,1027100
2023-12-18,135.12451171875,135.77000427246094,136.5800018310547,134.8800048828125,136.0,303500
2023-12-19,135.88088989257812,136.52999877929688,136.8300018310547,135.1199951171875,135.80999755859375,333300
2023-12-20,134.33827209472656,134.97999572753906,137.9499969482422,134.94000244140625,136.52999877929688,252600
2023-12-21,133.8704833984375,134.50999450683594,135.89999389648438,133.58999633789062,135.72000122070312,196300
2023-12-22,134.46763610839844,135.11000061035156,135.85000610351562,134.5399932861328,134.5399932861328,190400
2023-12-26,134.75625610351562,135.39999389648438,136.16000366210938,134.89999389648438,134.89999389648438,342400
2023-12-27,135.3832550048828,136.02999877929688,136.2899932861328,135.22000122070312,136.2899932861328,128300
2023-12-28,135.7316131591797,136.3800048828125,136.49000549316406,135.38999938964844,136.0399932861328,192400
2023-12-29,135.4827880859375,136.1300048828125,137.2899932861328,135.86000061035156,136.02000427246094,199000
2024-01-02,134.33827209472656,134.97999572753906,136.1300048828125,134.17999267578125,135.25999450683594,264400
2024-01-03,131.97952270507812,132.61000061035156,134.74000549316406,132.58999633789062,134.08999633789062,368000
2024-01-04,132.45726013183594,133.08999633789062,134.41000366210938,131.1199951171875,132.50999450683594,316900
2024-01-05,132.54681396484375,133.17999267578125,133.4499969482422,132.02000427246094,132.66000366210938,398600
2024-01-08,132.7359161376953,133.3699951171875,133.42999267578125,131.7899932861328,132.64999389648438,151200
2024-01-09,132.6562957763672,133.2899932861328,133.3300018310547,131.69000244140625,132.2899932861328,103500
2024-01-10,136.3188018798828,136.97000122070312,138.8800048828125,136.3000030517578,137.36000061035156,397800
2024-01-11,137.30410766601562,137.9600067138672,138.4499969482422,135.72000122070312,136.50999450683594,405600
2024-01-12,138.78701782226562,139.4499969482422,139.82000732421875,138.02999877929688,139.0,254800
2024-01-16,135.60223388671875,136.25,139.24000549316406,135.60000610351562,138.92999267578125,320200
2024-01-17,134.7263946533203,135.3699951171875,136.55999755859375,134.02999877929688,134.9499969482422,151600
2024-01-18,135.22402954101562,135.8699951171875,137.1199951171875,134.66000366210938,135.42999267578125,205000
2024-01-19,135.57237243652344,136.22000122070312,136.83999633789062,135.4499969482422,136.11000061035156,353600
2024-01-22,135.55245971679688,136.1999969482422,137.57000732421875,135.97999572753906,136.41000366210938,307500
2024-01-23,136.73680114746094,137.38999938964844,137.9499969482422,136.55999755859375,136.57000732421875,220700
2024-01-24,134.91551208496094,135.55999755859375,138.72999572753906,135.1300048828125,137.91000366210938,300300
2024-01-25,135.67189025878906,136.32000732421875,139.6199951171875,134.7899932861328,139.6199951171875,384000
2024-01-26,138.63772583007812,139.3000030517578,139.85000610351562,136.5,136.5,486600
2024-01-29,142.0414581298828,142.72000122070312,143.0,139.14999389648438,139.85000610351562,849100
2024-01-30,140.80735778808594,141.47999572753906,150.0,140.4600067138672,149.9600067138672,927000
2024-01-31,137.11500549316406,137.77000427246094,141.4600067138672,137.50999450683594,141.4600067138672,550700
2024-02-01,137.7320556640625,138.38999938964844,138.97000122070312,136.1300048828125,137.8800048828125,459000
2024-02-02,135.6121826171875,136.25999450683594,139.05999755859375,136.0,138.38999938964844,582500
2024-02-05,135.3832550048828,136.02999877929688,136.41000366210938,133.55999755859375,135.55999755859375,281000
2024-02-06,136.11976623535156,136.77000427246094,136.9199981689453,135.3800048828125,136.44000244140625,215500
2024-02-07,137.16476440429688,137.82000732421875,139.08999633789062,136.55999755859375,137.6300048828125,257900
2024-02-08,137.02542114257812,137.67999267578125,138.41000366210938,137.2899932861328,137.82000732421875,201100
2024-02-09,137.24436950683594,137.89999389648438,138.14999389648438,135.89999389648438,137.69000244140625,299600
2024-02-12,137.10504150390625,137.75999450683594,138.32000732421875,137.44000244140625,137.64999389648438,233700
2024-02-13,135.4131317138672,136.05999755859375,137.80999755859375,134.82000732421875,136.50999450683594,271700
2024-02-14,136.95574951171875,137.61000061035156,137.89999389648438,135.92999267578125,137.25,447200
2024-02-15,137.6524200439453,138.30999755859375,139.07000732421875,137.67999267578125,138.25999450683594,249400
2024-02-16,137.29348754882812,137.6999969482422,139.32000732421875,137.50999450683594,137.9499969482422,248500
2024-02-20,137.09408569335938,137.5,138.22000122070312,136.5500030517578,137.52999877929688,191100
2024-02-21,137.5926055908203,138.0,138.4199981689453,137.14999389648438,137.14999389648438,332600
2024-02-22,138.63951110839844,139.0500030517578,139.32000732421875,138.1199951171875,138.22999572753906,330000
2024-02-23,138.848876953125,139.25999450683594,139.99000549316406,138.41000366210938,139.55999755859375,168500
2024-02-26,137.9814453125,138.38999938964844,139.25999450683594,137.58999633789062,138.9499969482422,348600
2024-02-27,137.26358032226562,137.6699981689453,138.67999267578125,136.50999450683594,138.66000366210938,346200
2024-02-28,140.1849365234375,140.60000610351562,140.74000549316406,136.25,137.42999267578125,310100
2024-02-29,141.0723114013672,141.49000549316406,142.4600067138672,140.6300048828125,141.52000427246094,325000
2024-03-01,141.7303466796875,142.14999389648438,143.4600067138672,140.42999267578125,141.0399932861328,401700
2024-03-04,144.18310546875,144.61000061035156,145.0399932861328,142.7100067138672,143.42999267578125,262900
2024-03-05,143.00656127929688,143.42999267578125,145.82000732421875,143.02999877929688,144.3800048828125,240700
2024-03-06,147.93199157714844,148.3699951171875,148.72999572753906,144.0399932861328,144.3000030517578,435300
2024-03-07,148.97889709472656,149.4199981689453,149.57000732421875,147.67999267578125,148.97000122070312,329200
2024-03-08,147.02468872070312,147.4600067138672,151.3000030517578,147.25,150.0,368000
2024-03-11,147.7624969482422,148.1999969482422,148.47999572753906,145.27000427246094,147.3800048828125,349900
2024-03-12,145.26986694335938,145.6999969482422,148.7100067138672,144.1300048828125,147.6999969482422,302900
2024-03-13,146.3566436767578,146.7899932861328,146.94000244140625,145.30999755859375,145.7899932861328,210000
2024-03-14,144.73147583007812,145.16000366210938,147.6300048828125,144.52999877929688,147.13999938964844,200000
2024-03-15,147.70266723632812,148.13999938964844,149.69000244140625,144.2899932861328,144.2899932861328,868300
2024-03-18,147.08450317382812,147.52000427246094,149.47999572753906,147.25,148.47999572753906,274600
2024-03-19,147.4833221435547,147.9199981689453,148.77999877929688,147.55999755859375,147.86000061035156,193300
2024-03-20,148.7296142578125,149.1699981689453,149.3699951171875,147.9600067138672,148.13999938964844,168700
2024-03-21,148.79942321777344,149.24000549316406,151.1999969482422,148.7100067138672,149.86000061035156,236100
2024-03-22,148.13140869140625,148.57000732421875,149.33999633789062,147.5800018310547,149.30999755859375,236300
2024-03-25,151.04278564453125,151.49000549316406,152.4499969482422,148.6300048828125,149.50999450683594,400000
2024-03-26,151.00289916992188,151.4499969482422,152.0,150.4600067138672,151.0399932861328,289100
2024-03-27,154.82159423828125,155.27999877929688,155.3699951171875,151.99000549316406,152.0,763700
2024-03-28,153.66500854492188,154.1199951171875,155.97000122070312,153.9499969482422,155.3800048828125,481200
2024-04-01,152.57823181152344,153.02999877929688,155.99000549316406,151.55999755859375,155.6300048828125,287700
2024-04-02,154.6321563720703,155.08999633789062,155.6699981689453,151.97000122070312,153.27000427246094,464300
2024-04-03,156.48666381835938,156.9499969482422,157.92999267578125,154.57000732421875,154.60000610351562,619800
2024-04-04,154.71192932128906,155.1699981689453,160.7899932861328,154.25999450683594,158.0,828000
2024-04-05,157.77285766601562,158.24000549316406,158.77999877929688,155.08999633789062,155.1699981689453,467700
2024-04-08,157.63327026367188,158.10000610351562,159.25,157.42999267578125,158.4199981689453,799700
2024-04-09,152.1395263671875,152.58999633789062,158.24000549316406,151.7100067138672,157.33999633789062,546800
2024-04-10,149.4873809814453,149.92999267578125,151.74000549316406,148.11000061035156,150.63999938964844,366700
2024-04-11,148.6299285888672,149.07000732421875,150.5399932861328,147.75,150.5399932861328,416900
2024-04-12,146.09742736816406,146.52999877929688,149.3000030517578,145.5,148.08999633789062,579000
2024-04-15,145.13027954101562,145.55999755859375,149.07000732421875,144.9499969482422,148.6300048828125,375300
2024-04-16,148.45045471191406,148.88999938964844,149.8000030517578,144.4499969482422,145.25,465200
2024-04-17,146.8352508544922,147.27000427246094,149.4199981689453,146.4600067138672,149.24000549316406,333600
2024-04-18,146.3765869140625,146.80999755859375,149.27000427246094,146.00999450683594,147.07000732421875,241700
2024-04-19,147.05459594726562,147.49000549316406,148.83999633789062,146.74000549316406,146.9600067138672,312400
2024-04-22,147.80238342285156,148.24000549316406,149.24000549316406,146.7100067138672,147.66000366210938,216500
2024-04-23,149.71670532226562,150.16000366210938,152.00999450683594,149.1199951171875,149.1199951171875,317600
2024-04-24,149.1683349609375,149.61000061035156,151.86000061035156,148.60000610351562,150.8800048828125,310000
2024-04-25,149.29795837402344,149.74000549316406,149.77999877929688,146.66000366210938,147.80999755859375,673600
2024-04-26,150.13546752929688,150.5800018310547,152.5,148.6999969482422,149.33999633789062,775900
2024-04-29,150.6240234375,151.07000732421875,152.80999755859375,147.5800018310547,150.50999450683594,1214500
2024-04-30,161.8806915283203,162.36000061035156,169.99000549316406,160.0,162.22999572753906,1309200
2024-05-01,165.370361328125,165.86000061035156,168.77000427246094,161.14999389648438,161.6300048828125,778500
2024-05-02,167.49407958984375,167.99000549316406,168.38999938964844,165.0,166.1999969482422,486500
2024-05-03,168.3315887451172,168.8300018310547,169.50999450683594,166.4499969482422,168.5,434500
2024-05-06,172.63882446289062,173.14999389648438,173.99000549316406,169.4199981689453,170.0,1053900
2024-05-07,175.92909240722656,176.4499969482422,177.5800018310547,172.63999938964844,173.0800018310547,872700
2024-05-08,177.61410522460938,178.13999938964844,179.72999572753906,176.64999389648438,177.0,501100
2024-05-09,178.7208251953125,179.25,180.36000061035156,178.47999572753906,178.52000427246094,253700
2024-05-10,176.73670959472656,177.25999450683594,179.5,176.1300048828125,179.5,447000
2024-05-13,176.3578338623047,176.8800048828125,179.11000061035156,176.61000061035156,178.27999877929688,302400
2024-05-14,176.6968231201172,177.22000122070312,177.82000732421875,176.39999389648438,176.97000122070312,572200
2024-05-15,178.16249084472656,178.69000244140625,178.92999267578125,177.49000549316406,178.92999267578125,562900
2024-05-16,177.82350158691406,178.35000610351562,179.74000549316406,177.58999633789062,178.4600067138672,395800
2024-05-17,178.9700927734375,179.5,179.67999267578125,178.1199951171875,178.69000244140625,300200
2024-05-20,180.89439392089844,181.42999267578125,181.5800018310547,179.47999572753906,179.64999389648438,379300
2024-05-21,182.20233154296875,182.49000549316406,182.7100067138672,180.07000732421875,180.07000732421875,450800
2024-05-22,182.03260803222656,182.32000732421875,182.7100067138672,180.88999938964844,181.92999267578125,271900
2024-05-23,181.4635009765625,181.75,183.66000366210938,181.3300018310547,182.7100067138672,388900
2024-05-24,184.26905822753906,184.55999755859375,185.35000610351562,181.36000061035156,182.38999938964844,361000
2024-05-28,184.95797729492188,185.25,187.16000366210938,184.66000366210938,184.66000366210938,484000
2024-05-29,182.4818878173828,182.77000427246094,184.75,182.67999267578125,183.75999450683594,497700
2024-05-30,184.71835327148438,185.00999450683594,185.24000549316406,182.58999633789062,182.77000427246094,332800
2024-05-31,186.2060089111328,186.5,187.0,184.5,185.2899932861328,576400
2024-06-03,184.35891723632812,184.64999389648438,188.35000610351562,184.0,187.52999877929688,304600
2024-06-04,183.130859375,183.4199981689453,184.6699981689453,182.4499969482422,183.8300018310547,249200
2024-06-05,185.0278778076172,185.32000732421875,185.64999389648438,182.14999389648438,183.9499969482422,285500
2024-06-06,181.7830047607422,182.07000732421875,186.17999267578125,180.82000732421875,184.82000732421875,358100
2024-06-07,181.9227752685547,182.2100067138672,183.13999938964844,181.3000030517578,181.66000366210938,253300
2024-06-10,182.74147033691406,183.02999877929688,183.5399932861328,180.0399932861328,181.02999877929688,336900
2024-06-11,180.80453491210938,181.08999633789062,182.89999389648438,180.60000610351562,182.5,295500
2024-06-12,184.9280242919922,185.22000122070312,185.50999450683594,182.6999969482422,183.05999755859375,380700
2024-06-13,184.40884399414062,184.6999969482422,186.77999877929688,183.0,186.77999877929688,314800
2024-06-14,179.81610107421875,180.10000610351562,183.39999389648438,178.02999877929688,183.00999450683594,461300
2024-06-17,184.23910522460938,184.52999877929688,184.85000610351562,178.52000427246094,179.8000030517578,315700
2024-06-18,185.21755981445312,185.50999450683594,186.36000061035156,183.27999877929688,184.39999389648438,352500
2024-06-20,183.9395751953125,184.22999572753906,187.27000427246094,184.00999450683594,185.97000122070312,339800
2024-06-21,182.87127685546875,183.16000366210938,184.60000610351562,180.8000030517578,184.50999450683594,692500
2024-06-24,180.5050048828125,180.7899932861328,185.07000732421875,180.3699951171875,183.80999755859375,568200
2024-06-25,179.217041015625,179.5,180.9499969482422,177.1999969482422,180.27000427246094,474000
2024-06-26,176.41146850585938,176.69000244140625,179.2100067138672,176.0399932861328,178.74000549316406,307600
2024-06-27,177.01051330566406,177.2899932861328,177.92999267578125,175.6300048828125,176.55999755859375,302700
2024-06-28,174.10511779785156,174.3800048828125,178.66000366210938,172.5500030517578,178.3300018310547,684200
2024-07-01,171.13980102539062,171.41000366210938,175.50999450683594,170.5399932861328,175.3699951171875,477000
2024-07-02,172.1082763671875,172.3800048828125,172.52000427246094,169.66000366210938,171.27000427246094,356400
2024-07-03,173.8055877685547,174.0800018310547,174.2100067138672,171.5399932861328,173.3800048828125,141900
2024-07-05,171.82872009277344,172.10000610351562,172.47000122070312,170.19000244140625,170.44000244140625,300800
2024-07-08,172.56753540039062,172.83999633789062,174.0399932861328,172.16000366210938,173.27999877929688,287600
2024-07-09,172.8371124267578,173.11000061035156,174.00999450683594,172.74000549316406,173.13999938964844,268600
2024-07-10,176.42144775390625,176.6999969482422,176.8000030517578,173.60000610351562,173.6300048828125,305600
2024-07-11,176.79087829589844,177.07000732421875,178.4199981689453,176.0500030517578,178.4199981689453,239800
2024-07-12,176.42144775390625,176.6999969482422,178.77000427246094,175.75,177.8000030517578,204900
2024-07-15,178.73780822753906,179.02000427246094,180.5800018310547,177.89999389648438,178.35000610351562,222100
2024-07-16,186.9348602294922,187.22999572753906,187.82000732421875,179.4199981689453,179.4199981689453,380900
2024-07-17,179.1471405029297,179.42999267578125,188.1999969482422,179.13999938964844,186.08999633789062,694800
2024-07-18,177.74935913085938,178.02999877929688,181.16000366210938,177.44000244140625,179.02000427246094,359300
2024-07-19,176.26170349121094,176.5399932861328,178.82000732421875,175.99000549316406,178.19000244140625,391800
2024-07-22,179.55650329589844,179.83999633789062,179.9199981689453,175.47000122070312,177.6199951171875,307400
2024-07-23,183.54022216796875,183.8300018310547,184.8000030517578,179.10000610351562,179.10000610351562,274000
2024-07-24,176.89071655273438,177.1699981689453,184.38999938964844,176.77000427246094,182.3300018310547,387400
2024-07-25,179.0572967529297,179.33999633789062,182.9199981689453,175.35000610351562,177.1300048828125,494000
2024-07-26,182.84132385253906,183.1300048828125,184.97000122070312,181.75999450683594,182.2100067138672,484700
2024-07-29,182.90122985839844,183.19000244140625,184.8699951171875,181.6699981689453,182.8300018310547,593400
2024-07-30,151.49081420898438,151.72999572753906,159.8300018310547,148.66000366210938,153.11000061035156,3027800
2024-07-31,155.74411010742188,155.99000549316406,159.32000732421875,153.5500030517578,155.67999267578125,1279800
2024-08-01,154.66580200195312,154.91000366210938,160.47999572753906,153.00999450683594,156.22000122070312,916300
2024-08-02,152.1198272705078,152.36000061035156,152.86000061035156,149.25,151.00999450683594,697800
2024-08-05,152.5791015625,152.82000732421875,154.30999755859375,145.97999572753906,147.50999450683594,648300
2024-08-06,153.7073211669922,153.9499969482422,156.10000610351562,153.05999755859375,153.05999755859375,537900
2024-08-07,152.7388458251953,152.97999572753906,157.47000122070312,152.69000244140625,156.27000427246094,510900
2024-08-08,157.36155700683594,157.61000061035156,157.85000610351562,154.2100067138672,154.2100067138672,339600
2024-08-09,156.67263793945312,156.9199981689453,158.60000610351562,155.42999267578125,157.85000610351562,319800
2024-08-12,155.99371337890625,156.24000549316406,157.3000030517578,155.11000061035156,157.07000732421875,338700
2024-08-13,155.7940216064453,156.0399932861328,157.74000549316406,154.74000549316406,157.35000610351562,387800
2024-08-14,154.16659545898438,154.41000366210938,156.89999389648438,154.07000732421875,156.89999389648438,363200
2024-08-15,155.88388061523438,156.1300048828125,157.08999633789062,154.83999633789062,156.33999633789062,341100
2024-08-16,155.4146270751953,155.66000366210938,156.9600067138672,155.02999877929688,156.1300048828125,288800
2024-08-19,155.2249298095703,155.47000122070312,156.55999755859375,154.99000549316406,155.50999450683594,268200
2024-08-20,153.49765014648438,153.74000549316406,155.38999938964844,153.05999755859375,155.22999572753906,218300
2024-08-21,158.33999633789062,158.58999633789062,159.1999969482422,155.52999877929688,155.9199981689453,392400
2024-08-22,159.13999938964844,159.13999938964844,160.39999389648438,157.49000549316406,158.58999633789062,308100
2024-08-23,162.52000427246094,162.52000427246094,163.1999969482422,159.57000732421875,160.13999938964844,435500
2024-08-26,162.64999389648438,162.64999389648438,163.9499969482422,161.7100067138672,162.5800018310547,250900
2024-08-27,166.13999938964844,166.13999938964844,166.6199951171875,161.24000549316406,162.3800048828125,494200
2024-08-28,164.8300018310547,164.8300018310547,167.88999938964844,162.3000030517578,166.42999267578125,575100
2024-08-29,166.8300018310547,166.8300018310547,169.0800018310547,165.58999633789062,166.17999267578125,421300
2024-08-30,166.64999389648438,166.64999389648438,168.69000244140625,165.0800018310547,166.91000366210938,523200
2024-09-03,159.3699951171875,159.3699951171875,165.08999633789062,158.88999938964844,164.7100067138672,460700
2024-09-04,162.0500030517578,162.0500030517578,162.80999755859375,158.6199951171875,158.7899932861328,551800
2024-09-05,161.72000122070312,161.72000122070312,162.6699981689453,160.69000244140625,162.19000244140625,467400
2024-09-06,159.41000366210938,159.41000366210938,162.99000549316406,157.86000061035156,161.75,514600
2024-09-09,164.36000061035156,164.36000061035156,164.47000122070312,160.75999450683594,160.82000732421875,467300
2024-09-10,163.22999572753906,163.22999572753906,165.44000244140625,162.6199951171875,165.44000244140625,456900
2024-09-11,164.83999633789062,164.83999633789062,165.11000061035156,159.58999633789062,163.64999389648438,348700
2024-09-12,167.24000549316406,167.24000549316406,167.3800048828125,164.60000610351562,165.42999267578125,352500
2024-09-13,165.11000061035156,165.11000061035156,168.0,164.83999633789062,166.85000610351562,313900
2024-09-16,163.13999938964844,163.13999938964844,166.52000427246094,161.05999755859375,165.47000122070312,417500
2024-09-17,165.08999633789062,165.08999633789062,165.44000244140625,161.80999755859375,163.1699981689453,349300
2024-09-18,164.4199981689453,164.4199981689453,168.4199981689453,164.2100067138672,166.0,413200
2024-09-19,167.77000427246094,167.77000427246094,168.27999877929688,165.02999877929688,167.80999755859375,482200
2024-09-20,168.0399932861328,168.0399932861328,168.77999877929688,165.47999572753906,166.5399932861328,1116000
2024-09-23,169.80999755859375,169.80999755859375,170.4499969482422,168.0800018310547,168.67999267578125,239000
2024-09-24,169.27999877929688,169.27999877929688,170.41000366210938,168.19000244140625,170.41000366210938,201500
2024-09-25,169.2899932861328,169.2899932861328,171.24000549316406,168.85000610351562,169.77000427246094,208400
2024-09-26,170.42999267578125,170.42999267578125,172.3699951171875,169.32000732421875,170.50999450683594,231600
2024-09-27,170.50999450683594,170.50999450683594,171.66000366210938,169.30999755859375,171.66000366210938,255100
2024-09-30,171.50999450683594,171.50999450683594,171.58999633789062,169.16000366210938,170.3300018310547,267200
2024-10-01,169.33999633789062,169.33999633789062,170.36000061035156,167.3699951171875,170.36000061035156,342600
2024-10-02,171.4499969482422,171.4499969482422,172.5399932861328,169.02000427246094,169.6199951171875,304000
2024-10-03,166.27000427246094,166.27000427246094,171.41000366210938,166.13999938964844,171.10000610351562,430100
2024-10-04,167.6199951171875,167.6199951171875,167.72000122070312,163.3000030517578,164.97999572753906,535900
2024-10-07,165.7100067138672,165.7100067138672,168.13999938964844,164.19000244140625,167.0,363200
2024-10-08,161.1300048828125,161.1300048828125,165.8000030517578,160.9600067138672,165.17999267578125,665900
2024-10-09,161.97999572753906,161.97999572753906,162.57000732421875,160.22999572753906,161.1300048828125,367800
2024-10-10,159.7100067138672,159.7100067138672,160.7899932861328,158.17999267578125,160.75,451700
2024-10-11,163.74000549316406,163.74000549316406,164.38999938964844,159.27999877929688,159.7100067138672,278300
2024-10-14,165.38999938964844,165.38999938964844,165.60000610351562,163.33999633789062,164.1999969482422,284200
2024-10-15,164.16000366210938,164.16000366210938,164.8300018310547,162.2899932861328,164.52000427246094,327800
2024-10-16,165.6300048828125,165.6300048828125,166.25999450683594,164.69000244140625,164.69000244140625,232200
2024-10-17,165.44000244140625,165.44000244140625,167.0399932861328,164.52000427246094,167.0399932861328,334900
2024-10-18,165.0,165.0,166.10000610351562,164.4600067138672,166.10000610351562,183700
2024-10-21,165.47000122070312,165.47000122070312,166.24000549316406,164.63999938964844,165.6999969482422,269300
2024-10-22,164.30999755859375,164.30999755859375,164.8300018310547,162.99000549316406,164.8300018310547,281100
2024-10-23,164.41000366210938,164.41000366210938,164.69000244140625,163.22000122070312,163.97999572753906,214800
2024-10-24,161.52000427246094,161.52000427246094,164.30999755859375,161.44000244140625,164.17999267578125,278600
2024-10-25,164.0399932861328,164.0399932861328,164.1699981689453,161.97000122070312,162.52999877929688,303700
2024-10-28,164.8800048828125,164.8800048828125,165.92999267578125,163.36000061035156,164.99000549316406,313000
2024-10-29,163.89999389648438,163.89999389648438,164.57000732421875,162.10000610351562,163.94000244140625,425600
2024-10-30,165.3000030517578,165.3000030517578,166.6999969482422,162.60000610351562,162.60000610351562,337400
2024-10-31,164.08999633789062,164.08999633789062,165.0,162.02999877929688,164.6199951171875,327500
2024-11-01,161.32000732421875,161.32000732421875,164.82000732421875,161.14999389648438,164.2100067138672,458400
2024-11-04,163.8800048828125,163.8800048828125,164.38999938964844,160.97999572753906,161.61000061035156,519900
2024-11-05,166.57000732421875,166.57000732421875,167.9499969482422,163.0,164.0,484400
2024-11-06,172.52000427246094,172.52000427246094,173.44000244140625,168.8000030517578,170.55999755859375,737000
2024-11-07,176.97000122070312,176.97000122070312,177.7100067138672,172.0,172.94000244140625,1035600
2024-11-08,178.4499969482422,178.4499969482422,180.13999938964844,176.85000610351562,177.91000366210938,499300
2024-11-11,176.63999938964844,176.63999938964844,179.58999633789062,176.2100067138672,179.05999755859375,377000
2024-11-12,175.22999572753906,175.22999572753906,177.41000366210938,173.89999389648438,176.52000427246094,384500
2024-11-13,175.7100067138672,175.7100067138672,177.86000061035156,174.25999450683594,175.5500030517578,349100
2024-11-14,172.88999938964844,172.88999938964844,176.77000427246094,172.1199951171875,175.74000549316406,352400
2024-11-15,169.5500030517578,169.5500030517578,173.27999877929688,169.25,173.0,282500
2024-11-18,169.91000366210938,169.91000366210938,170.86000061035156,168.49000549316406,169.8300018310547,289000
2024-11-19,170.85000610351562,170.85000610351562,171.05999755859375,168.0800018310547,168.83999633789062,584800
2024-11-20,172.1699981689453,172.1699981689453,173.02999877929688,169.38999938964844,171.64999389648438,813100
2024-11-21,172.5399932861328,172.5399932861328,174.41000366210938,171.86000061035156,172.67999267578125,557900
2024-11-22,176.0500030517578,176.0500030517578,176.22999572753906,172.72000122070312,173.6199951171875,840200
2024-11-25,179.2899932861328,179.2899932861328,180.7899932861328,177.32000732421875,178.0,1052700
2024-11-26,187.2899932861328,187.2899932861328,201.63999938964844,186.80999755859375,198.50999450683594,1729400
2024-11-27,179.0500030517578,179.0500030517578,190.0,178.94000244140625,187.50999450683594,827300
2024-11-29,180.32000732421875,180.32000732421875,182.13999938964844,178.8000030517578,179.5,349600
2024-12-02,178.35000610351562,178.35000610351562,180.3000030517578,176.7899932861328,180.25999450683594,482300
2024-12-03,181.1699981689453,181.1699981689453,181.72999572753906,177.55999755859375,177.97000122070312,509900
2024-12-04,183.83999633789062,183.83999633789062,184.8699951171875,180.67999267578125,181.22000122070312,477100
2024-12-05,181.32000732421875,181.32000732421875,183.83999633789062,180.42999267578125,183.83999633789062,378100
2024-12-06,179.7100067138672,179.7100067138672,182.61000061035156,179.49000549316406,181.1999969482422,310600
2024-12-09,179.72999572753906,179.72999572753906,181.3300018310547,178.05999755859375,180.7100067138672,506600
2024-12-10,182.1199951171875,182.1199951171875,183.24000549316406,178.60000610351562,179.2899932861328,559900
2024-12-11,179.5399932861328,179.5399932861328,183.19000244140625,179.0500030517578,183.19000244140625,360300
2024-12-12,176.22999572753906,176.22999572753906,179.57000732421875,176.02000427246094,179.0500030517578,312400
2024-12-13,175.10000610351562,175.10000610351562,176.85000610351562,174.72000122070312,176.22999572753906,276600
2024-12-16,174.72000122070312,174.72000122070312,176.6999969482422,174.02000427246094,174.91000366210938,297700
2024-12-17,172.6199951171875,172.6199951171875,173.72999572753906,170.61000061035156,173.22999572753906,401300
2024-12-18,167.64999389648438,167.64999389648438,173.44000244140625,167.47999572753906,172.6199951171875,334200
2024-12-19,168.13999938964844,168.13999938964844,171.3800048828125,166.1699981689453,168.52000427246094,330100
2024-12-20,168.6999969482422,168.6999969482422,169.75999450683594,165.52000427246094,166.6199951171875,912600
2024-12-23,170.22000122070312,170.22000122070312,170.52999877929688,167.5800018310547,169.0,351600
2024-12-24,170.77999877929688,170.77999877929688,171.6300048828125,169.57000732421875,170.27999877929688,126800
